2026-06-23 12:11:24,021 [INFO] [DRY-RUN] 스케줄러 시작
2026-06-23 12:11:24,685 [INFO] 파이프라인 시작 2026-06-23 12:11:24
2026-06-23 12:11:24,686 [INFO] 오늘 1건 발행됨, 4건 남음
2026-06-23 12:11:24,705 [INFO] 처리 중: 수산동물질병 예방백신 공급 지원
2026-06-23 12:11:24,705 [INFO] [DRY] 글쓰기 스킵 | category=insurance | persona=general
2026-06-23 12:11:24,716 [INFO] 처리 중: 수산동물질병 예방백신 공급 지원
2026-06-23 12:11:24,716 [INFO] [DRY] 글쓰기 스킵 | category=insurance | persona=general
2026-06-23 12:11:24,724 [INFO] 처리 중: 수산동물질병 예방백신 공급 지원
2026-06-23 12:11:24,724 [INFO] [DRY] 글쓰기 스킵 | category=insurance | persona=general
2026-06-23 12:11:24,731 [INFO] 처리 중: 수산동물질병 예방백신 공급 지원
2026-06-23 12:11:24,731 [INFO] [DRY] 글쓰기 스킵 | category=insurance | persona=general
2026-06-23 12:11:24,731 [INFO] 발행 없음
2026-06-23 12:11:24,731 [INFO] 파이프라인 종료 2026-06-23 12:11:24
2026-06-23 12:11:24,731 [INFO] 스케줄러 정상 종료
2026-06-23 12:21:18,399 [INFO] [DRY-RUN] 스케줄러 시작
2026-06-23 12:21:19,010 [INFO] 파이프라인 시작 2026-06-23 12:21:19
2026-06-23 12:21:19,011 [INFO] 오늘 1건 발행됨, 4건 남음
2026-06-23 12:21:19,028 [INFO] 처리 중: 수산동물질병 예방백신 공급 지원
2026-06-23 12:21:19,028 [INFO] [DRY] 글쓰기 스킵 | category=insurance | persona=general
2026-06-23 12:21:19,031 [INFO] 처리 중: 수산동물질병 예방백신 공급 지원
2026-06-23 12:21:19,031 [INFO] [DRY] 글쓰기 스킵 | category=insurance | persona=general
2026-06-23 12:21:19,034 [INFO] 처리 중: 수산동물질병 예방백신 공급 지원
2026-06-23 12:21:19,034 [INFO] [DRY] 글쓰기 스킵 | category=insurance | persona=general
2026-06-23 12:21:19,037 [INFO] 처리 중: 수산동물질병 예방백신 공급 지원
2026-06-23 12:21:19,037 [INFO] [DRY] 글쓰기 스킵 | category=insurance | persona=general
2026-06-23 12:21:19,037 [INFO] 발행 없음
2026-06-23 12:21:19,037 [INFO] 파이프라인 종료 2026-06-23 12:21:19
2026-06-23 12:21:19,037 [INFO] 스케줄러 정상 종료
2026-06-24 09:00:05,440 [INFO] 스케줄러 시작
2026-06-24 09:00:06,168 [INFO] 파이프라인 시작 2026-06-24 09:00:06
2026-06-24 09:00:06,170 [INFO] 오늘 5건 발행됨, 994건 남음
2026-06-24 09:00:06,192 [INFO] 처리 중: 인플루엔자 국가예방접종 지원
2026-06-24 09:00:07,277 [INFO] HTTP Request: POST https://integrate.api.nvidia.com/v1/chat/completions "HTTP/1.1 200 OK"
2026-06-24 09:01:41,091 [INFO] Retrying request to /chat/completions in 0.379249 seconds
2026-06-24 09:03:07,397 [INFO] HTTP Request: POST https://integrate.api.nvidia.com/v1/chat/completions "HTTP/1.1 200 OK"
2026-06-24 09:03:07,422 [INFO] 제목 추출: 맞벌이 신혼부부를 위한 인플루엔자 국가예방접종 대상 및 시기 총정리
2026-06-24 09:03:07,864 [INFO] [reviewer] ['Mimo 검수 실패: HTTPSConnectionPool(host=\'api.mimo.kr\', port=443): Max retries exceeded with url: /v2_5/complete (Caused by NameResolutionError("HTTPSConnection(host=\'api.mimo.kr\', port=443): Failed to resolve \'api.mimo.kr\' ([Errno 8] nodename nor servname provided, or not known)"))', '마커 fallback 삽입']
2026-06-24 09:03:07,866 [INFO] [validator] 수정됨: ['HEADING_MISSING:이란?', 'HEADING_MISSING:방법']
2026-06-24 09:03:08,786 [INFO] 저장: /Users/twinssn/Projects/money-aikorea24/src/content/blog/맞벌이-신혼부부를-위한-인플루엔자-국가예방접종-대상-및-시기-총정리-000115.md
2026-06-24 09:03:08,790 [INFO] 발행 성공: 맞벌이 신혼부부를 위한 인플루엔자 국가예방접종 대상 및 시기 총정리 | insurance | google/diffusiongemma-26b-a4b-it
2026-06-24 09:03:08,821 [INFO] 처리 중: 코스피 소형주 지수 시세 (20260622)
2026-06-24 09:03:09,109 [INFO] HTTP Request: POST https://integrate.api.nvidia.com/v1/chat/completions "HTTP/1.1 200 OK"
2026-06-24 09:04:35,420 [INFO] HTTP Request: POST https://integrate.api.nvidia.com/v1/chat/completions "HTTP/1.1 200 OK"
2026-06-24 09:04:35,429 [INFO] 제목 추출: 2040 직장인, 코스피 소형주 지수 하락에 대응하는 투자 전략 총정리
2026-06-24 09:04:35,439 [INFO] [reviewer] ['Mimo 검수 실패: HTTPSConnectionPool(host=\'api.mimo.kr\', port=443): Max retries exceeded with url: /v2_5/complete (Caused by NameResolutionError("HTTPSConnection(host=\'api.mimo.kr\', port=443): Failed to resolve \'api.mimo.kr\' ([Errno 8] nodename nor servname provided, or not known)"))']
2026-06-24 09:04:35,440 [INFO] [validator] 수정됨: ['HEADING_MISSING:이란?', 'HEADING_MISSING:방법']
2026-06-24 09:04:35,963 [INFO] 저장: /Users/twinssn/Projects/money-aikorea24/src/content/blog/2040-직장인-코스피-소형주-지수-하락에-대응하는-투자-전략-총정리-260622.md
2026-06-24 09:04:35,967 [INFO] 발행 성공: 2040 직장인, 코스피 소형주 지수 하락에 대응하는 투자 전략 총정리 | invest | google/diffusiongemma-26b-a4b-it
2026-06-24 09:04:36,000 [INFO] 처리 중: 무더위 안전숙소 운영
2026-06-24 09:04:36,305 [INFO] HTTP Request: POST https://integrate.api.nvidia.com/v1/chat/completions "HTTP/1.1 200 OK"
2026-06-24 09:05:39,929 [INFO] HTTP Request: POST https://integrate.api.nvidia.com/v1/chat/completions "HTTP/1.1 200 OK"
2026-06-24 09:05:39,936 [INFO] 제목 추출: 40대 무주택 직장인, 여름철 폭염 대비 무더위 안전숙소 혜택 총정리
2026-06-24 09:05:39,945 [INFO] [reviewer] ['Mimo 검수 실패: HTTPSConnectionPool(host=\'api.mimo.kr\', port=443): Max retries exceeded with url: /v2_5/complete (Caused by NameResolutionError("HTTPSConnection(host=\'api.mimo.kr\', port=443): Failed to resolve \'api.mimo.kr\' ([Errno 8] nodename nor servname provided, or not known)"))']
2026-06-24 09:05:39,946 [INFO] [validator] 수정됨: ['HEADING_MISSING:이란?']
2026-06-24 09:05:40,443 [INFO] 저장: /Users/twinssn/Projects/money-aikorea24/src/content/blog/40대-무주택-직장인-여름철-폭염-대비-무더위-안전숙소-혜택-총정리-000127.md
2026-06-24 09:05:40,446 [INFO] 발행 성공: 40대 무주택 직장인, 여름철 폭염 대비 무더위 안전숙소 혜택 총정리 | loan | google/diffusiongemma-26b-a4b-it
2026-06-24 09:05:40,478 [INFO] 처리 중: 원산지검증 대응 지원
2026-06-24 09:05:40,848 [INFO] HTTP Request: POST https://integrate.api.nvidia.com/v1/chat/completions "HTTP/1.1 200 OK"
2026-06-24 09:06:47,008 [INFO] HTTP Request: POST https://integrate.api.nvidia.com/v1/chat/completions "HTTP/1.1 200 OK"
2026-06-24 09:06:47,017 [INFO] 제목 추출: 3040 수출 직장인을 위한 2025 원산지검증 대응 컨설팅 지원사업 총
2026-06-24 09:06:47,033 [INFO] [reviewer] ['Mimo 검수 실패: HTTPSConnectionPool(host=\'api.mimo.kr\', port=443): Max retries exceeded with url: /v2_5/complete (Caused by NameResolutionError("HTTPSConnection(host=\'api.mimo.kr\', port=443): Failed to resolve \'api.mimo.kr\' ([Errno 8] nodename nor servname provided, or not known)"))']
2026-06-24 09:06:47,033 [INFO] [validator] 수정됨: ['HEADING_MISSING:이란?']
2026-06-24 09:06:47,634 [INFO] 저장: /Users/twinssn/Projects/money-aikorea24/src/content/blog/3040-수출-직장인을-위한-2025-원산지검증-대응-컨설팅-지원사업-총정리-000003.md
2026-06-24 09:06:47,637 [INFO] 발행 성공: 3040 수출 직장인을 위한 2025 원산지검증 대응 컨설팅 지원사업 총 | general | google/diffusiongemma-26b-a4b-it
2026-06-24 09:06:47,666 [INFO] 처리 중: 학교 흡연예방 사업
2026-06-24 09:06:47,972 [INFO] HTTP Request: POST https://integrate.api.nvidia.com/v1/chat/completions "HTTP/1.1 200 OK"
2026-06-24 09:08:03,855 [INFO] HTTP Request: POST https://integrate.api.nvidia.com/v1/chat/completions "HTTP/1.1 200 OK"
2026-06-24 09:08:03,871 [INFO] 제목 추출: 맞벌이 신혼부부 자녀를 위한 학교 흡연예방 교육 및 혜택 총정리
2026-06-24 09:08:03,885 [INFO] [reviewer] ['Mimo 검수 실패: HTTPSConnectionPool(host=\'api.mimo.kr\', port=443): Max retries exceeded with url: /v2_5/complete (Caused by NameResolutionError("HTTPSConnection(host=\'api.mimo.kr\', port=443): Failed to resolve \'api.mimo.kr\' ([Errno 8] nodename nor servname provided, or not known)"))']
2026-06-24 09:08:04,432 [INFO] 저장: /Users/twinssn/Projects/money-aikorea24/src/content/blog/맞벌이-신혼부부-자녀를-위한-학교-흡연예방-교육-및-혜택-총정리-000116.md
2026-06-24 09:08:04,436 [INFO] 발행 성공: 맞벌이 신혼부부 자녀를 위한 학교 흡연예방 교육 및 혜택 총정리 | insurance | google/diffusiongemma-26b-a4b-it
2026-06-24 09:08:04,469 [INFO] 처리 중: 도전숙 입주자 모집
2026-06-24 09:08:04,765 [INFO] HTTP Request: POST https://integrate.api.nvidia.com/v1/chat/completions "HTTP/1.1 200 OK"
2026-06-24 09:09:24,079 [INFO] HTTP Request: POST https://integrate.api.nvidia.com/v1/chat/completions "HTTP/1.1 200 OK"
2026-06-24 09:09:24,090 [INFO] 제목 추출: 무주택 직장인, 월세 아끼고 창업 공간까지 얻는 '성북구 도전숙' 총정리
2026-06-24 09:09:24,105 [INFO] [reviewer] ['Mimo 검수 실패: HTTPSConnectionPool(host=\'api.mimo.kr\', port=443): Max retries exceeded with url: /v2_5/complete (Caused by NameResolutionError("HTTPSConnection(host=\'api.mimo.kr\', port=443): Failed to resolve \'api.mimo.kr\' ([Errno 8] nodename nor servname provided, or not known)"))']
2026-06-24 09:09:24,107 [INFO] [validator] 수정됨: ['HEADING_MISSING:이란?', 'HEADING_MISSING:방법']
2026-06-24 09:09:24,639 [INFO] 저장: /Users/twinssn/Projects/money-aikorea24/src/content/blog/무주택-직장인-월세-아끼고-창업-공간까지-얻는-성북구-도전숙-총정리-000167.md
2026-06-24 09:09:24,643 [INFO] 발행 성공: 무주택 직장인, 월세 아끼고 창업 공간까지 얻는 '성북구 도전숙' 총정리 | loan | google/diffusiongemma-26b-a4b-it
2026-06-24 09:09:24,678 [INFO] 처리 중: 성북구 전세사기피해자 지원
2026-06-24 09:09:25,056 [INFO] HTTP Request: POST https://integrate.api.nvidia.com/v1/chat/completions "HTTP/1.1 200 OK"
2026-06-24 09:10:52,410 [INFO] HTTP Request: POST https://integrate.api.nvidia.com/v1/chat/completions "HTTP/1.1 200 OK"
2026-06-24 09:10:52,420 [INFO] 제목 추출: 성북구 직장인, 전세사기 피해 이사비와 소송비 지원 혜택 총정리
2026-06-24 09:10:52,429 [INFO] [reviewer] ['Mimo 검수 실패: HTTPSConnectionPool(host=\'api.mimo.kr\', port=443): Max retries exceeded with url: /v2_5/complete (Caused by NameResolutionError("HTTPSConnection(host=\'api.mimo.kr\', port=443): Failed to resolve \'api.mimo.kr\' ([Errno 8] nodename nor servname provided, or not known)"))']
2026-06-24 09:10:52,429 [INFO] [validator] 수정됨: ['HEADING_MISSING:이란?']
2026-06-24 09:10:52,902 [INFO] 저장: /Users/twinssn/Projects/money-aikorea24/src/content/blog/성북구-직장인-전세사기-피해-이사비와-소송비-지원-혜택-총정리-000220.md
2026-06-24 09:10:52,949 [INFO] 발행 성공: 성북구 직장인, 전세사기 피해 이사비와 소송비 지원 혜택 총정리 | loan | google/diffusiongemma-26b-a4b-it
2026-06-24 09:10:52,984 [INFO] 처리 중: 치매 상담콜센터 운영
2026-06-24 09:10:53,393 [INFO] HTTP Request: POST https://integrate.api.nvidia.com/v1/chat/completions "HTTP/1.1 200 OK"
2026-06-24 09:12:10,241 [INFO] HTTP Request: POST https://integrate.api.nvidia.com/v1/chat/completions "HTTP/1.1 200 OK"
2026-06-24 09:12:10,248 [INFO] 제목 추출: 맞벌이 신혼부부, 부모님 치매 걱정 덜어주는 국가 상담 서비스 활용법 총
2026-06-24 09:12:10,257 [INFO] [reviewer] ['Mimo 검수 실패: HTTPSConnectionPool(host=\'api.mimo.kr\', port=443): Max retries exceeded with url: /v2_5/complete (Caused by NameResolutionError("HTTPSConnection(host=\'api.mimo.kr\', port=443): Failed to resolve \'api.mimo.kr\' ([Errno 8] nodename nor servname provided, or not known)"))']
2026-06-24 09:12:10,257 [INFO] [validator] 수정됨: ['HEADING_MISSING:이란?']
2026-06-24 09:12:10,735 [INFO] 저장: /Users/twinssn/Projects/money-aikorea24/src/content/blog/맞벌이-신혼부부-부모님-치매-걱정-덜어주는-국가-상담-서비스-활용법-총정리-000124.md
2026-06-24 09:12:10,737 [INFO] 발행 성공: 맞벌이 신혼부부, 부모님 치매 걱정 덜어주는 국가 상담 서비스 활용법 총 | insurance | google/diffusiongemma-26b-a4b-it
2026-06-24 09:12:10,770 [INFO] 처리 중: 코스피 중형주 지수 시세 (20260622)
2026-06-24 09:12:11,060 [INFO] HTTP Request: POST https://integrate.api.nvidia.com/v1/chat/completions "HTTP/1.1 200 OK"
2026-06-24 09:13:40,820 [INFO] HTTP Request: POST https://integrate.api.nvidia.com/v1/chat/completions "HTTP/1.1 200 OK"
2026-06-24 09:13:40,830 [INFO] 제목 추출: 3040 직장인, 코스피 중형주 하락장에서 내 포트폴리오 지키는 법 총정
2026-06-24 09:13:40,838 [INFO] [reviewer] ['Mimo 검수 실패: HTTPSConnectionPool(host=\'api.mimo.kr\', port=443): Max retries exceeded with url: /v2_5/complete (Caused by NameResolutionError("HTTPSConnection(host=\'api.mimo.kr\', port=443): Failed to resolve \'api.mimo.kr\' ([Errno 8] nodename nor servname provided, or not known)"))']
2026-06-24 09:13:40,838 [INFO] [validator] 수정됨: ['HEADING_MISSING:이란?', 'HEADING_MISSING:방법']
2026-06-24 09:13:41,359 [INFO] 저장: /Users/twinssn/Projects/money-aikorea24/src/content/blog/3040-직장인-코스피-중형주-하락장에서-내-포트폴리오-지키는-법-총정리-260622.md
2026-06-24 09:13:41,362 [INFO] 발행 성공: 3040 직장인, 코스피 중형주 하락장에서 내 포트폴리오 지키는 법 총정 | invest | google/diffusiongemma-26b-a4b-it
2026-06-24 09:13:41,393 [INFO] 처리 중: 찾아가는 맞춤형 주거환경 개선 지원
2026-06-24 09:13:41,685 [INFO] HTTP Request: POST https://integrate.api.nvidia.com/v1/chat/completions "HTTP/1.1 200 OK"
2026-06-24 09:14:51,327 [INFO] HTTP Request: POST https://integrate.api.nvidia.com/v1/chat/completions "HTTP/1.1 200 OK"
2026-06-24 09:14:51,337 [INFO] 제목 추출: 무주택 직장인, 강북구 맞춤형 주거환경 개선 혜택 챙기는 법 총정리
2026-06-24 09:14:51,345 [INFO] [reviewer] ['Mimo 검수 실패: HTTPSConnectionPool(host=\'api.mimo.kr\', port=443): Max retries exceeded with url: /v2_5/complete (Caused by NameResolutionError("HTTPSConnection(host=\'api.mimo.kr\', port=443): Failed to resolve \'api.mimo.kr\' ([Errno 8] nodename nor servname provided, or not known)"))']
2026-06-24 09:14:51,346 [INFO] [validator] 수정됨: ['HEADING_MISSING:이란?']
2026-06-24 09:14:51,832 [INFO] 저장: /Users/twinssn/Projects/money-aikorea24/src/content/blog/무주택-직장인-강북구-맞춤형-주거환경-개선-혜택-챙기는-법-총정리-000125.md
2026-06-24 09:14:51,835 [INFO] 발행 성공: 무주택 직장인, 강북구 맞춤형 주거환경 개선 혜택 챙기는 법 총정리 | loan | google/diffusiongemma-26b-a4b-it
2026-06-24 09:14:51,875 [INFO] 처리 중: 치매 치료관리비 지원
2026-06-24 09:14:52,187 [INFO] HTTP Request: POST https://integrate.api.nvidia.com/v1/chat/completions "HTTP/1.1 200 OK"
2026-06-24 09:16:07,452 [INFO] HTTP Request: POST https://integrate.api.nvidia.com/v1/chat/completions "HTTP/1.1 200 OK"
2026-06-24 09:16:07,462 [INFO] 제목 추출: 맞벌이 신혼부부 부모님 치매 치료비 월 3만 원 지원 혜택 받는 법 총정
2026-06-24 09:16:07,472 [INFO] [reviewer] ['Mimo 검수 실패: HTTPSConnectionPool(host=\'api.mimo.kr\', port=443): Max retries exceeded with url: /v2_5/complete (Caused by NameResolutionError("HTTPSConnection(host=\'api.mimo.kr\', port=443): Failed to resolve \'api.mimo.kr\' ([Errno 8] nodename nor servname provided, or not known)"))']
2026-06-24 09:16:07,473 [INFO] [validator] 수정됨: ['HEADING_MISSING:이란?']
2026-06-24 09:16:07,933 [INFO] 저장: /Users/twinssn/Projects/money-aikorea24/src/content/blog/맞벌이-신혼부부-부모님-치매-치료비-월-3만-원-지원-혜택-받는-법-총정리-000125.md
2026-06-24 09:16:07,936 [INFO] 발행 성공: 맞벌이 신혼부부 부모님 치매 치료비 월 3만 원 지원 혜택 받는 법 총정 | insurance | google/diffusiongemma-26b-a4b-it
2026-06-24 09:16:07,970 [INFO] 처리 중: 아동복지시설 만기퇴소 청소년 자립정착금 지원
2026-06-24 09:16:08,406 [INFO] HTTP Request: POST https://integrate.api.nvidia.com/v1/chat/completions "HTTP/1.1 200 OK"
2026-06-24 09:17:27,237 [INFO] HTTP Request: POST https://integrate.api.nvidia.com/v1/chat/completions "HTTP/1.1 200 OK"
2026-06-24 09:17:27,244 [INFO] 제목 추출: 3040 직장인 자녀를 둔 부모라면, 자립정착금 200만원 챙기는 법 총
2026-06-24 09:17:27,253 [INFO] [reviewer] ['Mimo 검수 실패: HTTPSConnectionPool(host=\'api.mimo.kr\', port=443): Max retries exceeded with url: /v2_5/complete (Caused by NameResolutionError("HTTPSConnection(host=\'api.mimo.kr\', port=443): Failed to resolve \'api.mimo.kr\' ([Errno 8] nodename nor servname provided, or not known)"))', '마커 fallback 삽입']
2026-06-24 09:17:27,254 [INFO] [validator] 수정됨: ['HEADING_MISSING:이란?']
2026-06-24 09:17:27,732 [INFO] 저장: /Users/twinssn/Projects/money-aikorea24/src/content/blog/3040-직장인-자녀를-둔-부모라면-자립정착금-200만원-챙기는-법-총정리-000101.md
2026-06-24 09:17:27,735 [INFO] 발행 성공: 3040 직장인 자녀를 둔 부모라면, 자립정착금 200만원 챙기는 법 총 | loan | google/diffusiongemma-26b-a4b-it
2026-06-24 09:17:27,768 [INFO] 처리 중: 취약계층 무료 법률서비스 제공(법률홈닥터 변호사)
2026-06-24 09:17:28,143 [INFO] HTTP Request: POST https://integrate.api.nvidia.com/v1/chat/completions "HTTP/1.1 200 OK"
2026-06-24 09:17:33,040 [INFO] HTTP Request: POST https://integrate.api.nvidia.com/v1/chat/completions "HTTP/1.1 200 OK"
2026-06-24 09:19:05,930 [INFO] Retrying request to /chat/completions in 0.478216 seconds
2026-06-24 09:19:06,565 [INFO] Retrying request to /chat/completions in 0.823128 seconds
2026-06-24 09:19:07,536 [INFO] 제목 추출: 30대 직장인, 법적 분쟁 시 변호사 비용 걱정 없는 법률홈닥터 총정리
2026-06-24 09:19:07,545 [INFO] [reviewer] ['Mimo 검수 실패: HTTPSConnectionPool(host=\'api.mimo.kr\', port=443): Max retries exceeded with url: /v2_5/complete (Caused by NameResolutionError("HTTPSConnection(host=\'api.mimo.kr\', port=443): Failed to resolve \'api.mimo.kr\' ([Errno 8] nodename nor servname provided, or not known)"))']
2026-06-24 09:19:07,546 [INFO] [validator] 수정됨: ['HEADING_MISSING:이란?', 'HEADING_MISSING:방법']
2026-06-24 09:19:17,156 [INFO] 저장: /Users/twinssn/Projects/money-aikorea24/src/content/blog/30대-직장인-법적-분쟁-시-변호사-비용-걱정-없는-법률홈닥터-총정리-000002.md
2026-06-24 09:19:17,160 [INFO] 발행 성공: 30대 직장인, 법적 분쟁 시 변호사 비용 걱정 없는 법률홈닥터 총정리 | general | google/diffusiongemma-26b-a4b-it
2026-06-24 09:19:17,191 [INFO] 처리 중: 저장장애가구 주거환경개선 지원
2026-06-24 09:19:17,208 [INFO] Retrying request to /chat/completions in 0.384807 seconds
2026-06-24 09:19:17,737 [INFO] Retrying request to /chat/completions in 0.896318 seconds
2026-06-24 09:19:19,934 [INFO] Retrying request to /chat/completions in 0.394532 seconds
2026-06-24 09:19:20,476 [INFO] Retrying request to /chat/completions in 0.898422 seconds
2026-06-24 09:19:21,534 [INFO] Retrying request to /chat/completions in 0.402205 seconds
2026-06-24 09:19:22,070 [INFO] Retrying request to /chat/completions in 0.905176 seconds
2026-06-24 09:19:23,144 [INFO] Retrying request to /chat/completions in 0.475538 seconds
2026-06-24 09:19:23,766 [INFO] Retrying request to /chat/completions in 0.930739 seconds
2026-06-24 09:19:24,853 [WARNING] [WARN] GPT 실패: 저장장애가구 주거환경개선 지원
2026-06-24 09:19:24,858 [WARNING] Telegram 전송 실패: HTTPSConnectionPool(host='api.telegram.org', port=443): Max retries exceeded with url: /bot8511728557:AAG_ptk12qLweRTVRusZqif8JpZAhbZd9n8/sendMessage (Caused by NameResolutionError("HTTPSConnection(host='api.telegram.org', port=443): Failed to resolve 'api.telegram.org' ([Errno 8] nodename nor servname provided, or not known)"))
2026-06-24 09:19:24,874 [INFO] 처리 중: 중증장애인 자립생활 지원(장애인 활동지원 구비추가)
2026-06-24 09:19:24,885 [INFO] Retrying request to /chat/completions in 0.417801 seconds
2026-06-24 09:19:25,310 [INFO] Retrying request to /chat/completions in 0.847645 seconds
2026-06-24 09:19:27,465 [INFO] Retrying request to /chat/completions in 0.376163 seconds
2026-06-24 09:19:27,953 [INFO] Retrying request to /chat/completions in 0.798844 seconds
2026-06-24 09:19:28,883 [INFO] Retrying request to /chat/completions in 0.423961 seconds
2026-06-24 09:19:29,451 [INFO] Retrying request to /chat/completions in 0.869662 seconds
2026-06-24 09:19:30,480 [INFO] Retrying request to /chat/completions in 0.398306 seconds
2026-06-24 09:19:31,023 [INFO] Retrying request to /chat/completions in 0.985441 seconds
2026-06-24 09:19:32,155 [WARNING] [WARN] GPT 실패: 중증장애인 자립생활 지원(장애인 활동지원 구비추가)
2026-06-24 09:19:32,159 [WARNING] Telegram 전송 실패: HTTPSConnectionPool(host='api.telegram.org', port=443): Max retries exceeded with url: /bot8511728557:AAG_ptk12qLweRTVRusZqif8JpZAhbZd9n8/sendMessage (Caused by NameResolutionError("HTTPSConnection(host='api.telegram.org', port=443): Failed to resolve 'api.telegram.org' ([Errno 8] nodename nor servname provided, or not known)"))
2026-06-24 09:19:32,178 [INFO] 처리 중: 전문멘토 - 언제든 기댈 수 있는 어른
2026-06-24 09:19:32,189 [INFO] Retrying request to /chat/completions in 0.483224 seconds
2026-06-24 09:19:32,819 [INFO] Retrying request to /chat/completions in 0.987511 seconds
2026-06-24 09:19:35,116 [INFO] Retrying request to /chat/completions in 0.396476 seconds
2026-06-24 09:19:35,660 [INFO] Retrying request to /chat/completions in 0.999601 seconds
2026-06-24 09:19:36,827 [INFO] Retrying request to /chat/completions in 0.482896 seconds
2026-06-24 09:19:37,464 [INFO] Retrying request to /chat/completions in 0.804800 seconds
2026-06-24 09:19:38,436 [INFO] Retrying request to /chat/completions in 0.405188 seconds
2026-06-24 09:19:38,917 [INFO] Retrying request to /chat/completions in 0.939305 seconds
2026-06-24 09:19:39,955 [WARNING] [WARN] GPT 실패: 전문멘토 - 언제든 기댈 수 있는 어른
2026-06-24 09:19:39,958 [WARNING] Telegram 전송 실패: HTTPSConnectionPool(host='api.telegram.org', port=443): Max retries exceeded with url: /bot8511728557:AAG_ptk12qLweRTVRusZqif8JpZAhbZd9n8/sendMessage (Caused by NameResolutionError("HTTPSConnection(host='api.telegram.org', port=443): Failed to resolve 'api.telegram.org' ([Errno 8] nodename nor servname provided, or not known)"))
2026-06-24 09:19:39,975 [INFO] 처리 중: 찾아가는 「감정평가사 상담제」 운영
2026-06-24 09:19:39,986 [INFO] Retrying request to /chat/completions in 0.405364 seconds
2026-06-24 09:19:40,541 [INFO] Retrying request to /chat/completions in 0.991190 seconds
2026-06-24 09:19:42,835 [INFO] Retrying request to /chat/completions in 0.384699 seconds
2026-06-24 09:19:43,343 [INFO] Retrying request to /chat/completions in 0.886251 seconds
2026-06-24 09:19:44,395 [INFO] Retrying request to /chat/completions in 0.436037 seconds
2026-06-24 09:19:44,972 [INFO] Retrying request to /chat/completions in 0.815428 seconds
2026-06-24 09:19:45,953 [INFO] Retrying request to /chat/completions in 0.383751 seconds
2026-06-24 09:19:46,420 [INFO] Retrying request to /chat/completions in 0.775830 seconds
2026-06-24 09:19:47,339 [WARNING] [WARN] GPT 실패: 찾아가는 「감정평가사 상담제」 운영
2026-06-24 09:19:47,342 [WARNING] Telegram 전송 실패: HTTPSConnectionPool(host='api.telegram.org', port=443): Max retries exceeded with url: /bot8511728557:AAG_ptk12qLweRTVRusZqif8JpZAhbZd9n8/sendMessage (Caused by NameResolutionError("HTTPSConnection(host='api.telegram.org', port=443): Failed to resolve 'api.telegram.org' ([Errno 8] nodename nor servname provided, or not known)"))
2026-06-24 09:19:47,358 [INFO] 처리 중: 장애인 동료 상담 지원
2026-06-24 09:19:47,369 [INFO] Retrying request to /chat/completions in 0.470242 seconds
2026-06-24 09:19:47,985 [INFO] Retrying request to /chat/completions in 0.868815 seconds
2026-06-24 09:19:50,150 [INFO] Retrying request to /chat/completions in 0.431416 seconds
2026-06-24 09:19:50,733 [INFO] Retrying request to /chat/completions in 0.806620 seconds
2026-06-24 09:19:51,707 [INFO] Retrying request to /chat/completions in 0.488572 seconds
2026-06-24 09:19:52,349 [INFO] Retrying request to /chat/completions in 0.892768 seconds
2026-06-24 09:19:53,402 [INFO] Retrying request to /chat/completions in 0.447426 seconds
2026-06-24 09:19:54,001 [INFO] Retrying request to /chat/completions in 0.807832 seconds
2026-06-24 09:19:54,940 [WARNING] [WARN] GPT 실패: 장애인 동료 상담 지원
2026-06-24 09:19:54,943 [WARNING] Telegram 전송 실패: HTTPSConnectionPool(host='api.telegram.org', port=443): Max retries exceeded with url: /bot8511728557:AAG_ptk12qLweRTVRusZqif8JpZAhbZd9n8/sendMessage (Caused by NameResolutionError("HTTPSConnection(host='api.telegram.org', port=443): Failed to resolve 'api.telegram.org' ([Errno 8] nodename nor servname provided, or not known)"))
2026-06-24 09:19:54,961 [INFO] 처리 중: 주거안정자금 융자(입주보증금 지원)
2026-06-24 09:19:54,972 [INFO] Retrying request to /chat/completions in 0.432351 seconds
2026-06-24 09:19:55,552 [INFO] Retrying request to /chat/completions in 0.863010 seconds
2026-06-24 09:19:57,716 [INFO] Retrying request to /chat/completions in 0.435264 seconds
2026-06-24 09:19:58,302 [INFO] Retrying request to /chat/completions in 0.972002 seconds
2026-06-24 09:19:59,435 [INFO] Retrying request to /chat/completions in 0.413616 seconds
2026-06-24 09:19:59,999 [INFO] Retrying request to /chat/completions in 0.840761 seconds
2026-06-24 09:20:01,007 [INFO] Retrying request to /chat/completions in 0.495287 seconds
2026-06-24 09:20:01,656 [INFO] Retrying request to /chat/completions in 0.866882 seconds
2026-06-24 09:20:02,640 [WARNING] [WARN] GPT 실패: 주거안정자금 융자(입주보증금 지원)
2026-06-24 09:20:02,644 [WARNING] Telegram 전송 실패: HTTPSConnectionPool(host='api.telegram.org', port=443): Max retries exceeded with url: /bot8511728557:AAG_ptk12qLweRTVRusZqif8JpZAhbZd9n8/sendMessage (Caused by NameResolutionError("HTTPSConnection(host='api.telegram.org', port=443): Failed to resolve 'api.telegram.org' ([Errno 8] nodename nor servname provided, or not known)"))
2026-06-24 09:20:02,664 [INFO] 처리 중: 서울시 전세보증금 반환보증 보증료 지원
2026-06-24 09:20:02,675 [INFO] Retrying request to /chat/completions in 0.448442 seconds
2026-06-24 09:20:03,269 [INFO] Retrying request to /chat/completions in 0.841198 seconds
2026-06-24 09:20:05,410 [INFO] Retrying request to /chat/completions in 0.403941 seconds
2026-06-24 09:20:05,954 [INFO] Retrying request to /chat/completions in 0.853207 seconds
2026-06-24 09:20:06,952 [INFO] Retrying request to /chat/completions in 0.435452 seconds
2026-06-24 09:20:07,539 [INFO] Retrying request to /chat/completions in 0.972377 seconds
2026-06-24 09:20:08,673 [INFO] Retrying request to /chat/completions in 0.454716 seconds
2026-06-24 09:20:09,266 [INFO] Retrying request to /chat/completions in 0.771983 seconds
2026-06-24 09:20:10,190 [WARNING] [WARN] GPT 실패: 서울시 전세보증금 반환보증 보증료 지원
2026-06-24 09:20:10,193 [WARNING] Telegram 전송 실패: HTTPSConnectionPool(host='api.telegram.org', port=443): Max retries exceeded with url: /bot8511728557:AAG_ptk12qLweRTVRusZqif8JpZAhbZd9n8/sendMessage (Caused by NameResolutionError("HTTPSConnection(host='api.telegram.org', port=443): Failed to resolve 'api.telegram.org' ([Errno 8] nodename nor servname provided, or not known)"))
2026-06-24 09:20:10,208 [INFO] 처리 중: 장애인 주거환경 개선 지원
2026-06-24 09:20:10,220 [INFO] Retrying request to /chat/completions in 0.434594 seconds
2026-06-24 09:20:10,804 [INFO] Retrying request to /chat/completions in 0.911228 seconds
2026-06-24 09:20:13,022 [INFO] Retrying request to /chat/completions in 0.473087 seconds
2026-06-24 09:20:13,644 [INFO] Retrying request to /chat/completions in 0.763992 seconds
2026-06-24 09:20:14,576 [INFO] Retrying request to /chat/completions in 0.418484 seconds
2026-06-24 09:20:15,128 [INFO] Retrying request to /chat/completions in 0.822114 seconds
2026-06-24 09:20:16,111 [INFO] Retrying request to /chat/completions in 0.491298 seconds
2026-06-24 09:20:16,753 [INFO] Retrying request to /chat/completions in 0.876194 seconds
2026-06-24 09:20:17,771 [WARNING] [WARN] GPT 실패: 장애인 주거환경 개선 지원
2026-06-24 09:20:17,776 [WARNING] Telegram 전송 실패: HTTPSConnectionPool(host='api.telegram.org', port=443): Max retries exceeded with url: /bot8511728557:AAG_ptk12qLweRTVRusZqif8JpZAhbZd9n8/sendMessage (Caused by NameResolutionError("HTTPSConnection(host='api.telegram.org', port=443): Failed to resolve 'api.telegram.org' ([Errno 8] nodename nor servname provided, or not known)"))
2026-06-24 09:20:17,794 [INFO] 처리 중: 저소득주민 무료중개서비스 대상자 지원
2026-06-24 09:20:17,805 [INFO] Retrying request to /chat/completions in 0.375002 seconds
2026-06-24 09:20:18,295 [INFO] Retrying request to /chat/completions in 0.800864 seconds
2026-06-24 09:20:20,364 [INFO] Retrying request to /chat/completions in 0.449811 seconds
2026-06-24 09:20:20,908 [INFO] Retrying request to /chat/completions in 0.931697 seconds
2026-06-24 09:20:21,998 [INFO] Retrying request to /chat/completions in 0.384748 seconds
2026-06-24 09:20:22,527 [INFO] Retrying request to /chat/completions in 0.981527 seconds
2026-06-24 09:20:23,679 [INFO] Retrying request to /chat/completions in 0.451760 seconds
2026-06-24 09:20:24,284 [INFO] Retrying request to /chat/completions in 0.885829 seconds
2026-06-24 09:20:25,327 [WARNING] [WARN] GPT 실패: 저소득주민 무료중개서비스 대상자 지원
2026-06-24 09:20:25,331 [WARNING] Telegram 전송 실패: HTTPSConnectionPool(host='api.telegram.org', port=443): Max retries exceeded with url: /bot8511728557:AAG_ptk12qLweRTVRusZqif8JpZAhbZd9n8/sendMessage (Caused by NameResolutionError("HTTPSConnection(host='api.telegram.org', port=443): Failed to resolve 'api.telegram.org' ([Errno 8] nodename nor servname provided, or not known)"))
2026-06-24 09:20:25,346 [INFO] 처리 중: 강서 생활민원기동대 서비스
2026-06-24 09:20:25,357 [INFO] Retrying request to /chat/completions in 0.403817 seconds
2026-06-24 09:20:25,887 [INFO] Retrying request to /chat/completions in 0.779911 seconds
2026-06-24 09:20:27,955 [INFO] Retrying request to /chat/completions in 0.450760 seconds
2026-06-24 09:20:28,559 [INFO] Retrying request to /chat/completions in 0.911868 seconds
2026-06-24 09:20:29,635 [INFO] Retrying request to /chat/completions in 0.472292 seconds
2026-06-24 09:20:30,174 [INFO] Retrying request to /chat/completions in 0.821864 seconds
2026-06-24 09:20:31,161 [INFO] Retrying request to /chat/completions in 0.472166 seconds
2026-06-24 09:20:31,773 [INFO] Retrying request to /chat/completions in 0.992356 seconds
2026-06-24 09:20:32,922 [WARNING] [WARN] GPT 실패: 강서 생활민원기동대 서비스
2026-06-24 09:20:32,926 [WARNING] Telegram 전송 실패: HTTPSConnectionPool(host='api.telegram.org', port=443): Max retries exceeded with url: /bot8511728557:AAG_ptk12qLweRTVRusZqif8JpZAhbZd9n8/sendMessage (Caused by NameResolutionError("HTTPSConnection(host='api.telegram.org', port=443): Failed to resolve 'api.telegram.org' ([Errno 8] nodename nor servname provided, or not known)"))
2026-06-24 09:20:32,942 [INFO] 처리 중: 구로형 자립정착금
2026-06-24 09:20:32,952 [INFO] Retrying request to /chat/completions in 0.478410 seconds
2026-06-24 09:20:33,581 [INFO] Retrying request to /chat/completions in 0.800995 seconds
2026-06-24 09:20:35,664 [INFO] Retrying request to /chat/completions in 0.452630 seconds
2026-06-24 09:20:36,213 [INFO] Retrying request to /chat/completions in 0.762583 seconds
2026-06-24 09:20:37,138 [INFO] Retrying request to /chat/completions in 0.464566 seconds
2026-06-24 09:20:37,752 [INFO] Retrying request to /chat/completions in 0.807943 seconds
2026-06-24 09:20:38,720 [INFO] Retrying request to /chat/completions in 0.439297 seconds
2026-06-24 09:20:39,308 [INFO] Retrying request to /chat/completions in 0.834565 seconds
2026-06-24 09:20:40,296 [WARNING] [WARN] GPT 실패: 구로형 자립정착금
2026-06-24 09:20:40,299 [WARNING] Telegram 전송 실패: HTTPSConnectionPool(host='api.telegram.org', port=443): Max retries exceeded with url: /bot8511728557:AAG_ptk12qLweRTVRusZqif8JpZAhbZd9n8/sendMessage (Caused by NameResolutionError("HTTPSConnection(host='api.telegram.org', port=443): Failed to resolve 'api.telegram.org' ([Errno 8] nodename nor servname provided, or not known)"))
2026-06-24 09:20:40,316 [INFO] 처리 중: 구로구 전세사기피해지원금(보증료) 지원
2026-06-24 09:20:40,327 [INFO] Retrying request to /chat/completions in 0.470414 seconds
2026-06-24 09:20:40,936 [INFO] Retrying request to /chat/completions in 0.942051 seconds
2026-06-24 09:20:43,114 [INFO] Retrying request to /chat/completions in 0.439949 seconds
2026-06-24 09:20:43,706 [INFO] Retrying request to /chat/completions in 0.973845 seconds
2026-06-24 09:20:44,849 [INFO] Retrying request to /chat/completions in 0.442894 seconds
2026-06-24 09:20:45,439 [INFO] Retrying request to /chat/completions in 0.801711 seconds
2026-06-24 09:20:46,392 [INFO] Retrying request to /chat/completions in 0.415127 seconds
2026-06-24 09:20:46,912 [INFO] Retrying request to /chat/completions in 0.805489 seconds
2026-06-24 09:20:47,872 [WARNING] [WARN] GPT 실패: 구로구 전세사기피해지원금(보증료) 지원
2026-06-24 09:20:47,877 [WARNING] Telegram 전송 실패: HTTPSConnectionPool(host='api.telegram.org', port=443): Max retries exceeded with url: /bot8511728557:AAG_ptk12qLweRTVRusZqif8JpZAhbZd9n8/sendMessage (Caused by NameResolutionError("HTTPSConnection(host='api.telegram.org', port=443): Failed to resolve 'api.telegram.org' ([Errno 8] nodename nor servname provided, or not known)"))
2026-06-24 09:20:47,891 [INFO] 처리 중: 구로구 전세사기피해지원금(이사비) 지원
2026-06-24 09:20:47,903 [INFO] Retrying request to /chat/completions in 0.387355 seconds
2026-06-24 09:20:48,414 [INFO] Retrying request to /chat/completions in 0.894455 seconds
2026-06-24 09:20:50,550 [INFO] Retrying request to /chat/completions in 0.483995 seconds
2026-06-24 09:20:51,171 [INFO] Retrying request to /chat/completions in 0.980776 seconds
2026-06-24 09:20:52,309 [INFO] Retrying request to /chat/completions in 0.486956 seconds
2026-06-24 09:20:52,936 [INFO] Retrying request to /chat/completions in 0.894002 seconds
2026-06-24 09:20:53,989 [INFO] Retrying request to /chat/completions in 0.429624 seconds
2026-06-24 09:20:54,569 [INFO] Retrying request to /chat/completions in 0.788237 seconds
2026-06-24 09:20:55,515 [WARNING] [WARN] GPT 실패: 구로구 전세사기피해지원금(이사비) 지원
2026-06-24 09:20:55,520 [WARNING] Telegram 전송 실패: HTTPSConnectionPool(host='api.telegram.org', port=443): Max retries exceeded with url: /bot8511728557:AAG_ptk12qLweRTVRusZqif8JpZAhbZd9n8/sendMessage (Caused by NameResolutionError("HTTPSConnection(host='api.telegram.org', port=443): Failed to resolve 'api.telegram.org' ([Errno 8] nodename nor servname provided, or not known)"))
2026-06-24 09:20:55,537 [INFO] 처리 중: 구로구 전세사기피해지원금(월세) 지원
2026-06-24 09:20:55,548 [INFO] Retrying request to /chat/completions in 0.444097 seconds
2026-06-24 09:20:56,142 [INFO] Retrying request to /chat/completions in 0.959940 seconds
2026-06-24 09:20:58,415 [INFO] Retrying request to /chat/completions in 0.464675 seconds
2026-06-24 09:20:59,016 [INFO] Retrying request to /chat/completions in 0.832371 seconds
2026-06-24 09:20:59,916 [INFO] Retrying request to /chat/completions in 0.414171 seconds
2026-06-24 09:21:00,469 [INFO] Retrying request to /chat/completions in 0.911059 seconds
2026-06-24 09:21:01,547 [INFO] Retrying request to /chat/completions in 0.436113 seconds
2026-06-24 09:21:02,136 [INFO] Retrying request to /chat/completions in 0.811968 seconds
2026-06-24 09:21:03,102 [WARNING] [WARN] GPT 실패: 구로구 전세사기피해지원금(월세) 지원
2026-06-24 09:21:03,106 [WARNING] Telegram 전송 실패: HTTPSConnectionPool(host='api.telegram.org', port=443): Max retries exceeded with url: /bot8511728557:AAG_ptk12qLweRTVRusZqif8JpZAhbZd9n8/sendMessage (Caused by NameResolutionError("HTTPSConnection(host='api.telegram.org', port=443): Failed to resolve 'api.telegram.org' ([Errno 8] nodename nor servname provided, or not known)"))
2026-06-24 09:21:03,123 [INFO] 처리 중: 학교 밖 청소년 검정고시 합격축하금 지원
2026-06-24 09:21:03,133 [INFO] Retrying request to /chat/completions in 0.464196 seconds
2026-06-24 09:21:03,752 [INFO] Retrying request to /chat/completions in 0.785254 seconds
2026-06-24 09:21:05,855 [INFO] Retrying request to /chat/completions in 0.393178 seconds
2026-06-24 09:21:06,388 [INFO] Retrying request to /chat/completions in 0.926573 seconds
2026-06-24 09:21:07,475 [INFO] Retrying request to /chat/completions in 0.441118 seconds
2026-06-24 09:21:08,069 [INFO] Retrying request to /chat/completions in 0.890545 seconds
2026-06-24 09:21:09,126 [INFO] Retrying request to /chat/completions in 0.376607 seconds
2026-06-24 09:21:09,653 [INFO] Retrying request to /chat/completions in 0.965035 seconds
2026-06-24 09:21:10,772 [WARNING] [WARN] GPT 실패: 학교 밖 청소년 검정고시 합격축하금 지원
2026-06-24 09:21:10,776 [WARNING] Telegram 전송 실패: HTTPSConnectionPool(host='api.telegram.org', port=443): Max retries exceeded with url: /bot8511728557:AAG_ptk12qLweRTVRusZqif8JpZAhbZd9n8/sendMessage (Caused by NameResolutionError("HTTPSConnection(host='api.telegram.org', port=443): Failed to resolve 'api.telegram.org' ([Errno 8] nodename nor servname provided, or not known)"))
2026-06-24 09:21:10,792 [INFO] 처리 중: 금천구 전세피해 지원사업(소송수행경비)
2026-06-24 09:21:10,803 [INFO] Retrying request to /chat/completions in 0.465692 seconds
2026-06-24 09:21:11,422 [INFO] Retrying request to /chat/completions in 0.868436 seconds
2026-06-24 09:21:13,595 [INFO] Retrying request to /chat/completions in 0.493632 seconds
2026-06-24 09:21:14,236 [INFO] Retrying request to /chat/completions in 0.944218 seconds
2026-06-24 09:21:15,345 [INFO] Retrying request to /chat/completions in 0.425143 seconds
2026-06-24 09:21:15,918 [INFO] Retrying request to /chat/completions in 0.986860 seconds
2026-06-24 09:21:17,063 [INFO] Retrying request to /chat/completions in 0.443362 seconds
2026-06-24 09:21:17,654 [INFO] Retrying request to /chat/completions in 0.972244 seconds
2026-06-24 09:21:18,783 [WARNING] [WARN] GPT 실패: 금천구 전세피해 지원사업(소송수행경비)
2026-06-24 09:21:18,787 [WARNING] Telegram 전송 실패: HTTPSConnectionPool(host='api.telegram.org', port=443): Max retries exceeded with url: /bot8511728557:AAG_ptk12qLweRTVRusZqif8JpZAhbZd9n8/sendMessage (Caused by NameResolutionError("HTTPSConnection(host='api.telegram.org', port=443): Failed to resolve 'api.telegram.org' ([Errno 8] nodename nor servname provided, or not known)"))
2026-06-24 09:21:18,801 [INFO] 처리 중: 금천구 전세피해 지원사업(주거안정비)
2026-06-24 09:21:18,812 [INFO] Retrying request to /chat/completions in 0.411735 seconds
2026-06-24 09:21:19,368 [INFO] Retrying request to /chat/completions in 0.834457 seconds
2026-06-24 09:21:21,512 [INFO] Retrying request to /chat/completions in 0.400286 seconds
2026-06-24 09:21:22,062 [INFO] Retrying request to /chat/completions in 0.969943 seconds
2026-06-24 09:21:23,186 [INFO] Retrying request to /chat/completions in 0.486817 seconds
2026-06-24 09:21:23,825 [INFO] Retrying request to /chat/completions in 0.894470 seconds
2026-06-24 09:21:24,888 [INFO] Retrying request to /chat/completions in 0.445477 seconds
2026-06-24 09:21:25,468 [INFO] Retrying request to /chat/completions in 0.806700 seconds
2026-06-24 09:21:26,412 [WARNING] [WARN] GPT 실패: 금천구 전세피해 지원사업(주거안정비)
2026-06-24 09:21:26,416 [WARNING] Telegram 전송 실패: HTTPSConnectionPool(host='api.telegram.org', port=443): Max retries exceeded with url: /bot8511728557:AAG_ptk12qLweRTVRusZqif8JpZAhbZd9n8/sendMessage (Caused by NameResolutionError("HTTPSConnection(host='api.telegram.org', port=443): Failed to resolve 'api.telegram.org' ([Errno 8] nodename nor servname provided, or not known)"))
2026-06-24 09:21:26,435 [INFO] 처리 중: 청년 중개보수 감면 사업
2026-06-24 09:21:26,447 [INFO] Retrying request to /chat/completions in 0.449412 seconds
2026-06-24 09:21:27,040 [INFO] Retrying request to /chat/completions in 0.823546 seconds
2026-06-24 09:21:29,179 [INFO] Retrying request to /chat/completions in 0.477449 seconds
2026-06-24 09:21:29,801 [INFO] Retrying request to /chat/completions in 0.857414 seconds
2026-06-24 09:21:30,787 [INFO] Retrying request to /chat/completions in 0.395298 seconds
2026-06-24 09:21:31,335 [INFO] Retrying request to /chat/completions in 0.979179 seconds
2026-06-24 09:21:32,469 [INFO] Retrying request to /chat/completions in 0.450213 seconds
2026-06-24 09:21:33,069 [INFO] Retrying request to /chat/completions in 0.858334 seconds
2026-06-24 09:21:34,080 [WARNING] [WARN] GPT 실패: 청년 중개보수 감면 사업
2026-06-24 09:21:34,084 [WARNING] Telegram 전송 실패: HTTPSConnectionPool(host='api.telegram.org', port=443): Max retries exceeded with url: /bot8511728557:AAG_ptk12qLweRTVRusZqif8JpZAhbZd9n8/sendMessage (Caused by NameResolutionError("HTTPSConnection(host='api.telegram.org', port=443): Failed to resolve 'api.telegram.org' ([Errno 8] nodename nor servname provided, or not known)"))
2026-06-24 09:21:34,102 [INFO] 처리 중: 동작구 미혼모부 자립지원비
2026-06-24 09:21:34,113 [INFO] Retrying request to /chat/completions in 0.493667 seconds
2026-06-24 09:21:34,759 [INFO] Retrying request to /chat/completions in 0.783405 seconds
2026-06-24 09:21:36,844 [INFO] Retrying request to /chat/completions in 0.477911 seconds
2026-06-24 09:21:37,463 [INFO] Retrying request to /chat/completions in 0.923205 seconds
2026-06-24 09:21:38,545 [INFO] Retrying request to /chat/completions in 0.419395 seconds
2026-06-24 09:21:39,117 [INFO] Retrying request to /chat/completions in 0.899222 seconds
2026-06-24 09:21:40,184 [INFO] Retrying request to /chat/completions in 0.415640 seconds
2026-06-24 09:21:40,753 [INFO] Retrying request to /chat/completions in 0.954100 seconds
2026-06-24 09:21:41,860 [WARNING] [WARN] GPT 실패: 동작구 미혼모부 자립지원비
2026-06-24 09:21:41,864 [WARNING] Telegram 전송 실패: HTTPSConnectionPool(host='api.telegram.org', port=443): Max retries exceeded with url: /bot8511728557:AAG_ptk12qLweRTVRusZqif8JpZAhbZd9n8/sendMessage (Caused by NameResolutionError("HTTPSConnection(host='api.telegram.org', port=443): Failed to resolve 'api.telegram.org' ([Errno 8] nodename nor servname provided, or not known)"))
2026-06-24 09:21:41,884 [INFO] 처리 중: 서리풀 희망사다리 프로젝트 자립준비청년(보호종료아동) 자립정착금 지원
2026-06-24 09:21:41,896 [INFO] Retrying request to /chat/completions in 0.493690 seconds
2026-06-24 09:21:42,536 [INFO] Retrying request to /chat/completions in 0.911323 seconds
2026-06-24 09:21:44,754 [INFO] Retrying request to /chat/completions in 0.477409 seconds
2026-06-24 09:21:45,384 [INFO] Retrying request to /chat/completions in 0.891691 seconds
2026-06-24 09:21:46,437 [INFO] Retrying request to /chat/completions in 0.444521 seconds
2026-06-24 09:21:47,033 [INFO] Retrying request to /chat/completions in 0.837722 seconds
2026-06-24 09:21:48,040 [INFO] Retrying request to /chat/completions in 0.433674 seconds
2026-06-24 09:21:48,621 [INFO] Retrying request to /chat/completions in 0.782283 seconds
2026-06-24 09:21:49,527 [WARNING] [WARN] GPT 실패: 서리풀 희망사다리 프로젝트 자립준비청년(보호종료아동) 
2026-06-24 09:21:49,530 [WARNING] Telegram 전송 실패: HTTPSConnectionPool(host='api.telegram.org', port=443): Max retries exceeded with url: /bot8511728557:AAG_ptk12qLweRTVRusZqif8JpZAhbZd9n8/sendMessage (Caused by NameResolutionError("HTTPSConnection(host='api.telegram.org', port=443): Failed to resolve 'api.telegram.org' ([Errno 8] nodename nor servname provided, or not known)"))
2026-06-24 09:21:49,545 [INFO] 처리 중: 서리풀 희망사다리 프로젝트 자립준비청년(보호종료아동) 자립컨설팅 지원
2026-06-24 09:21:49,554 [INFO] Retrying request to /chat/completions in 0.446239 seconds
2026-06-24 09:21:50,142 [INFO] Retrying request to /chat/completions in 0.776138 seconds
2026-06-24 09:21:52,248 [INFO] Retrying request to /chat/completions in 0.416274 seconds
2026-06-24 09:21:52,769 [INFO] Retrying request to /chat/completions in 0.842562 seconds
2026-06-24 09:21:53,746 [INFO] Retrying request to /chat/completions in 0.377345 seconds
2026-06-24 09:21:54,275 [INFO] Retrying request to /chat/completions in 0.841886 seconds
2026-06-24 09:21:55,293 [INFO] Retrying request to /chat/completions in 0.420244 seconds
2026-06-24 09:21:55,859 [INFO] Retrying request to /chat/completions in 0.767084 seconds
2026-06-24 09:21:56,782 [WARNING] [WARN] GPT 실패: 서리풀 희망사다리 프로젝트 자립준비청년(보호종료아동) 
2026-06-24 09:21:56,798 [WARNING] Telegram 전송 실패: HTTPSConnectionPool(host='api.telegram.org', port=443): Max retries exceeded with url: /bot8511728557:AAG_ptk12qLweRTVRusZqif8JpZAhbZd9n8/sendMessage (Caused by NameResolutionError("HTTPSConnection(host='api.telegram.org', port=443): Failed to resolve 'api.telegram.org' ([Errno 8] nodename nor servname provided, or not known)"))
2026-06-24 09:21:56,828 [INFO] 처리 중: 송파구 전세사기피해자등 지원사업
2026-06-24 09:21:56,842 [INFO] Retrying request to /chat/completions in 0.436820 seconds
2026-06-24 09:21:57,321 [INFO] Retrying request to /chat/completions in 0.809376 seconds
2026-06-24 09:21:59,440 [INFO] Retrying request to /chat/completions in 0.418715 seconds
2026-06-24 09:22:00,006 [INFO] Retrying request to /chat/completions in 0.960600 seconds
2026-06-24 09:22:01,120 [INFO] Retrying request to /chat/completions in 0.406588 seconds
2026-06-24 09:22:01,670 [INFO] Retrying request to /chat/completions in 0.877382 seconds
2026-06-24 09:22:02,713 [INFO] Retrying request to /chat/completions in 0.390364 seconds
2026-06-24 09:22:03,253 [INFO] Retrying request to /chat/completions in 0.979264 seconds
2026-06-24 09:22:04,394 [WARNING] [WARN] GPT 실패: 송파구 전세사기피해자등 지원사업
2026-06-24 09:22:04,402 [WARNING] Telegram 전송 실패: HTTPSConnectionPool(host='api.telegram.org', port=443): Max retries exceeded with url: /bot8511728557:AAG_ptk12qLweRTVRusZqif8JpZAhbZd9n8/sendMessage (Caused by NameResolutionError("HTTPSConnection(host='api.telegram.org', port=443): Failed to resolve 'api.telegram.org' ([Errno 8] nodename nor servname provided, or not known)"))
2026-06-24 09:22:04,425 [INFO] 처리 중: 거주시설 퇴소장애인 자립정착금 지원
2026-06-24 09:22:04,436 [INFO] Retrying request to /chat/completions in 0.389440 seconds
2026-06-24 09:22:04,895 [INFO] Retrying request to /chat/completions in 0.878250 seconds
2026-06-24 09:22:07,055 [INFO] Retrying request to /chat/completions in 0.458827 seconds
2026-06-24 09:22:07,659 [INFO] Retrying request to /chat/completions in 0.891358 seconds
2026-06-24 09:22:08,711 [INFO] Retrying request to /chat/completions in 0.390007 seconds
2026-06-24 09:22:09,235 [INFO] Retrying request to /chat/completions in 0.924705 seconds
2026-06-24 09:22:10,330 [INFO] Retrying request to /chat/completions in 0.382821 seconds
2026-06-24 09:22:10,861 [INFO] Retrying request to /chat/completions in 0.915693 seconds
2026-06-24 09:22:11,932 [WARNING] [WARN] GPT 실패: 거주시설 퇴소장애인 자립정착금 지원
2026-06-24 09:22:11,941 [WARNING] Telegram 전송 실패: HTTPSConnectionPool(host='api.telegram.org', port=443): Max retries exceeded with url: /bot8511728557:AAG_ptk12qLweRTVRusZqif8JpZAhbZd9n8/sendMessage (Caused by NameResolutionError("HTTPSConnection(host='api.telegram.org', port=443): Failed to resolve 'api.telegram.org' ([Errno 8] nodename nor servname provided, or not known)"))
2026-06-24 09:22:11,964 [INFO] 처리 중: 동구 학교 밖 청소년 검정고시 합격축하금 지원
2026-06-24 09:22:11,970 [INFO] Retrying request to /chat/completions in 0.495830 seconds
2026-06-24 09:22:12,613 [INFO] Retrying request to /chat/completions in 0.794128 seconds
2026-06-24 09:22:14,709 [INFO] Retrying request to /chat/completions in 0.491744 seconds
2026-06-24 09:22:15,353 [INFO] Retrying request to /chat/completions in 0.915645 seconds
2026-06-24 09:22:16,403 [INFO] Retrying request to /chat/completions in 0.429173 seconds
2026-06-24 09:22:16,987 [INFO] Retrying request to /chat/completions in 0.847519 seconds
2026-06-24 09:22:17,978 [INFO] Retrying request to /chat/completions in 0.499028 seconds
2026-06-24 09:22:18,625 [INFO] Retrying request to /chat/completions in 0.847878 seconds
2026-06-24 09:22:19,631 [WARNING] [WARN] GPT 실패: 동구 학교 밖 청소년 검정고시 합격축하금 지원
2026-06-24 09:22:19,639 [WARNING] Telegram 전송 실패: HTTPSConnectionPool(host='api.telegram.org', port=443): Max retries exceeded with url: /bot8511728557:AAG_ptk12qLweRTVRusZqif8JpZAhbZd9n8/sendMessage (Caused by NameResolutionError("HTTPSConnection(host='api.telegram.org', port=443): Failed to resolve 'api.telegram.org' ([Errno 8] nodename nor servname provided, or not known)"))
2026-06-24 09:22:19,661 [INFO] 처리 중: 주거급여 (맞춤형 급여)
2026-06-24 09:22:19,673 [INFO] Retrying request to /chat/completions in 0.482413 seconds
2026-06-24 09:22:20,166 [INFO] Retrying request to /chat/completions in 0.983223 seconds
2026-06-24 09:22:22,453 [INFO] Retrying request to /chat/completions in 0.423272 seconds
2026-06-24 09:22:23,020 [INFO] Retrying request to /chat/completions in 0.794225 seconds
2026-06-24 09:22:23,976 [INFO] Retrying request to /chat/completions in 0.491824 seconds
2026-06-24 09:22:24,617 [INFO] Retrying request to /chat/completions in 0.861201 seconds
2026-06-24 09:22:25,640 [INFO] Retrying request to /chat/completions in 0.416356 seconds
2026-06-24 09:22:26,202 [INFO] Retrying request to /chat/completions in 0.901728 seconds
2026-06-24 09:22:27,261 [WARNING] [WARN] GPT 실패: 주거급여 (맞춤형 급여)
2026-06-24 09:22:27,265 [WARNING] Telegram 전송 실패: HTTPSConnectionPool(host='api.telegram.org', port=443): Max retries exceeded with url: /bot8511728557:AAG_ptk12qLweRTVRusZqif8JpZAhbZd9n8/sendMessage (Caused by NameResolutionError("HTTPSConnection(host='api.telegram.org', port=443): Failed to resolve 'api.telegram.org' ([Errno 8] nodename nor servname provided, or not known)"))
2026-06-24 09:22:27,284 [INFO] 처리 중: 참전유공자 사망위로금 지급
2026-06-24 09:22:27,294 [INFO] Retrying request to /chat/completions in 0.447524 seconds
2026-06-24 09:22:27,892 [INFO] Retrying request to /chat/completions in 0.879610 seconds
2026-06-24 09:22:30,082 [INFO] Retrying request to /chat/completions in 0.398114 seconds
2026-06-24 09:22:30,633 [INFO] Retrying request to /chat/completions in 0.884572 seconds
2026-06-24 09:22:31,684 [INFO] Retrying request to /chat/completions in 0.383443 seconds
2026-06-24 09:22:32,219 [INFO] Retrying request to /chat/completions in 0.964582 seconds
2026-06-24 09:22:33,349 [INFO] Retrying request to /chat/completions in 0.460455 seconds
2026-06-24 09:22:33,956 [INFO] Retrying request to /chat/completions in 0.799583 seconds
2026-06-24 09:22:34,911 [WARNING] [WARN] GPT 실패: 참전유공자 사망위로금 지급
2026-06-24 09:22:34,915 [WARNING] Telegram 전송 실패: HTTPSConnectionPool(host='api.telegram.org', port=443): Max retries exceeded with url: /bot8511728557:AAG_ptk12qLweRTVRusZqif8JpZAhbZd9n8/sendMessage (Caused by NameResolutionError("HTTPSConnection(host='api.telegram.org', port=443): Failed to resolve 'api.telegram.org' ([Errno 8] nodename nor servname provided, or not known)"))
2026-06-24 09:22:34,934 [INFO] 처리 중: 무주택 다자녀가구 전세자금 대출이자 지원
2026-06-24 09:22:34,947 [INFO] Retrying request to /chat/completions in 0.380330 seconds
2026-06-24 09:22:35,480 [INFO] Retrying request to /chat/completions in 0.801647 seconds
2026-06-24 09:22:37,460 [INFO] Retrying request to /chat/completions in 0.424477 seconds
2026-06-24 09:22:38,036 [INFO] Retrying request to /chat/completions in 0.831608 seconds
2026-06-24 09:22:39,035 [INFO] Retrying request to /chat/completions in 0.379343 seconds
2026-06-24 09:22:39,534 [INFO] Retrying request to /chat/completions in 0.924719 seconds
2026-06-24 09:22:40,624 [INFO] Retrying request to /chat/completions in 0.385433 seconds
2026-06-24 09:22:41,160 [INFO] Retrying request to /chat/completions in 0.852155 seconds
2026-06-24 09:22:42,161 [WARNING] [WARN] GPT 실패: 무주택 다자녀가구 전세자금 대출이자 지원
2026-06-24 09:22:42,164 [WARNING] Telegram 전송 실패: HTTPSConnectionPool(host='api.telegram.org', port=443): Max retries exceeded with url: /bot8511728557:AAG_ptk12qLweRTVRusZqif8JpZAhbZd9n8/sendMessage (Caused by NameResolutionError("HTTPSConnection(host='api.telegram.org', port=443): Failed to resolve 'api.telegram.org' ([Errno 8] nodename nor servname provided, or not known)"))
2026-06-24 09:22:42,182 [INFO] 처리 중: 청년 신혼부부 주거자금 대출이자 지원
2026-06-24 09:22:42,193 [INFO] Retrying request to /chat/completions in 0.397581 seconds
2026-06-24 09:22:42,730 [INFO] Retrying request to /chat/completions in 0.785459 seconds
2026-06-24 09:22:44,830 [INFO] Retrying request to /chat/completions in 0.485467 seconds
2026-06-24 09:22:45,452 [INFO] Retrying request to /chat/completions in 0.829010 seconds
2026-06-24 09:22:46,447 [INFO] Retrying request to /chat/completions in 0.468087 seconds
2026-06-24 09:22:47,062 [INFO] Retrying request to /chat/completions in 0.855798 seconds
2026-06-24 09:22:48,081 [INFO] Retrying request to /chat/completions in 0.479803 seconds
2026-06-24 09:22:48,706 [INFO] Retrying request to /chat/completions in 0.753802 seconds
2026-06-24 09:22:49,616 [WARNING] [WARN] GPT 실패: 청년 신혼부부 주거자금 대출이자 지원
2026-06-24 09:22:49,620 [WARNING] Telegram 전송 실패: HTTPSConnectionPool(host='api.telegram.org', port=443): Max retries exceeded with url: /bot8511728557:AAG_ptk12qLweRTVRusZqif8JpZAhbZd9n8/sendMessage (Caused by NameResolutionError("HTTPSConnection(host='api.telegram.org', port=443): Failed to resolve 'api.telegram.org' ([Errno 8] nodename nor servname provided, or not known)"))
2026-06-24 09:22:49,640 [INFO] 처리 중: 기초생활수급세대 대형폐기물 처리 수수료 지원
2026-06-24 09:22:49,654 [INFO] Retrying request to /chat/completions in 0.414696 seconds
2026-06-24 09:22:50,217 [INFO] Retrying request to /chat/completions in 0.960114 seconds
2026-06-24 09:22:52,486 [INFO] Retrying request to /chat/completions in 0.473204 seconds
2026-06-24 09:22:52,984 [INFO] Retrying request to /chat/completions in 0.898552 seconds
2026-06-24 09:22:54,043 [INFO] Retrying request to /chat/completions in 0.468565 seconds
2026-06-24 09:22:54,655 [INFO] Retrying request to /chat/completions in 0.875253 seconds
2026-06-24 09:22:55,688 [INFO] Retrying request to /chat/completions in 0.392194 seconds
2026-06-24 09:22:56,233 [INFO] Retrying request to /chat/completions in 0.928571 seconds
2026-06-24 09:22:57,307 [WARNING] [WARN] GPT 실패: 기초생활수급세대 대형폐기물 처리 수수료 지원
2026-06-24 09:22:57,311 [WARNING] Telegram 전송 실패: HTTPSConnectionPool(host='api.telegram.org', port=443): Max retries exceeded with url: /bot8511728557:AAG_ptk12qLweRTVRusZqif8JpZAhbZd9n8/sendMessage (Caused by NameResolutionError("HTTPSConnection(host='api.telegram.org', port=443): Failed to resolve 'api.telegram.org' ([Errno 8] nodename nor servname provided, or not known)"))
2026-06-24 09:22:57,326 [INFO] 처리 중: 저소득 중증장애인 교통비 지원
2026-06-24 09:22:57,337 [INFO] Retrying request to /chat/completions in 0.437662 seconds
2026-06-24 09:22:57,928 [INFO] Retrying request to /chat/completions in 0.817359 seconds
2026-06-24 09:23:00,037 [INFO] Retrying request to /chat/completions in 0.467490 seconds
2026-06-24 09:23:00,633 [INFO] Retrying request to /chat/completions in 0.859391 seconds
2026-06-24 09:23:01,660 [INFO] Retrying request to /chat/completions in 0.397532 seconds
2026-06-24 09:23:02,202 [INFO] Retrying request to /chat/completions in 0.893068 seconds
2026-06-24 09:23:03,265 [INFO] Retrying request to /chat/completions in 0.439632 seconds
2026-06-24 09:23:03,852 [INFO] Retrying request to /chat/completions in 0.825040 seconds
2026-06-24 09:23:04,808 [WARNING] [WARN] GPT 실패: 저소득 중증장애인 교통비 지원
2026-06-24 09:23:04,813 [WARNING] Telegram 전송 실패: HTTPSConnectionPool(host='api.telegram.org', port=443): Max retries exceeded with url: /bot8511728557:AAG_ptk12qLweRTVRusZqif8JpZAhbZd9n8/sendMessage (Caused by NameResolutionError("HTTPSConnection(host='api.telegram.org', port=443): Failed to resolve 'api.telegram.org' ([Errno 8] nodename nor servname provided, or not known)"))
2026-06-24 09:23:04,829 [INFO] 처리 중: 청년 부동산중개보수 및 이사비 지원사업
2026-06-24 09:23:04,840 [INFO] Retrying request to /chat/completions in 0.393582 seconds
2026-06-24 09:23:05,361 [INFO] Retrying request to /chat/completions in 0.933359 seconds
2026-06-24 09:23:07,610 [INFO] Retrying request to /chat/completions in 0.386352 seconds
2026-06-24 09:23:08,148 [INFO] Retrying request to /chat/completions in 0.792634 seconds
2026-06-24 09:23:09,111 [INFO] Retrying request to /chat/completions in 0.458326 seconds
2026-06-24 09:23:09,719 [INFO] Retrying request to /chat/completions in 0.874030 seconds
2026-06-24 09:23:10,749 [INFO] Retrying request to /chat/completions in 0.420922 seconds
2026-06-24 09:23:11,321 [INFO] Retrying request to /chat/completions in 0.750133 seconds
2026-06-24 09:23:12,222 [WARNING] [WARN] GPT 실패: 청년 부동산중개보수 및 이사비 지원사업
2026-06-24 09:23:12,226 [WARNING] Telegram 전송 실패: HTTPSConnectionPool(host='api.telegram.org', port=443): Max retries exceeded with url: /bot8511728557:AAG_ptk12qLweRTVRusZqif8JpZAhbZd9n8/sendMessage (Caused by NameResolutionError("HTTPSConnection(host='api.telegram.org', port=443): Failed to resolve 'api.telegram.org' ([Errno 8] nodename nor servname provided, or not known)"))
2026-06-24 09:23:12,243 [INFO] 처리 중: 모자보호시설 퇴소자 자립정착금 지원
2026-06-24 09:23:12,254 [INFO] Retrying request to /chat/completions in 0.392845 seconds
2026-06-24 09:23:12,800 [INFO] Retrying request to /chat/completions in 0.914210 seconds
2026-06-24 09:23:15,006 [INFO] Retrying request to /chat/completions in 0.388162 seconds
2026-06-24 09:23:15,547 [INFO] Retrying request to /chat/completions in 0.790583 seconds
2026-06-24 09:23:16,497 [INFO] Retrying request to /chat/completions in 0.417351 seconds
2026-06-24 09:23:17,066 [INFO] Retrying request to /chat/completions in 0.940416 seconds
2026-06-24 09:23:18,175 [INFO] Retrying request to /chat/completions in 0.438244 seconds
2026-06-24 09:23:18,766 [INFO] Retrying request to /chat/completions in 0.765804 seconds
2026-06-24 09:23:19,689 [WARNING] [WARN] GPT 실패: 모자보호시설 퇴소자 자립정착금 지원
2026-06-24 09:23:19,694 [WARNING] Telegram 전송 실패: HTTPSConnectionPool(host='api.telegram.org', port=443): Max retries exceeded with url: /bot8511728557:AAG_ptk12qLweRTVRusZqif8JpZAhbZd9n8/sendMessage (Caused by NameResolutionError("HTTPSConnection(host='api.telegram.org', port=443): Failed to resolve 'api.telegram.org' ([Errno 8] nodename nor servname provided, or not known)"))
2026-06-24 09:23:19,711 [INFO] 처리 중: 지역사회서비스투자사업
2026-06-24 09:23:19,722 [INFO] Retrying request to /chat/completions in 0.461600 seconds
2026-06-24 09:23:20,337 [INFO] Retrying request to /chat/completions in 0.978125 seconds
2026-06-24 09:23:22,598 [INFO] Retrying request to /chat/completions in 0.435331 seconds
2026-06-24 09:23:23,176 [INFO] Retrying request to /chat/completions in 0.774420 seconds
2026-06-24 09:23:24,117 [INFO] Retrying request to /chat/completions in 0.494042 seconds
2026-06-24 09:23:24,762 [INFO] Retrying request to /chat/completions in 0.908686 seconds
2026-06-24 09:23:25,827 [INFO] Retrying request to /chat/completions in 0.391123 seconds
2026-06-24 09:23:26,360 [INFO] Retrying request to /chat/completions in 0.919731 seconds
2026-06-24 09:23:27,433 [WARNING] [WARN] GPT 실패: 지역사회서비스투자사업
2026-06-24 09:23:27,437 [WARNING] Telegram 전송 실패: HTTPSConnectionPool(host='api.telegram.org', port=443): Max retries exceeded with url: /bot8511728557:AAG_ptk12qLweRTVRusZqif8JpZAhbZd9n8/sendMessage (Caused by NameResolutionError("HTTPSConnection(host='api.telegram.org', port=443): Failed to resolve 'api.telegram.org' ([Errno 8] nodename nor servname provided, or not known)"))
2026-06-24 09:23:27,451 [INFO] 처리 중: 국가유공자 및 유족 의료비 지원
2026-06-24 09:23:27,461 [INFO] Retrying request to /chat/completions in 0.384680 seconds
2026-06-24 09:23:27,999 [INFO] Retrying request to /chat/completions in 0.874249 seconds
2026-06-24 09:23:30,170 [INFO] Retrying request to /chat/completions in 0.426434 seconds
2026-06-24 09:23:30,748 [INFO] Retrying request to /chat/completions in 0.815226 seconds
2026-06-24 09:23:31,689 [INFO] Retrying request to /chat/completions in 0.472134 seconds
2026-06-24 09:23:32,286 [INFO] Retrying request to /chat/completions in 0.881681 seconds
2026-06-24 09:23:33,332 [INFO] Retrying request to /chat/completions in 0.466378 seconds
2026-06-24 09:23:33,947 [INFO] Retrying request to /chat/completions in 0.968852 seconds
2026-06-24 09:23:35,072 [WARNING] [WARN] GPT 실패: 국가유공자 및 유족 의료비 지원
2026-06-24 09:23:35,076 [WARNING] Telegram 전송 실패: HTTPSConnectionPool(host='api.telegram.org', port=443): Max retries exceeded with url: /bot8511728557:AAG_ptk12qLweRTVRusZqif8JpZAhbZd9n8/sendMessage (Caused by NameResolutionError("HTTPSConnection(host='api.telegram.org', port=443): Failed to resolve 'api.telegram.org' ([Errno 8] nodename nor servname provided, or not known)"))
2026-06-24 09:23:35,092 [INFO] 처리 중: 중증장애인 자립생활가정(주택) 지원
2026-06-24 09:23:35,102 [INFO] Retrying request to /chat/completions in 0.471354 seconds
2026-06-24 09:23:35,727 [INFO] Retrying request to /chat/completions in 0.974170 seconds
2026-06-24 09:23:37,988 [INFO] Retrying request to /chat/completions in 0.494668 seconds
2026-06-24 09:23:38,636 [INFO] Retrying request to /chat/completions in 0.888984 seconds
2026-06-24 09:23:39,687 [INFO] Retrying request to /chat/completions in 0.498569 seconds
2026-06-24 09:23:40,337 [INFO] Retrying request to /chat/completions in 0.877881 seconds
2026-06-24 09:23:41,367 [INFO] Retrying request to /chat/completions in 0.437817 seconds
2026-06-24 09:23:41,948 [INFO] Retrying request to /chat/completions in 0.848102 seconds
2026-06-24 09:23:42,944 [WARNING] [WARN] GPT 실패: 중증장애인 자립생활가정(주택) 지원
2026-06-24 09:23:42,947 [WARNING] Telegram 전송 실패: HTTPSConnectionPool(host='api.telegram.org', port=443): Max retries exceeded with url: /bot8511728557:AAG_ptk12qLweRTVRusZqif8JpZAhbZd9n8/sendMessage (Caused by NameResolutionError("HTTPSConnection(host='api.telegram.org', port=443): Failed to resolve 'api.telegram.org' ([Errno 8] nodename nor servname provided, or not known)"))
2026-06-24 09:23:42,960 [INFO] 처리 중: 자립준비청년 자립정착금
2026-06-24 09:23:42,970 [INFO] Retrying request to /chat/completions in 0.464950 seconds
2026-06-24 09:23:43,577 [INFO] Retrying request to /chat/completions in 0.935016 seconds
2026-06-24 09:23:45,725 [INFO] Retrying request to /chat/completions in 0.449673 seconds
2026-06-24 09:23:46,327 [INFO] Retrying request to /chat/completions in 0.826022 seconds
2026-06-24 09:23:47,289 [INFO] Retrying request to /chat/completions in 0.380034 seconds
2026-06-24 09:23:47,818 [INFO] Retrying request to /chat/completions in 0.763246 seconds
2026-06-24 09:23:48,700 [INFO] Retrying request to /chat/completions in 0.452450 seconds
2026-06-24 09:23:49,302 [INFO] Retrying request to /chat/completions in 0.810187 seconds
2026-06-24 09:23:50,266 [WARNING] [WARN] GPT 실패: 자립준비청년 자립정착금
2026-06-24 09:23:50,269 [WARNING] Telegram 전송 실패: HTTPSConnectionPool(host='api.telegram.org', port=443): Max retries exceeded with url: /bot8511728557:AAG_ptk12qLweRTVRusZqif8JpZAhbZd9n8/sendMessage (Caused by NameResolutionError("HTTPSConnection(host='api.telegram.org', port=443): Failed to resolve 'api.telegram.org' ([Errno 8] nodename nor servname provided, or not known)"))
2026-06-24 09:23:50,283 [INFO] 처리 중: 중소 제조기업 근로자 기숙사 임차비 지원
2026-06-24 09:23:50,294 [INFO] Retrying request to /chat/completions in 0.414598 seconds
2026-06-24 09:23:50,862 [INFO] Retrying request to /chat/completions in 0.829991 seconds
2026-06-24 09:23:52,963 [INFO] Retrying request to /chat/completions in 0.420924 seconds
2026-06-24 09:23:53,536 [INFO] Retrying request to /chat/completions in 0.848604 seconds
2026-06-24 09:23:54,548 [INFO] Retrying request to /chat/completions in 0.407965 seconds
2026-06-24 09:23:55,109 [INFO] Retrying request to /chat/completions in 0.951331 seconds
2026-06-24 09:23:56,215 [INFO] Retrying request to /chat/completions in 0.484335 seconds
2026-06-24 09:23:56,852 [INFO] Retrying request to /chat/completions in 0.844498 seconds
2026-06-24 09:23:57,852 [WARNING] [WARN] GPT 실패: 중소 제조기업 근로자 기숙사 임차비 지원
2026-06-24 09:23:57,856 [WARNING] Telegram 전송 실패: HTTPSConnectionPool(host='api.telegram.org', port=443): Max retries exceeded with url: /bot8511728557:AAG_ptk12qLweRTVRusZqif8JpZAhbZd9n8/sendMessage (Caused by NameResolutionError("HTTPSConnection(host='api.telegram.org', port=443): Failed to resolve 'api.telegram.org' ([Errno 8] nodename nor servname provided, or not known)"))
2026-06-24 09:23:57,869 [INFO] 처리 중: 사회복지 증진 지원
2026-06-24 09:23:57,880 [INFO] Retrying request to /chat/completions in 0.463663 seconds
2026-06-24 09:23:58,459 [INFO] Retrying request to /chat/completions in 0.839144 seconds
2026-06-24 09:24:00,601 [INFO] Retrying request to /chat/completions in 0.439092 seconds
2026-06-24 09:24:01,190 [INFO] Retrying request to /chat/completions in 0.820068 seconds
2026-06-24 09:24:02,173 [INFO] Retrying request to /chat/completions in 0.414982 seconds
2026-06-24 09:24:02,672 [INFO] Retrying request to /chat/completions in 0.771954 seconds
2026-06-24 09:24:03,609 [INFO] Retrying request to /chat/completions in 0.466338 seconds
2026-06-24 09:24:04,226 [INFO] Retrying request to /chat/completions in 0.792072 seconds
2026-06-24 09:24:05,175 [WARNING] [WARN] GPT 실패: 사회복지 증진 지원
2026-06-24 09:24:05,179 [WARNING] Telegram 전송 실패: HTTPSConnectionPool(host='api.telegram.org', port=443): Max retries exceeded with url: /bot8511728557:AAG_ptk12qLweRTVRusZqif8JpZAhbZd9n8/sendMessage (Caused by NameResolutionError("HTTPSConnection(host='api.telegram.org', port=443): Failed to resolve 'api.telegram.org' ([Errno 8] nodename nor servname provided, or not known)"))
2026-06-24 09:24:05,193 [INFO] 처리 중: 인천 미추홀구 청년 커뮤니티 활성화 지원
2026-06-24 09:24:05,203 [INFO] Retrying request to /chat/completions in 0.465051 seconds
2026-06-24 09:24:05,822 [INFO] Retrying request to /chat/completions in 0.866919 seconds
2026-06-24 09:24:07,995 [INFO] Retrying request to /chat/completions in 0.481350 seconds
2026-06-24 09:24:08,619 [INFO] Retrying request to /chat/completions in 0.923710 seconds
2026-06-24 09:24:09,712 [INFO] Retrying request to /chat/completions in 0.482594 seconds
2026-06-24 09:24:10,347 [INFO] Retrying request to /chat/completions in 0.991329 seconds
2026-06-24 09:24:11,423 [INFO] Retrying request to /chat/completions in 0.396439 seconds
2026-06-24 09:24:11,968 [INFO] Retrying request to /chat/completions in 0.932054 seconds
2026-06-24 09:24:13,054 [WARNING] [WARN] GPT 실패: 인천 미추홀구 청년 커뮤니티 활성화 지원
2026-06-24 09:24:13,058 [WARNING] Telegram 전송 실패: HTTPSConnectionPool(host='api.telegram.org', port=443): Max retries exceeded with url: /bot8511728557:AAG_ptk12qLweRTVRusZqif8JpZAhbZd9n8/sendMessage (Caused by NameResolutionError("HTTPSConnection(host='api.telegram.org', port=443): Failed to resolve 'api.telegram.org' ([Errno 8] nodename nor servname provided, or not known)"))
2026-06-24 09:24:13,072 [INFO] 처리 중: 자립준비청년(보호종료아동) 자립정착금 지원
2026-06-24 09:24:13,084 [INFO] Retrying request to /chat/completions in 0.421741 seconds
2026-06-24 09:24:13,646 [INFO] Retrying request to /chat/completions in 0.826484 seconds
2026-06-24 09:24:15,781 [INFO] Retrying request to /chat/completions in 0.474972 seconds
2026-06-24 09:24:16,395 [INFO] Retrying request to /chat/completions in 0.897688 seconds
2026-06-24 09:24:17,448 [INFO] Retrying request to /chat/completions in 0.444860 seconds
2026-06-24 09:24:18,045 [INFO] Retrying request to /chat/completions in 0.903119 seconds
2026-06-24 09:24:19,112 [INFO] Retrying request to /chat/completions in 0.391118 seconds
2026-06-24 09:24:19,652 [INFO] Retrying request to /chat/completions in 0.942892 seconds
2026-06-24 09:24:20,749 [WARNING] [WARN] GPT 실패: 자립준비청년(보호종료아동) 자립정착금 지원
2026-06-24 09:24:20,753 [WARNING] Telegram 전송 실패: HTTPSConnectionPool(host='api.telegram.org', port=443): Max retries exceeded with url: /bot8511728557:AAG_ptk12qLweRTVRusZqif8JpZAhbZd9n8/sendMessage (Caused by NameResolutionError("HTTPSConnection(host='api.telegram.org', port=443): Failed to resolve 'api.telegram.org' ([Errno 8] nodename nor servname provided, or not known)"))
2026-06-24 09:24:20,768 [INFO] 처리 중: 강화군 섬 주민 정주생활지원금 지원
2026-06-24 09:24:20,778 [INFO] Retrying request to /chat/completions in 0.380390 seconds
2026-06-24 09:24:21,312 [INFO] Retrying request to /chat/completions in 0.802798 seconds
2026-06-24 09:24:23,429 [INFO] Retrying request to /chat/completions in 0.444720 seconds
2026-06-24 09:24:24,025 [INFO] Retrying request to /chat/completions in 0.949354 seconds
2026-06-24 09:24:25,134 [INFO] Retrying request to /chat/completions in 0.413896 seconds
2026-06-24 09:24:25,699 [INFO] Retrying request to /chat/completions in 0.887115 seconds
2026-06-24 09:24:26,732 [INFO] Retrying request to /chat/completions in 0.446991 seconds
2026-06-24 09:24:27,330 [INFO] Retrying request to /chat/completions in 0.955685 seconds
2026-06-24 09:24:28,441 [WARNING] [WARN] GPT 실패: 강화군 섬 주민 정주생활지원금 지원
2026-06-24 09:24:28,444 [WARNING] Telegram 전송 실패: HTTPSConnectionPool(host='api.telegram.org', port=443): Max retries exceeded with url: /bot8511728557:AAG_ptk12qLweRTVRusZqif8JpZAhbZd9n8/sendMessage (Caused by NameResolutionError("HTTPSConnection(host='api.telegram.org', port=443): Failed to resolve 'api.telegram.org' ([Errno 8] nodename nor servname provided, or not known)"))
2026-06-24 09:24:28,461 [INFO] 처리 중: 귀농인 지원
2026-06-24 09:24:28,473 [INFO] Retrying request to /chat/completions in 0.456686 seconds
2026-06-24 09:24:29,069 [INFO] Retrying request to /chat/completions in 0.916747 seconds
2026-06-24 09:24:31,296 [INFO] Retrying request to /chat/completions in 0.491053 seconds
2026-06-24 09:24:31,941 [INFO] Retrying request to /chat/completions in 0.833108 seconds
2026-06-24 09:24:32,944 [INFO] Retrying request to /chat/completions in 0.492278 seconds
2026-06-24 09:24:33,587 [INFO] Retrying request to /chat/completions in 0.905706 seconds
2026-06-24 09:24:34,657 [INFO] Retrying request to /chat/completions in 0.458573 seconds
2026-06-24 09:24:35,268 [INFO] Retrying request to /chat/completions in 0.978605 seconds
2026-06-24 09:24:36,401 [WARNING] [WARN] GPT 실패: 귀농인 지원
2026-06-24 09:24:36,405 [WARNING] Telegram 전송 실패: HTTPSConnectionPool(host='api.telegram.org', port=443): Max retries exceeded with url: /bot8511728557:AAG_ptk12qLweRTVRusZqif8JpZAhbZd9n8/sendMessage (Caused by NameResolutionError("HTTPSConnection(host='api.telegram.org', port=443): Failed to resolve 'api.telegram.org' ([Errno 8] nodename nor servname provided, or not known)"))
2026-06-24 09:24:36,419 [INFO] 처리 중: 가정위탁아동 자립준비금 지원
2026-06-24 09:24:36,429 [INFO] Retrying request to /chat/completions in 0.428318 seconds
2026-06-24 09:24:37,002 [INFO] Retrying request to /chat/completions in 0.896387 seconds
2026-06-24 09:24:39,218 [INFO] Retrying request to /chat/completions in 0.393529 seconds
2026-06-24 09:24:39,719 [INFO] Retrying request to /chat/completions in 0.934448 seconds
2026-06-24 09:24:40,819 [INFO] Retrying request to /chat/completions in 0.406154 seconds
2026-06-24 09:24:41,375 [INFO] Retrying request to /chat/completions in 0.966330 seconds
2026-06-24 09:24:42,406 [INFO] Retrying request to /chat/completions in 0.427580 seconds
2026-06-24 09:24:42,986 [INFO] Retrying request to /chat/completions in 0.966360 seconds
2026-06-24 09:24:44,106 [WARNING] [WARN] GPT 실패: 가정위탁아동 자립준비금 지원
2026-06-24 09:24:44,110 [WARNING] Telegram 전송 실패: HTTPSConnectionPool(host='api.telegram.org', port=443): Max retries exceeded with url: /bot8511728557:AAG_ptk12qLweRTVRusZqif8JpZAhbZd9n8/sendMessage (Caused by NameResolutionError("HTTPSConnection(host='api.telegram.org', port=443): Failed to resolve 'api.telegram.org' ([Errno 8] nodename nor servname provided, or not known)"))
2026-06-24 09:24:44,126 [INFO] 처리 중: 가정위탁아동 자립적립금 지원
2026-06-24 09:24:44,136 [INFO] Retrying request to /chat/completions in 0.384539 seconds
2026-06-24 09:24:44,567 [INFO] Retrying request to /chat/completions in 0.827696 seconds
2026-06-24 09:24:46,703 [INFO] Retrying request to /chat/completions in 0.391617 seconds
2026-06-24 09:24:47,244 [INFO] Retrying request to /chat/completions in 0.795373 seconds
2026-06-24 09:24:48,192 [INFO] Retrying request to /chat/completions in 0.417207 seconds
2026-06-24 09:24:48,747 [INFO] Retrying request to /chat/completions in 0.827332 seconds
2026-06-24 09:24:49,734 [INFO] Retrying request to /chat/completions in 0.378782 seconds
2026-06-24 09:24:50,263 [INFO] Retrying request to /chat/completions in 0.772659 seconds
2026-06-24 09:24:51,191 [WARNING] [WARN] GPT 실패: 가정위탁아동 자립적립금 지원
2026-06-24 09:24:51,194 [WARNING] Telegram 전송 실패: HTTPSConnectionPool(host='api.telegram.org', port=443): Max retries exceeded with url: /bot8511728557:AAG_ptk12qLweRTVRusZqif8JpZAhbZd9n8/sendMessage (Caused by NameResolutionError("HTTPSConnection(host='api.telegram.org', port=443): Failed to resolve 'api.telegram.org' ([Errno 8] nodename nor servname provided, or not known)"))
2026-06-24 09:24:51,208 [INFO] 처리 중: 행복둥지 사랑의 집수리 지원
2026-06-24 09:24:51,219 [INFO] Retrying request to /chat/completions in 0.447572 seconds
2026-06-24 09:24:51,791 [INFO] Retrying request to /chat/completions in 0.999589 seconds
2026-06-24 09:24:54,108 [INFO] Retrying request to /chat/completions in 0.466761 seconds
2026-06-24 09:24:54,725 [INFO] Retrying request to /chat/completions in 0.963520 seconds
2026-06-24 09:24:55,855 [INFO] Retrying request to /chat/completions in 0.438808 seconds
2026-06-24 09:24:56,436 [INFO] Retrying request to /chat/completions in 0.766952 seconds
2026-06-24 09:24:57,369 [INFO] Retrying request to /chat/completions in 0.446413 seconds
2026-06-24 09:24:57,961 [INFO] Retrying request to /chat/completions in 0.853842 seconds
2026-06-24 09:24:58,922 [WARNING] [WARN] GPT 실패: 행복둥지 사랑의 집수리 지원
2026-06-24 09:24:58,926 [WARNING] Telegram 전송 실패: HTTPSConnectionPool(host='api.telegram.org', port=443): Max retries exceeded with url: /bot8511728557:AAG_ptk12qLweRTVRusZqif8JpZAhbZd9n8/sendMessage (Caused by NameResolutionError("HTTPSConnection(host='api.telegram.org', port=443): Failed to resolve 'api.telegram.org' ([Errno 8] nodename nor servname provided, or not known)"))
2026-06-24 09:24:58,940 [INFO] 처리 중: 어르신주거튼튼서비스
2026-06-24 09:24:58,949 [INFO] Retrying request to /chat/completions in 0.477659 seconds
2026-06-24 09:24:59,437 [INFO] Retrying request to /chat/completions in 0.825766 seconds
2026-06-24 09:25:01,574 [INFO] Retrying request to /chat/completions in 0.461191 seconds
2026-06-24 09:25:02,186 [INFO] Retrying request to /chat/completions in 0.993901 seconds
2026-06-24 09:25:03,338 [INFO] Retrying request to /chat/completions in 0.492072 seconds
2026-06-24 09:25:03,980 [INFO] Retrying request to /chat/completions in 0.789083 seconds
2026-06-24 09:25:04,936 [INFO] Retrying request to /chat/completions in 0.489256 seconds
2026-06-24 09:25:05,569 [INFO] Retrying request to /chat/completions in 0.803672 seconds
2026-06-24 09:25:06,524 [WARNING] [WARN] GPT 실패: 어르신주거튼튼서비스
2026-06-24 09:25:06,527 [WARNING] Telegram 전송 실패: HTTPSConnectionPool(host='api.telegram.org', port=443): Max retries exceeded with url: /bot8511728557:AAG_ptk12qLweRTVRusZqif8JpZAhbZd9n8/sendMessage (Caused by NameResolutionError("HTTPSConnection(host='api.telegram.org', port=443): Failed to resolve 'api.telegram.org' ([Errno 8] nodename nor servname provided, or not known)"))
2026-06-24 09:25:06,543 [INFO] 처리 중: 자활참여자 자활 지원
2026-06-24 09:25:06,555 [INFO] Retrying request to /chat/completions in 0.442563 seconds
2026-06-24 09:25:07,150 [INFO] Retrying request to /chat/completions in 0.783866 seconds
2026-06-24 09:25:09,241 [INFO] Retrying request to /chat/completions in 0.494378 seconds
2026-06-24 09:25:09,879 [INFO] Retrying request to /chat/completions in 0.913887 seconds
2026-06-24 09:25:10,953 [INFO] Retrying request to /chat/completions in 0.428590 seconds
2026-06-24 09:25:11,529 [INFO] Retrying request to /chat/completions in 0.773511 seconds
2026-06-24 09:25:12,465 [INFO] Retrying request to /chat/completions in 0.381211 seconds
2026-06-24 09:25:12,985 [INFO] Retrying request to /chat/completions in 0.953786 seconds
2026-06-24 09:25:14,095 [WARNING] [WARN] GPT 실패: 자활참여자 자활 지원
2026-06-24 09:25:14,099 [WARNING] Telegram 전송 실패: HTTPSConnectionPool(host='api.telegram.org', port=443): Max retries exceeded with url: /bot8511728557:AAG_ptk12qLweRTVRusZqif8JpZAhbZd9n8/sendMessage (Caused by NameResolutionError("HTTPSConnection(host='api.telegram.org', port=443): Failed to resolve 'api.telegram.org' ([Errno 8] nodename nor servname provided, or not known)"))
2026-06-24 09:25:14,115 [INFO] 처리 중: 울주군 신혼부부 주거비용 지원
2026-06-24 09:25:14,126 [INFO] Retrying request to /chat/completions in 0.388556 seconds
2026-06-24 09:25:14,619 [INFO] Retrying request to /chat/completions in 0.785735 seconds
2026-06-24 09:25:16,718 [INFO] Retrying request to /chat/completions in 0.495733 seconds
2026-06-24 09:25:17,348 [INFO] Retrying request to /chat/completions in 0.943106 seconds
2026-06-24 09:25:18,447 [INFO] Retrying request to /chat/completions in 0.449152 seconds
2026-06-24 09:25:18,919 [INFO] Retrying request to /chat/completions in 0.955736 seconds
2026-06-24 09:25:20,033 [INFO] Retrying request to /chat/completions in 0.387255 seconds
2026-06-24 09:25:20,536 [INFO] Retrying request to /chat/completions in 0.837517 seconds
2026-06-24 09:25:21,529 [WARNING] [WARN] GPT 실패: 울주군 신혼부부 주거비용 지원
2026-06-24 09:25:21,533 [WARNING] Telegram 전송 실패: HTTPSConnectionPool(host='api.telegram.org', port=443): Max retries exceeded with url: /bot8511728557:AAG_ptk12qLweRTVRusZqif8JpZAhbZd9n8/sendMessage (Caused by NameResolutionError("HTTPSConnection(host='api.telegram.org', port=443): Failed to resolve 'api.telegram.org' ([Errno 8] nodename nor servname provided, or not known)"))
2026-06-24 09:25:21,549 [INFO] 처리 중: 울주군 신혼부부 주택 매입/전세자금 대출이자 지원
2026-06-24 09:25:21,560 [INFO] Retrying request to /chat/completions in 0.408798 seconds
2026-06-24 09:25:22,122 [INFO] Retrying request to /chat/completions in 0.838758 seconds
2026-06-24 09:25:24,264 [INFO] Retrying request to /chat/completions in 0.399592 seconds
2026-06-24 09:25:24,810 [INFO] Retrying request to /chat/completions in 0.981788 seconds
2026-06-24 09:25:25,959 [INFO] Retrying request to /chat/completions in 0.388552 seconds
2026-06-24 09:27:26,733 [INFO] Retrying request to /chat/completions in 0.835513 seconds
2026-06-24 09:29:28,467 [INFO] HTTP Request: POST https://integrate.api.nvidia.com/v1/chat/completions "HTTP/1.1 200 OK"
2026-06-24 09:32:43,338 [INFO] Retrying request to /chat/completions in 0.476070 seconds
2026-06-24 09:34:14,126 [INFO] Retrying request to /chat/completions in 0.934007 seconds
2026-06-24 09:35:45,408 [INFO] 제목 추출: 울산 무주택 신혼부부, 주택담보대출 이자 최대 2% 지원! 완벽 정리
2026-06-24 09:35:45,634 [INFO] [reviewer] ['Mimo 검수 실패: HTTPSConnectionPool(host=\'api.mimo.kr\', port=443): Max retries exceeded with url: /v2_5/complete (Caused by NameResolutionError("HTTPSConnection(host=\'api.mimo.kr\', port=443): Failed to resolve \'api.mimo.kr\' ([Errno 8] nodename nor servname provided, or not known)"))']
2026-06-24 09:35:46,810 [INFO] 저장: /Users/twinssn/Projects/money-aikorea24/src/content/blog/울산-무주택-신혼부부-주택담보대출-이자-최대-2-지원-완벽-정리-000128.md
2026-06-24 09:35:46,813 [INFO] 발행 성공: 울산 무주택 신혼부부, 주택담보대출 이자 최대 2% 지원! 완벽 정리 | loan | google/gemma-3n-e4b-it
2026-06-24 09:35:46,837 [INFO] 처리 중: 발달장애인 주간활동서비스
2026-06-24 09:35:47,354 [INFO] HTTP Request: POST https://integrate.api.nvidia.com/v1/chat/completions "HTTP/1.1 200 OK"
2026-06-24 09:37:02,149 [INFO] HTTP Request: POST https://integrate.api.nvidia.com/v1/chat/completions "HTTP/1.1 200 OK"
2026-06-24 09:37:02,162 [INFO] 제목 추출: 맞벌이 신혼부부, 발달장애 자녀 주간서비스로 돌봄 부담 줄이는 법 총정리
2026-06-24 09:37:02,170 [INFO] [reviewer] ['Mimo 검수 실패: HTTPSConnectionPool(host=\'api.mimo.kr\', port=443): Max retries exceeded with url: /v2_5/complete (Caused by NameResolutionError("HTTPSConnection(host=\'api.mimo.kr\', port=443): Failed to resolve \'api.mimo.kr\' ([Errno 8] nodename nor servname provided, or not known)"))']
2026-06-24 09:37:02,171 [INFO] [validator] 수정됨: ['HEADING_MISSING:이란?', 'HEADING_MISSING:방법']
2026-06-24 09:37:02,632 [INFO] 저장: /Users/twinssn/Projects/money-aikorea24/src/content/blog/맞벌이-신혼부부-발달장애-자녀-주간서비스로-돌봄-부담-줄이는-법-총정리-000130.md
2026-06-24 09:37:02,636 [INFO] 발행 성공: 맞벌이 신혼부부, 발달장애 자녀 주간서비스로 돌봄 부담 줄이는 법 총정리 | insurance | google/diffusiongemma-26b-a4b-it
2026-06-24 09:37:02,665 [INFO] 처리 중: [2026] 서울 20대 직장인 평균 월급 293만원… 나는 어디쯤?
2026-06-24 09:37:02,952 [INFO] HTTP Request: POST https://integrate.api.nvidia.com/v1/chat/completions "HTTP/1.1 200 OK"
2026-06-24 09:38:24,774 [INFO] HTTP Request: POST https://integrate.api.nvidia.com/v1/chat/completions "HTTP/1.1 200 OK"
2026-06-24 09:38:24,782 [INFO] 제목 추출: 서울 25세 직장인, 내 월급은 평균 이상일까? 소득 통계 총정리
2026-06-24 09:38:24,793 [INFO] [reviewer] ['Mimo 검수 실패: HTTPSConnectionPool(host=\'api.mimo.kr\', port=443): Max retries exceeded with url: /v2_5/complete (Caused by NameResolutionError("HTTPSConnection(host=\'api.mimo.kr\', port=443): Failed to resolve \'api.mimo.kr\' ([Errno 8] nodename nor servname provided, or not known)"))']
2026-06-24 09:38:24,794 [INFO] [validator] 수정됨: ['HEADING_MISSING:이란?']
2026-06-24 09:38:26,202 [INFO] 저장: /Users/twinssn/Projects/money-aikorea24/src/content/blog/서울-25세-직장인-내-월급은-평균-이상일까-소득-통계-총정리-26-06-.md
2026-06-24 09:38:26,204 [INFO] 발행 성공: 서울 25세 직장인, 내 월급은 평균 이상일까? 소득 통계 총정리 | invest | google/diffusiongemma-26b-a4b-it
2026-06-24 09:38:26,237 [INFO] 처리 중: 미혼모가족복지시설 퇴소자 자립 지원
2026-06-24 09:38:26,533 [INFO] HTTP Request: POST https://integrate.api.nvidia.com/v1/chat/completions "HTTP/1.1 200 OK"
2026-06-24 09:39:34,286 [INFO] HTTP Request: POST https://integrate.api.nvidia.com/v1/chat/completions "HTTP/1.1 200 OK"
2026-06-24 09:39:34,295 [INFO] 제목 추출: 무주택 직장인, 수원시 미혼모 자립지원금 1,500만 원 받는 법 총정리
2026-06-24 09:39:34,511 [INFO] [reviewer] ['Mimo 검수 실패: HTTPSConnectionPool(host=\'api.mimo.kr\', port=443): Max retries exceeded with url: /v2_5/complete (Caused by NameResolutionError("HTTPSConnection(host=\'api.mimo.kr\', port=443): Failed to resolve \'api.mimo.kr\' ([Errno 8] nodename nor servname provided, or not known)"))']
2026-06-24 09:39:34,512 [INFO] [validator] 수정됨: ['HEADING_MISSING:이란?']
2026-06-24 09:39:34,962 [INFO] 저장: /Users/twinssn/Projects/money-aikorea24/src/content/blog/무주택-직장인-수원시-미혼모-자립지원금-1500만-원-받는-법-총정리-000115.md
2026-06-24 09:39:34,968 [INFO] 발행 성공: 무주택 직장인, 수원시 미혼모 자립지원금 1,500만 원 받는 법 총정리 | loan | google/diffusiongemma-26b-a4b-it
2026-06-24 09:39:35,003 [INFO] 처리 중: 청소년 발달장애인 방과후활동서비스
2026-06-24 09:39:35,290 [INFO] HTTP Request: POST https://integrate.api.nvidia.com/v1/chat/completions "HTTP/1.1 200 OK"
2026-06-24 09:40:39,605 [INFO] HTTP Request: POST https://integrate.api.nvidia.com/v1/chat/completions "HTTP/1.1 200 OK"
2026-06-24 09:40:39,615 [INFO] 제목 추출: 맞벌이 신혼부부, 우리 아이 방과후 돌봄 걱정 덜어줄 방과활동서비스 완벽
2026-06-24 09:40:39,624 [INFO] [reviewer] ['Mimo 검수 실패: HTTPSConnectionPool(host=\'api.mimo.kr\', port=443): Max retries exceeded with url: /v2_5/complete (Caused by NameResolutionError("HTTPSConnection(host=\'api.mimo.kr\', port=443): Failed to resolve \'api.mimo.kr\' ([Errno 8] nodename nor servname provided, or not known)"))']
2026-06-24 09:40:39,625 [INFO] [validator] 수정됨: ['HEADING_MISSING:이란?', 'HEADING_MISSING:방법']
2026-06-24 09:40:40,122 [INFO] 저장: /Users/twinssn/Projects/money-aikorea24/src/content/blog/맞벌이-신혼부부-우리-아이-방과후-돌봄-걱정-덜어줄-방과활동서비스-완벽정리-000132.md
2026-06-24 09:40:40,124 [INFO] 발행 성공: 맞벌이 신혼부부, 우리 아이 방과후 돌봄 걱정 덜어줄 방과활동서비스 완벽 | insurance | google/diffusiongemma-26b-a4b-it
2026-06-24 09:40:40,154 [INFO] 처리 중: 저소득장애인 이사비 지원
2026-06-24 09:40:40,445 [INFO] HTTP Request: POST https://integrate.api.nvidia.com/v1/chat/completions "HTTP/1.1 200 OK"
2026-06-24 09:41:44,953 [INFO] HTTP Request: POST https://integrate.api.nvidia.com/v1/chat/completions "HTTP/1.1 200 OK"
2026-06-24 09:41:44,968 [INFO] 제목 추출: 무주택 직장인, 수원시 이사 시 이사비 최대 20만 원 받는 법 총정리
2026-06-24 09:41:44,974 [INFO] [reviewer] ['Mimo 검수 실패: HTTPSConnectionPool(host=\'api.mimo.kr\', port=443): Max retries exceeded with url: /v2_5/complete (Caused by NameResolutionError("HTTPSConnection(host=\'api.mimo.kr\', port=443): Failed to resolve \'api.mimo.kr\' ([Errno 8] nodename nor servname provided, or not known)"))']
2026-06-24 09:41:44,974 [INFO] [validator] 수정됨: ['HEADING_MISSING:이란?']
2026-06-24 09:41:45,445 [INFO] 저장: /Users/twinssn/Projects/money-aikorea24/src/content/blog/무주택-직장인-수원시-이사-시-이사비-최대-20만-원-받는-법-총정리-000125.md
2026-06-24 09:41:45,448 [INFO] 발행 성공: 무주택 직장인, 수원시 이사 시 이사비 최대 20만 원 받는 법 총정리 | loan | google/diffusiongemma-26b-a4b-it
2026-06-24 09:41:45,483 [INFO] 처리 중: (수원시) 가사홈서비스
2026-06-24 09:41:45,773 [INFO] HTTP Request: POST https://integrate.api.nvidia.com/v1/chat/completions "HTTP/1.1 200 OK"
2026-06-24 09:43:00,406 [INFO] HTTP Request: POST https://integrate.api.nvidia.com/v1/chat/completions "HTTP/1.1 200 OK"
2026-06-24 09:43:00,416 [INFO] 제목 추출: 3040 직장인, 수원시 소규모집수리 지원으로 수리비 아끼는 법 총정리
2026-06-24 09:43:00,432 [INFO] [reviewer] ['Mimo 검수 실패: HTTPSConnectionPool(host=\'api.mimo.kr\', port=443): Max retries exceeded with url: /v2_5/complete (Caused by NameResolutionError("HTTPSConnection(host=\'api.mimo.kr\', port=443): Failed to resolve \'api.mimo.kr\' ([Errno 8] nodename nor servname provided, or not known)"))']
2026-06-24 09:43:02,026 [INFO] 저장: /Users/twinssn/Projects/money-aikorea24/src/content/blog/3040-직장인-수원시-소규모집수리-지원으로-수리비-아끼는-법-총정리-000563.md
2026-06-24 09:43:02,030 [INFO] 발행 성공: 3040 직장인, 수원시 소규모집수리 지원으로 수리비 아끼는 법 총정리 | loan | google/diffusiongemma-26b-a4b-it
2026-06-24 09:43:02,058 [INFO] 처리 중: 시설급여
2026-06-24 09:43:02,340 [INFO] HTTP Request: POST https://integrate.api.nvidia.com/v1/chat/completions "HTTP/1.1 200 OK"
2026-06-24 09:44:20,572 [INFO] HTTP Request: POST https://integrate.api.nvidia.com/v1/chat/completions "HTTP/1.1 200 OK"
2026-06-24 09:44:20,580 [INFO] 제목 추출: 맞벌이 신혼부부 부모님 부양 고민, 장기요양 시설급여 혜택 총정리
2026-06-24 09:44:20,703 [INFO] [reviewer] ['Mimo 검수 실패: HTTPSConnectionPool(host=\'api.mimo.kr\', port=443): Max retries exceeded with url: /v2_5/complete (Caused by NameResolutionError("HTTPSConnection(host=\'api.mimo.kr\', port=443): Failed to resolve \'api.mimo.kr\' ([Errno 8] nodename nor servname provided, or not known)"))']
2026-06-24 09:44:20,704 [INFO] [validator] 수정됨: ['HEADING_MISSING:이란?', 'HEADING_MISSING:방법']
2026-06-24 09:44:21,317 [INFO] 저장: /Users/twinssn/Projects/money-aikorea24/src/content/blog/맞벌이-신혼부부-부모님-부양-고민-장기요양-시설급여-혜택-총정리-005006.md
2026-06-24 09:44:21,321 [INFO] 발행 성공: 맞벌이 신혼부부 부모님 부양 고민, 장기요양 시설급여 혜택 총정리 | insurance | google/diffusiongemma-26b-a4b-it
2026-06-24 09:44:21,362 [INFO] 처리 중: [2026] 서울 20대 여성 평균 월급 251만원… 나는 어디쯤?
2026-06-24 09:44:21,640 [INFO] HTTP Request: POST https://integrate.api.nvidia.com/v1/chat/completions "HTTP/1.1 200 OK"
2026-06-24 09:45:39,719 [INFO] HTTP Request: POST https://integrate.api.nvidia.com/v1/chat/completions "HTTP/1.1 200 OK"
2026-06-24 09:45:39,797 [INFO] 제목 추출: 서울 25세 직장인 평균 월급, 내 또래와 비교하면 어느 정도 수준?
2026-06-24 09:45:39,807 [INFO] [reviewer] ['Mimo 검수 실패: HTTPSConnectionPool(host=\'api.mimo.kr\', port=443): Max retries exceeded with url: /v2_5/complete (Caused by NameResolutionError("HTTPSConnection(host=\'api.mimo.kr\', port=443): Failed to resolve \'api.mimo.kr\' ([Errno 8] nodename nor servname provided, or not known)"))', '마커 fallback 삽입']
2026-06-24 09:45:39,808 [INFO] [validator] 수정됨: ['HEADING_MISSING:이란?', 'HEADING_MISSING:방법']
2026-06-24 09:45:41,227 [INFO] 저장: /Users/twinssn/Projects/money-aikorea24/src/content/blog/서울-25세-직장인-평균-월급-내-또래와-비교하면-어느-정도-수준-26-06-.md
2026-06-24 09:45:41,277 [INFO] 발행 성공: 서울 25세 직장인 평균 월급, 내 또래와 비교하면 어느 정도 수준? | invest | google/diffusiongemma-26b-a4b-it
2026-06-24 09:45:41,368 [INFO] 처리 중: (수원시) 어학·자격시험 응시료 지원
2026-06-24 09:45:41,688 [INFO] HTTP Request: POST https://integrate.api.nvidia.com/v1/chat/completions "HTTP/1.1 200 OK"
2026-06-24 09:46:48,008 [INFO] HTTP Request: POST https://integrate.api.nvidia.com/v1/chat/completions "HTTP/1.1 200 OK"
2026-06-24 09:46:48,016 [INFO] 제목 추출: 2024년 수원시 직장인, 청년 응시료 최대 30만원 환급받는 법 총정리
2026-06-24 09:46:48,025 [INFO] [reviewer] ['Mimo 검수 실패: HTTPSConnectionPool(host=\'api.mimo.kr\', port=443): Max retries exceeded with url: /v2_5/complete (Caused by NameResolutionError("HTTPSConnection(host=\'api.mimo.kr\', port=443): Failed to resolve \'api.mimo.kr\' ([Errno 8] nodename nor servname provided, or not known)"))']
2026-06-24 09:46:48,499 [INFO] 저장: /Users/twinssn/Projects/money-aikorea24/src/content/blog/2024년-수원시-직장인-청년-응시료-최대-30만원-환급받는-법-총정리-000595.md
2026-06-24 09:46:48,502 [INFO] 발행 성공: 2024년 수원시 직장인, 청년 응시료 최대 30만원 환급받는 법 총정리 | loan | google/diffusiongemma-26b-a4b-it
2026-06-24 09:46:48,529 [INFO] 처리 중: 특별공로자 및 우수인재 특별귀화 허가 신청 수수료 면제 안내
2026-06-24 09:46:48,963 [INFO] HTTP Request: POST https://integrate.api.nvidia.com/v1/chat/completions "HTTP/1.1 200 OK"
2026-06-24 09:48:10,379 [INFO] HTTP Request: POST https://integrate.api.nvidia.com/v1/chat/completions "HTTP/1.1 200 OK"
2026-06-24 09:48:10,388 [INFO] 제목 추출: 특별공로자 및 우수인재 특별귀화 허가 신청 수수료 면제 혜택 정리
2026-06-24 09:48:10,508 [INFO] [reviewer] ['Mimo 검수 실패: HTTPSConnectionPool(host=\'api.mimo.kr\', port=443): Max retries exceeded with url: /v2_5/complete (Caused by NameResolutionError("HTTPSConnection(host=\'api.mimo.kr\', port=443): Failed to resolve \'api.mimo.kr\' ([Errno 8] nodename nor servname provided, or not known)"))']
2026-06-24 09:48:10,509 [INFO] [validator] 수정됨: ['HEADING_MISSING:이란?']
2026-06-24 09:48:11,938 [INFO] 저장: /Users/twinssn/Projects/money-aikorea24/src/content/blog/특별공로자-및-우수인재-특별귀화-허가-신청-수수료-면제-혜택-정리-000022.md
2026-06-24 09:48:11,943 [INFO] 발행 성공: 특별공로자 및 우수인재 특별귀화 허가 신청 수수료 면제 혜택 정리 | general | google/diffusiongemma-26b-a4b-it
2026-06-24 09:48:11,982 [INFO] 처리 중: 입양축하금
2026-06-24 09:48:12,262 [INFO] HTTP Request: POST https://integrate.api.nvidia.com/v1/chat/completions "HTTP/1.1 200 OK"
2026-06-24 09:49:31,332 [INFO] HTTP Request: POST https://integrate.api.nvidia.com/v1/chat/completions "HTTP/1.1 200 OK"
2026-06-24 09:49:31,343 [INFO] 제목 추출: 맞벌이 신혼부부, 200만 원 입양축하금 놓치지 않고 신청하는 법 총정리
2026-06-24 09:49:31,351 [INFO] [reviewer] ['Mimo 검수 실패: HTTPSConnectionPool(host=\'api.mimo.kr\', port=443): Max retries exceeded with url: /v2_5/complete (Caused by NameResolutionError("HTTPSConnection(host=\'api.mimo.kr\', port=443): Failed to resolve \'api.mimo.kr\' ([Errno 8] nodename nor servname provided, or not known)"))']
2026-06-24 09:49:31,351 [INFO] [validator] 수정됨: ['HEADING_MISSING:이란?', 'HEADING_MISSING:방법']
2026-06-24 09:49:31,783 [INFO] 저장: /Users/twinssn/Projects/money-aikorea24/src/content/blog/맞벌이-신혼부부-200만-원-입양축하금-놓치지-않고-신청하는-법-총정리-005011.md
2026-06-24 09:49:31,787 [INFO] 발행 성공: 맞벌이 신혼부부, 200만 원 입양축하금 놓치지 않고 신청하는 법 총정리 | insurance | google/diffusiongemma-26b-a4b-it
2026-06-24 09:49:31,817 [INFO] 처리 중: 성남시 다자녀가구 전세자금 대출이자 지원
2026-06-24 09:49:32,095 [INFO] HTTP Request: POST https://integrate.api.nvidia.com/v1/chat/completions "HTTP/1.1 200 OK"
2026-06-24 09:50:38,770 [INFO] HTTP Request: POST https://integrate.api.nvidia.com/v1/chat/completions "HTTP/1.1 200 OK"
2026-06-24 09:50:38,779 [INFO] 제목 추출: 자녀 3명 둔 성남시 직장인, 전세 이자 연 100만원 절약받는 법 총정
2026-06-24 09:50:38,786 [INFO] [reviewer] ['Mimo 검수 실패: HTTPSConnectionPool(host=\'api.mimo.kr\', port=443): Max retries exceeded with url: /v2_5/complete (Caused by NameResolutionError("HTTPSConnection(host=\'api.mimo.kr\', port=443): Failed to resolve \'api.mimo.kr\' ([Errno 8] nodename nor servname provided, or not known)"))']
2026-06-24 09:50:39,235 [INFO] 저장: /Users/twinssn/Projects/money-aikorea24/src/content/blog/자녀-3명-둔-성남시-직장인-전세-이자-연-100만원-절약받는-법-총정리-000135.md
2026-06-24 09:50:39,240 [INFO] 발행 성공: 자녀 3명 둔 성남시 직장인, 전세 이자 연 100만원 절약받는 법 총정 | loan | google/diffusiongemma-26b-a4b-it
2026-06-24 09:50:39,275 [INFO] 처리 중: 전세보증금반환보증 보증료 지원
2026-06-24 09:50:39,592 [INFO] HTTP Request: POST https://integrate.api.nvidia.com/v1/chat/completions "HTTP/1.1 200 OK"
2026-06-24 09:52:05,027 [INFO] HTTP Request: POST https://integrate.api.nvidia.com/v1/chat/completions "HTTP/1.1 200 OK"
2026-06-24 09:52:05,037 [INFO] 제목 추출: 무주택 직장인, 전세보증금반환 보증료 40만원 환급받는 법 총정리
2026-06-24 09:52:05,255 [INFO] [reviewer] ['Mimo 검수 실패: HTTPSConnectionPool(host=\'api.mimo.kr\', port=443): Max retries exceeded with url: /v2_5/complete (Caused by NameResolutionError("HTTPSConnection(host=\'api.mimo.kr\', port=443): Failed to resolve \'api.mimo.kr\' ([Errno 8] nodename nor servname provided, or not known)"))']
2026-06-24 09:52:05,256 [INFO] [validator] 수정됨: ['HEADING_MISSING:이란?']
2026-06-24 09:52:05,849 [INFO] 저장: /Users/twinssn/Projects/money-aikorea24/src/content/blog/무주택-직장인-전세보증금반환-보증료-40만원-환급받는-법-총정리-000174.md
2026-06-24 09:52:05,853 [INFO] 발행 성공: 무주택 직장인, 전세보증금반환 보증료 40만원 환급받는 법 총정리 | loan | google/diffusiongemma-26b-a4b-it
2026-06-24 09:52:05,884 [INFO] 처리 중: 첫만남이용권 지원
2026-06-24 09:52:06,182 [INFO] HTTP Request: POST https://integrate.api.nvidia.com/v1/chat/completions "HTTP/1.1 200 OK"
2026-06-24 09:53:18,435 [INFO] HTTP Request: POST https://integrate.api.nvidia.com/v1/chat/completions "HTTP/1.1 200 OK"
2026-06-24 09:53:18,442 [INFO] 제목 추출: 2024 맞벌이 부부, 첫만남이용권 300만 원 혜택 챙기는 법 총정리
2026-06-24 09:53:18,449 [INFO] [reviewer] ['Mimo 검수 실패: HTTPSConnectionPool(host=\'api.mimo.kr\', port=443): Max retries exceeded with url: /v2_5/complete (Caused by NameResolutionError("HTTPSConnection(host=\'api.mimo.kr\', port=443): Failed to resolve \'api.mimo.kr\' ([Errno 8] nodename nor servname provided, or not known)"))']
2026-06-24 09:53:18,449 [INFO] [validator] 수정됨: ['HEADING_MISSING:이란?']
2026-06-24 09:53:18,940 [INFO] 저장: /Users/twinssn/Projects/money-aikorea24/src/content/blog/2024-맞벌이-부부-첫만남이용권-300만-원-혜택-챙기는-법-총정리-005015.md
2026-06-24 09:53:18,944 [INFO] 발행 성공: 2024 맞벌이 부부, 첫만남이용권 300만 원 혜택 챙기는 법 총정리 | insurance | google/diffusiongemma-26b-a4b-it
2026-06-24 09:53:18,987 [INFO] 처리 중: [2026] 서울 30대 직장인 평균 월급 404만원… 나는 어디쯤?
2026-06-24 09:53:19,270 [INFO] HTTP Request: POST https://integrate.api.nvidia.com/v1/chat/completions "HTTP/1.1 200 OK"
2026-06-24 09:54:38,473 [INFO] HTTP Request: POST https://integrate.api.nvidia.com/v1/chat/completions "HTTP/1.1 200 OK"
2026-06-24 09:54:38,491 [INFO] 제목 추출: 서울 35세 직장인, 내 월급은 평균 수준일까? 소득 통계 총정리
2026-06-24 09:54:38,507 [INFO] [reviewer] ['Mimo 검수 실패: HTTPSConnectionPool(host=\'api.mimo.kr\', port=443): Max retries exceeded with url: /v2_5/complete (Caused by NameResolutionError("HTTPSConnection(host=\'api.mimo.kr\', port=443): Failed to resolve \'api.mimo.kr\' ([Errno 8] nodename nor servname provided, or not known)"))']
2026-06-24 09:54:38,507 [INFO] [validator] 수정됨: ['HEADING_MISSING:이란?']
2026-06-24 09:54:39,039 [INFO] 저장: /Users/twinssn/Projects/money-aikorea24/src/content/blog/서울-35세-직장인-내-월급은-평균-수준일까-소득-통계-총정리-26-06-.md
2026-06-24 09:54:39,043 [INFO] 발행 성공: 서울 35세 직장인, 내 월급은 평균 수준일까? 소득 통계 총정리 | invest | google/diffusiongemma-26b-a4b-it
2026-06-24 09:54:39,076 [INFO] 처리 중: 장애인 주택개조 지원
2026-06-24 09:54:39,438 [INFO] HTTP Request: POST https://integrate.api.nvidia.com/v1/chat/completions "HTTP/1.1 200 OK"
2026-06-24 09:55:53,632 [INFO] HTTP Request: POST https://integrate.api.nvidia.com/v1/chat/completions "HTTP/1.1 200 OK"
2026-06-24 09:55:53,644 [INFO] 제목 추출: 무주택 직장인, 의정부시 장애인 주택개조 지원으로 주거 환경 개선하는 법
2026-06-24 09:55:53,773 [INFO] [reviewer] ['Mimo 검수 실패: HTTPSConnectionPool(host=\'api.mimo.kr\', port=443): Max retries exceeded with url: /v2_5/complete (Caused by NameResolutionError("HTTPSConnection(host=\'api.mimo.kr\', port=443): Failed to resolve \'api.mimo.kr\' ([Errno 8] nodename nor servname provided, or not known)"))']
2026-06-24 09:55:53,774 [INFO] [validator] 수정됨: ['HEADING_MISSING:방법']
2026-06-24 09:55:54,300 [INFO] 저장: /Users/twinssn/Projects/money-aikorea24/src/content/blog/무주택-직장인-의정부시-장애인-주택개조-지원으로-주거-환경-개선하는-법-총정리-000175.md
2026-06-24 09:55:54,304 [INFO] 발행 성공: 무주택 직장인, 의정부시 장애인 주택개조 지원으로 주거 환경 개선하는 법 | loan | google/diffusiongemma-26b-a4b-it
2026-06-24 09:55:54,334 [INFO] 처리 중: 전문아동보호비 지원
2026-06-24 09:55:54,698 [INFO] HTTP Request: POST https://integrate.api.nvidia.com/v1/chat/completions "HTTP/1.1 200 OK"
2026-06-24 09:57:08,239 [INFO] HTTP Request: POST https://integrate.api.nvidia.com/v1/chat/completions "HTTP/1.1 200 OK"
2026-06-24 09:57:08,247 [INFO] 제목 추출: 2040 직장인 부모를 위한 위기아동 가보호 및 전문가위탁 지원혜택 총정
2026-06-24 09:57:08,255 [INFO] [reviewer] ['Mimo 검수 실패: HTTPSConnectionPool(host=\'api.mimo.kr\', port=443): Max retries exceeded with url: /v2_5/complete (Caused by NameResolutionError("HTTPSConnection(host=\'api.mimo.kr\', port=443): Failed to resolve \'api.mimo.kr\' ([Errno 8] nodename nor servname provided, or not known)"))']
2026-06-24 09:57:08,255 [INFO] [validator] 수정됨: ['HEADING_MISSING:이란?', 'HEADING_MISSING:방법']
2026-06-24 09:57:08,824 [INFO] 저장: /Users/twinssn/Projects/money-aikorea24/src/content/blog/2040-직장인-부모를-위한-위기아동-가보호-및-전문가위탁-지원혜택-총정리-005016.md
2026-06-24 09:57:08,827 [INFO] 발행 성공: 2040 직장인 부모를 위한 위기아동 가보호 및 전문가위탁 지원혜택 총정 | insurance | google/diffusiongemma-26b-a4b-it
2026-06-24 09:57:08,862 [INFO] 처리 중: 신혼부부 주택매입 및 전세자금 대출이자 지원
2026-06-24 09:57:09,163 [INFO] HTTP Request: POST https://integrate.api.nvidia.com/v1/chat/completions "HTTP/1.1 200 OK"
2026-06-24 09:58:25,329 [INFO] HTTP Request: POST https://integrate.api.nvidia.com/v1/chat/completions "HTTP/1.1 200 OK"
2026-06-24 09:58:25,340 [INFO] 제목 추출: 30대 신혼부부, 안양시 대출이자 연 100만원 지원받는 법 총정리
2026-06-24 09:58:25,352 [INFO] [reviewer] ['Mimo 검수 실패: HTTPSConnectionPool(host=\'api.mimo.kr\', port=443): Max retries exceeded with url: /v2_5/complete (Caused by NameResolutionError("HTTPSConnection(host=\'api.mimo.kr\', port=443): Failed to resolve \'api.mimo.kr\' ([Errno 8] nodename nor servname provided, or not known)"))']
2026-06-24 09:58:25,352 [INFO] [validator] 수정됨: ['HEADING_MISSING:방법']
2026-06-24 09:58:25,897 [INFO] 저장: /Users/twinssn/Projects/money-aikorea24/src/content/blog/30대-신혼부부-안양시-대출이자-연-100만원-지원받는-법-총정리-000112.md
2026-06-24 09:58:25,901 [INFO] 발행 성공: 30대 신혼부부, 안양시 대출이자 연 100만원 지원받는 법 총정리 | loan | google/diffusiongemma-26b-a4b-it
2026-06-24 09:58:25,937 [INFO] 처리 중: 귀화허가, 국적회복허가 신청 및 국적업무 증명서 발급 수수료 면제 안내
2026-06-24 09:58:26,228 [INFO] HTTP Request: POST https://integrate.api.nvidia.com/v1/chat/completions "HTTP/1.1 200 OK"
2026-06-24 09:59:43,969 [INFO] HTTP Request: POST https://integrate.api.nvidia.com/v1/chat/completions "HTTP/1.1 200 OK"
2026-06-24 09:59:43,977 [INFO] 제목 추출: 3040 직장인을 위한 귀화 및 국적회복 신청 자격과 혜택 완벽정리
2026-06-24 09:59:44,093 [INFO] [reviewer] ['Mimo 검수 실패: HTTPSConnectionPool(host=\'api.mimo.kr\', port=443): Max retries exceeded with url: /v2_5/complete (Caused by NameResolutionError("HTTPSConnection(host=\'api.mimo.kr\', port=443): Failed to resolve \'api.mimo.kr\' ([Errno 8] nodename nor servname provided, or not known)"))']
2026-06-24 09:59:44,094 [INFO] [validator] 수정됨: ['HEADING_MISSING:이란?', 'HEADING_MISSING:방법']
2026-06-24 09:59:44,612 [INFO] 저장: /Users/twinssn/Projects/money-aikorea24/src/content/blog/3040-직장인을-위한-귀화-및-국적회복-신청-자격과-혜택-완벽정리-000023.md
2026-06-24 09:59:44,615 [INFO] 발행 성공: 3040 직장인을 위한 귀화 및 국적회복 신청 자격과 혜택 완벽정리 | general | google/diffusiongemma-26b-a4b-it
2026-06-24 09:59:44,642 [INFO] 처리 중: 안양 청년 월세 지원
2026-06-24 09:59:44,924 [INFO] HTTP Request: POST https://integrate.api.nvidia.com/v1/chat/completions "HTTP/1.1 200 OK"
2026-06-24 10:00:48,647 [INFO] HTTP Request: POST https://integrate.api.nvidia.com/v1/chat/completions "HTTP/1.1 200 OK"
2026-06-24 10:00:48,656 [INFO] 제목 추출: 3040 안양 직장인, 월 20만 원 아끼는 청년 월세 지원 총정리
2026-06-24 10:00:48,669 [INFO] [reviewer] ['Mimo 검수 실패: HTTPSConnectionPool(host=\'api.mimo.kr\', port=443): Max retries exceeded with url: /v2_5/complete (Caused by NameResolutionError("HTTPSConnection(host=\'api.mimo.kr\', port=443): Failed to resolve \'api.mimo.kr\' ([Errno 8] nodename nor servname provided, or not known)"))']
2026-06-24 10:00:48,669 [INFO] [validator] 수정됨: ['HEADING_MISSING:이란?']
2026-06-24 10:00:49,352 [INFO] 저장: /Users/twinssn/Projects/money-aikorea24/src/content/blog/3040-안양-직장인-월-20만-원-아끼는-청년-월세-지원-총정리-000113.md
2026-06-24 10:00:49,356 [INFO] 발행 성공: 3040 안양 직장인, 월 20만 원 아끼는 청년 월세 지원 총정리 | loan | google/diffusiongemma-26b-a4b-it
2026-06-24 10:00:49,390 [INFO] 처리 중: 금연캠프사업
2026-06-24 10:00:49,689 [INFO] HTTP Request: POST https://integrate.api.nvidia.com/v1/chat/completions "HTTP/1.1 200 OK"
2026-06-24 10:02:06,817 [INFO] HTTP Request: POST https://integrate.api.nvidia.com/v1/chat/completions "HTTP/1.1 200 OK"
2026-06-24 10:02:06,826 [INFO] 제목 추출: 3040 직장인, 의지력 탓 아닌 '금연캠프'로 확실하게 성공하는 법 총
2026-06-24 10:02:06,836 [INFO] [reviewer] ['Mimo 검수 실패: HTTPSConnectionPool(host=\'api.mimo.kr\', port=443): Max retries exceeded with url: /v2_5/complete (Caused by NameResolutionError("HTTPSConnection(host=\'api.mimo.kr\', port=443): Failed to resolve \'api.mimo.kr\' ([Errno 8] nodename nor servname provided, or not known)"))']
2026-06-24 10:02:06,837 [INFO] [validator] 수정됨: ['HEADING_MISSING:이란?']
2026-06-24 10:02:07,292 [INFO] 저장: /Users/twinssn/Projects/money-aikorea24/src/content/blog/3040-직장인-의지력-탓-아닌-금연캠프로-확실하게-성공하는-법-총정리-005024.md
2026-06-24 10:02:07,295 [INFO] 발행 성공: 3040 직장인, 의지력 탓 아닌 '금연캠프'로 확실하게 성공하는 법 총 | insurance | google/diffusiongemma-26b-a4b-it
2026-06-24 10:02:07,337 [INFO] 처리 중: [2026] 서울 30대 여성 평균 월급 267만원… 나는 어디쯤?
2026-06-24 10:02:07,843 [INFO] HTTP Request: POST https://integrate.api.nvidia.com/v1/chat/completions "HTTP/1.1 200 OK"
2026-06-24 10:03:14,968 [INFO] HTTP Request: POST https://integrate.api.nvidia.com/v1/chat/completions "HTTP/1.1 200 OK"
2026-06-24 10:03:14,977 [INFO] 제목 추출: 35세 서울 직장인, 내 또래 평균 월급은 얼마일까? 완벽정리
2026-06-24 10:03:14,984 [INFO] [reviewer] ['Mimo 검수 실패: HTTPSConnectionPool(host=\'api.mimo.kr\', port=443): Max retries exceeded with url: /v2_5/complete (Caused by NameResolutionError("HTTPSConnection(host=\'api.mimo.kr\', port=443): Failed to resolve \'api.mimo.kr\' ([Errno 8] nodename nor servname provided, or not known)"))']
2026-06-24 10:03:14,984 [INFO] [validator] 수정됨: ['HEADING_MISSING:이란?', 'HEADING_MISSING:방법']
2026-06-24 10:03:15,403 [INFO] 저장: /Users/twinssn/Projects/money-aikorea24/src/content/blog/35세-서울-직장인-내-또래-평균-월급은-얼마일까-완벽정리-26-06-.md
2026-06-24 10:03:15,406 [INFO] 발행 성공: 35세 서울 직장인, 내 또래 평균 월급은 얼마일까? 완벽정리 | invest | google/diffusiongemma-26b-a4b-it
2026-06-24 10:03:15,434 [INFO] 처리 중: 주택 태양광시설 설치지원
2026-06-24 10:03:15,718 [INFO] HTTP Request: POST https://integrate.api.nvidia.com/v1/chat/completions "HTTP/1.1 200 OK"
2026-06-24 10:04:33,047 [INFO] HTTP Request: POST https://integrate.api.nvidia.com/v1/chat/completions "HTTP/1.1 200 OK"
2026-06-24 10:04:33,053 [INFO] 제목 추출: 3040 직장인, 안양시 주택 태양광 지원으로 전기료 5만원 아끼는 법 
2026-06-24 10:04:33,179 [INFO] [reviewer] ['Mimo 검수 실패: HTTPSConnectionPool(host=\'api.mimo.kr\', port=443): Max retries exceeded with url: /v2_5/complete (Caused by NameResolutionError("HTTPSConnection(host=\'api.mimo.kr\', port=443): Failed to resolve \'api.mimo.kr\' ([Errno 8] nodename nor servname provided, or not known)"))']
2026-06-24 10:04:33,179 [INFO] [validator] 수정됨: ['HEADING_MISSING:이란?', 'HEADING_MISSING:방법']
2026-06-24 10:04:33,613 [INFO] 저장: /Users/twinssn/Projects/money-aikorea24/src/content/blog/3040-직장인-안양시-주택-태양광-지원으로-전기료-5만원-아끼는-법-총정리-000162.md
2026-06-24 10:04:33,617 [INFO] 발행 성공: 3040 직장인, 안양시 주택 태양광 지원으로 전기료 5만원 아끼는 법  | loan | google/diffusiongemma-26b-a4b-it
2026-06-24 10:04:33,648 [INFO] 처리 중: 장기요양급여비용 본인부담금 감경
2026-06-24 10:04:33,938 [INFO] HTTP Request: POST https://integrate.api.nvidia.com/v1/chat/completions "HTTP/1.1 200 OK"
2026-06-24 10:06:08,850 [INFO] Retrying request to /chat/completions in 0.383267 seconds
2026-06-24 10:07:39,512 [INFO] Retrying request to /chat/completions in 0.948420 seconds
2026-06-24 10:09:10,765 [INFO] 제목 추출: 맞벌이 신혼부부 부모님 부양 부담 줄여주는 장기요양급여 본인부담금 감경 
2026-06-24 10:09:10,888 [INFO] [reviewer] ['Mimo 검수 실패: HTTPSConnectionPool(host=\'api.mimo.kr\', port=443): Max retries exceeded with url: /v2_5/complete (Caused by NameResolutionError("HTTPSConnection(host=\'api.mimo.kr\', port=443): Failed to resolve \'api.mimo.kr\' ([Errno 8] nodename nor servname provided, or not known)"))']
2026-06-24 10:09:11,324 [INFO] 저장: /Users/twinssn/Projects/money-aikorea24/src/content/blog/맞벌이-신혼부부-부모님-부양-부담-줄여주는-장기요양급여-본인부담금-감경-총정리-005031.md
2026-06-24 10:09:11,326 [INFO] 발행 성공: 맞벌이 신혼부부 부모님 부양 부담 줄여주는 장기요양급여 본인부담금 감경  | insurance | google/diffusiongemma-26b-a4b-it
2026-06-24 10:09:11,358 [INFO] 처리 중: 미니태양광 보급지원
2026-06-24 10:09:11,883 [INFO] HTTP Request: POST https://integrate.api.nvidia.com/v1/chat/completions "HTTP/1.1 200 OK"
2026-06-24 10:10:36,120 [INFO] HTTP Request: POST https://integrate.api.nvidia.com/v1/chat/completions "HTTP/1.1 200 OK"
2026-06-24 10:10:36,127 [INFO] 제목 추출: 무주택 직장인, 전기료 9만원 아끼는 미니태양광 보조금 신청 가이드 총정
2026-06-24 10:10:36,135 [INFO] [reviewer] ['Mimo 검수 실패: HTTPSConnectionPool(host=\'api.mimo.kr\', port=443): Max retries exceeded with url: /v2_5/complete (Caused by NameResolutionError("HTTPSConnection(host=\'api.mimo.kr\', port=443): Failed to resolve \'api.mimo.kr\' ([Errno 8] nodename nor servname provided, or not known)"))']
2026-06-24 10:10:36,135 [INFO] [validator] 수정됨: ['HEADING_MISSING:이란?']
2026-06-24 10:10:36,818 [INFO] 저장: /Users/twinssn/Projects/money-aikorea24/src/content/blog/무주택-직장인-전기료-9만원-아끼는-미니태양광-보조금-신청-가이드-총정리-000172.md
2026-06-24 10:10:36,822 [INFO] 발행 성공: 무주택 직장인, 전기료 9만원 아끼는 미니태양광 보조금 신청 가이드 총정 | loan | google/diffusiongemma-26b-a4b-it
2026-06-24 10:10:36,852 [INFO] 처리 중: 소규모 공동주택 공용시설물 보조금 지원
2026-06-24 10:10:37,138 [INFO] HTTP Request: POST https://integrate.api.nvidia.com/v1/chat/completions "HTTP/1.1 200 OK"
2026-06-24 10:11:46,997 [INFO] HTTP Request: POST https://integrate.api.nvidia.com/v1/chat/completions "HTTP/1.1 200 OK"
2026-06-24 10:11:47,007 [INFO] 제목 추출: 3040 무주택 직장인, 노후 아파트 수리비 지원 혜택 받는 법 총정리
2026-06-24 10:11:47,020 [INFO] [reviewer] ['Mimo 검수 실패: HTTPSConnectionPool(host=\'api.mimo.kr\', port=443): Max retries exceeded with url: /v2_5/complete (Caused by NameResolutionError("HTTPSConnection(host=\'api.mimo.kr\', port=443): Failed to resolve \'api.mimo.kr\' ([Errno 8] nodename nor servname provided, or not known)"))']
2026-06-24 10:11:47,430 [INFO] 저장: /Users/twinssn/Projects/money-aikorea24/src/content/blog/3040-무주택-직장인-노후-아파트-수리비-지원-혜택-받는-법-총정리-000188.md
2026-06-24 10:11:47,432 [INFO] 발행 성공: 3040 무주택 직장인, 노후 아파트 수리비 지원 혜택 받는 법 총정리 | loan | google/diffusiongemma-26b-a4b-it
2026-06-24 10:11:47,463 [INFO] 처리 중: 노인 안검진 및 개안수술
2026-06-24 10:11:47,896 [INFO] HTTP Request: POST https://integrate.api.nvidia.com/v1/chat/completions "HTTP/1.1 200 OK"
2026-06-24 10:13:09,818 [INFO] HTTP Request: POST https://integrate.api.nvidia.com/v1/chat/completions "HTTP/1.1 200 OK"
2026-06-24 10:13:09,827 [INFO] 제목 추출: 60세 이상 부모님 눈 건강, 노인 안검진 및 개안술비 지원 혜택 총정리
2026-06-24 10:13:09,944 [INFO] [reviewer] ['Mimo 검수 실패: HTTPSConnectionPool(host=\'api.mimo.kr\', port=443): Max retries exceeded with url: /v2_5/complete (Caused by NameResolutionError("HTTPSConnection(host=\'api.mimo.kr\', port=443): Failed to resolve \'api.mimo.kr\' ([Errno 8] nodename nor servname provided, or not known)"))']
2026-06-24 10:13:09,944 [INFO] [validator] 수정됨: ['HEADING_MISSING:이란?']
2026-06-24 10:13:10,441 [INFO] 저장: /Users/twinssn/Projects/money-aikorea24/src/content/blog/60세-이상-부모님-눈-건강-노인-안검진-및-개안술비-지원-혜택-총정리-005034.md
2026-06-24 10:13:10,444 [INFO] 발행 성공: 60세 이상 부모님 눈 건강, 노인 안검진 및 개안술비 지원 혜택 총정리 | insurance | google/diffusiongemma-26b-a4b-it
2026-06-24 10:13:10,476 [INFO] 처리 중: [2026] 서울 40대 가장 평균 월급 443만원… 나는 어디쯤?
2026-06-24 10:13:10,773 [INFO] HTTP Request: POST https://integrate.api.nvidia.com/v1/chat/completions "HTTP/1.1 200 OK"
2026-06-24 10:14:19,573 [INFO] HTTP Request: POST https://integrate.api.nvidia.com/v1/chat/completions "HTTP/1.1 200 OK"
2026-06-24 10:14:19,583 [INFO] 제목 추출: 서울 45세 직장인, 내 월급은 평균 이상일까? 소득 통계 총정리
2026-06-24 10:14:19,594 [INFO] [reviewer] ['Mimo 검수 실패: HTTPSConnectionPool(host=\'api.mimo.kr\', port=443): Max retries exceeded with url: /v2_5/complete (Caused by NameResolutionError("HTTPSConnection(host=\'api.mimo.kr\', port=443): Failed to resolve \'api.mimo.kr\' ([Errno 8] nodename nor servname provided, or not known)"))']
2026-06-24 10:14:19,595 [INFO] [validator] 수정됨: ['HEADING_MISSING:이란?']
2026-06-24 10:14:20,157 [INFO] 저장: /Users/twinssn/Projects/money-aikorea24/src/content/blog/서울-45세-직장인-내-월급은-평균-이상일까-소득-통계-총정리-26-06-.md
2026-06-24 10:14:20,161 [INFO] 발행 성공: 서울 45세 직장인, 내 월급은 평균 이상일까? 소득 통계 총정리 | invest | google/diffusiongemma-26b-a4b-it
2026-06-24 10:14:20,192 [INFO] 처리 중: 소규모 건축물 침수방지시설 보조금 지원
2026-06-24 10:14:20,478 [INFO] HTTP Request: POST https://integrate.api.nvidia.com/v1/chat/completions "HTTP/1.1 200 OK"
2026-06-24 10:15:25,806 [INFO] HTTP Request: POST https://integrate.api.nvidia.com/v1/chat/completions "HTTP/1.1 200 OK"
2026-06-24 10:15:25,815 [INFO] 제목 추출: 3040 직장인, 우리 집 침수 걱정 덜어줄 차수판 설치 지원 완벽정리
2026-06-24 10:15:25,830 [INFO] [reviewer] ['Mimo 검수 실패: HTTPSConnectionPool(host=\'api.mimo.kr\', port=443): Max retries exceeded with url: /v2_5/complete (Caused by NameResolutionError("HTTPSConnection(host=\'api.mimo.kr\', port=443): Failed to resolve \'api.mimo.kr\' ([Errno 8] nodename nor servname provided, or not known)"))']
2026-06-24 10:15:25,830 [INFO] [validator] 수정됨: ['HEADING_MISSING:이란?']
2026-06-24 10:15:26,245 [INFO] 저장: /Users/twinssn/Projects/money-aikorea24/src/content/blog/3040-직장인-우리-집-침수-걱정-덜어줄-차수판-설치-지원-완벽정리-000210.md
2026-06-24 10:15:26,250 [INFO] 발행 성공: 3040 직장인, 우리 집 침수 걱정 덜어줄 차수판 설치 지원 완벽정리 | loan | google/diffusiongemma-26b-a4b-it
2026-06-24 10:15:26,283 [INFO] 처리 중: 성폭력, 아동학대, 인신매매등범죄의 피해 아동과 범죄 피해자인 장애인을 
2026-06-24 10:15:26,572 [INFO] HTTP Request: POST https://integrate.api.nvidia.com/v1/chat/completions "HTTP/1.1 200 OK"
2026-06-24 10:16:32,281 [INFO] HTTP Request: POST https://integrate.api.nvidia.com/v1/chat/completions "HTTP/1.1 200 OK"
2026-06-24 10:16:32,290 [INFO] 제목 추출: 2040 직장인 자녀 및 본인 피해를 위한 '진술조력인' 제도 완벽정리
2026-06-24 10:16:32,299 [INFO] [reviewer] ['Mimo 검수 실패: HTTPSConnectionPool(host=\'api.mimo.kr\', port=443): Max retries exceeded with url: /v2_5/complete (Caused by NameResolutionError("HTTPSConnection(host=\'api.mimo.kr\', port=443): Failed to resolve \'api.mimo.kr\' ([Errno 8] nodename nor servname provided, or not known)"))']
2026-06-24 10:16:32,299 [INFO] [validator] 수정됨: ['HEADING_MISSING:이란?', 'HEADING_MISSING:방법']
2026-06-24 10:16:32,920 [INFO] 저장: /Users/twinssn/Projects/money-aikorea24/src/content/blog/2040-직장인-자녀-및-본인-피해를-위한-진술조력인-제도-완벽정리-000025.md
2026-06-24 10:16:32,924 [INFO] 발행 성공: 2040 직장인 자녀 및 본인 피해를 위한 '진술조력인' 제도 완벽정리 | general | google/diffusiongemma-26b-a4b-it
2026-06-24 10:16:32,960 [INFO] 처리 중: 발달장애인 긴급돌봄 시범사업
2026-06-24 10:16:33,350 [INFO] HTTP Request: POST https://integrate.api.nvidia.com/v1/chat/completions "HTTP/1.1 200 OK"
2026-06-24 10:17:41,322 [INFO] HTTP Request: POST https://integrate.api.nvidia.com/v1/chat/completions "HTTP/1.1 200 OK"
2026-06-24 10:17:41,330 [INFO] 제목 추출: 갑작스러운 가족일로 막막한 직장인을 위한 '발달장애인 긴급돌봄' 완벽정리
2026-06-24 10:17:41,453 [INFO] [reviewer] ['Mimo 검수 실패: HTTPSConnectionPool(host=\'api.mimo.kr\', port=443): Max retries exceeded with url: /v2_5/complete (Caused by NameResolutionError("HTTPSConnection(host=\'api.mimo.kr\', port=443): Failed to resolve \'api.mimo.kr\' ([Errno 8] nodename nor servname provided, or not known)"))']
2026-06-24 10:17:41,454 [INFO] [validator] 수정됨: ['HEADING_MISSING:이란?']
2026-06-24 10:17:41,960 [INFO] 저장: /Users/twinssn/Projects/money-aikorea24/src/content/blog/갑작스러운-가족일로-막막한-직장인을-위한-발달장애인-긴급돌봄-완벽정리-005037.md
2026-06-24 10:17:41,963 [INFO] 발행 성공: 갑작스러운 가족일로 막막한 직장인을 위한 '발달장애인 긴급돌봄' 완벽정리 | insurance | google/diffusiongemma-26b-a4b-it
2026-06-24 10:17:41,994 [INFO] 처리 중: 녹물 없는 우리 집 수도관 개량 지원 사업
2026-06-24 10:17:42,268 [INFO] HTTP Request: POST https://integrate.api.nvidia.com/v1/chat/completions "HTTP/1.1 200 OK"
2026-06-24 10:18:55,953 [INFO] HTTP Request: POST https://integrate.api.nvidia.com/v1/chat/completions "HTTP/1.1 200 OK"
2026-06-24 10:18:55,963 [INFO] 제목 추출: 2026년 부천시 노후주택 녹물 배관 교체 지원 혜택 총정리
2026-06-24 10:18:55,971 [INFO] [reviewer] ['Mimo 검수 실패: HTTPSConnectionPool(host=\'api.mimo.kr\', port=443): Max retries exceeded with url: /v2_5/complete (Caused by NameResolutionError("HTTPSConnection(host=\'api.mimo.kr\', port=443): Failed to resolve \'api.mimo.kr\' ([Errno 8] nodename nor servname provided, or not known)"))']
2026-06-24 10:18:56,418 [INFO] 저장: /Users/twinssn/Projects/money-aikorea24/src/content/blog/2026년-부천시-노후주택-녹물-배관-교체-지원-혜택-총정리-000135.md
2026-06-24 10:18:56,421 [INFO] 발행 성공: 2026년 부천시 노후주택 녹물 배관 교체 지원 혜택 총정리 | loan | google/diffusiongemma-26b-a4b-it
2026-06-24 10:18:56,450 [INFO] 처리 중: 시설퇴소 및 가정위탁종결아동 자립정착금 지급
2026-06-24 10:18:56,735 [INFO] HTTP Request: POST https://integrate.api.nvidia.com/v1/chat/completions "HTTP/1.1 200 OK"
2026-06-24 10:20:05,742 [INFO] HTTP Request: POST https://integrate.api.nvidia.com/v1/chat/completions "HTTP/1.1 200 OK"
2026-06-24 10:20:05,749 [INFO] 제목 추출: 무주택 직장인, 시설 퇴소 후 1,500만 원 자립정착금 챙기는 법 총정
2026-06-24 10:20:05,759 [INFO] [reviewer] ['Mimo 검수 실패: HTTPSConnectionPool(host=\'api.mimo.kr\', port=443): Max retries exceeded with url: /v2_5/complete (Caused by NameResolutionError("HTTPSConnection(host=\'api.mimo.kr\', port=443): Failed to resolve \'api.mimo.kr\' ([Errno 8] nodename nor servname provided, or not known)"))']
2026-06-24 10:20:05,760 [INFO] [validator] 수정됨: ['HEADING_MISSING:이란?', 'HEADING_MISSING:방법']
2026-06-24 10:20:06,247 [INFO] 저장: /Users/twinssn/Projects/money-aikorea24/src/content/blog/무주택-직장인-시설-퇴소-후-1500만-원-자립정착금-챙기는-법-총정리-000108.md
2026-06-24 10:20:06,252 [INFO] 발행 성공: 무주택 직장인, 시설 퇴소 후 1,500만 원 자립정착금 챙기는 법 총정 | loan | google/diffusiongemma-26b-a4b-it
2026-06-24 10:20:06,286 [INFO] 처리 중: 아동 입원진료비 지원
2026-06-24 10:20:06,591 [INFO] HTTP Request: POST https://integrate.api.nvidia.com/v1/chat/completions "HTTP/1.1 200 OK"
2026-06-24 10:21:24,315 [INFO] HTTP Request: POST https://integrate.api.nvidia.com/v1/chat/completions "HTTP/1.1 200 OK"
2026-06-24 10:21:24,394 [INFO] 제목 추출: 맞벌이 신혼부부, 우리 아이 입원비 부담 0원 만드는 혜택 총정리
2026-06-24 10:21:24,408 [INFO] [reviewer] ['Mimo 검수 실패: HTTPSConnectionPool(host=\'api.mimo.kr\', port=443): Max retries exceeded with url: /v2_5/complete (Caused by NameResolutionError("HTTPSConnection(host=\'api.mimo.kr\', port=443): Failed to resolve \'api.mimo.kr\' ([Errno 8] nodename nor servname provided, or not known)"))']
2026-06-24 10:21:24,409 [INFO] [validator] 수정됨: ['HEADING_MISSING:방법']
2026-06-24 10:21:25,872 [INFO] 저장: /Users/twinssn/Projects/money-aikorea24/src/content/blog/맞벌이-신혼부부-우리-아이-입원비-부담-0원-만드는-혜택-총정리-005038.md
2026-06-24 10:21:25,951 [INFO] 발행 성공: 맞벌이 신혼부부, 우리 아이 입원비 부담 0원 만드는 혜택 총정리 | insurance | google/diffusiongemma-26b-a4b-it
2026-06-24 10:21:26,455 [INFO] 처리 중: [2026] 서울 40대 직장인 평균 월급 228만원… 나는 어디쯤?
2026-06-24 10:21:26,781 [INFO] HTTP Request: POST https://integrate.api.nvidia.com/v1/chat/completions "HTTP/1.1 200 OK"
2026-06-24 10:22:33,655 [INFO] HTTP Request: POST https://integrate.api.nvidia.com/v1/chat/completions "HTTP/1.1 200 OK"
2026-06-24 10:22:33,664 [INFO] 제목 추출: 서울 45세 직장인, 내 월급은 평균보다 어느 정도일까? 완벽정리
2026-06-24 10:22:33,698 [INFO] [reviewer] ['Mimo 검수 실패: HTTPSConnectionPool(host=\'api.mimo.kr\', port=443): Max retries exceeded with url: /v2_5/complete (Caused by NameResolutionError("HTTPSConnection(host=\'api.mimo.kr\', port=443): Failed to resolve \'api.mimo.kr\' ([Errno 8] nodename nor servname provided, or not known)"))']
2026-06-24 10:22:33,699 [INFO] [validator] 수정됨: ['HEADING_MISSING:이란?', 'HEADING_MISSING:방법']
2026-06-24 10:22:35,454 [INFO] 저장: /Users/twinssn/Projects/money-aikorea24/src/content/blog/서울-45세-직장인-내-월급은-평균보다-어느-정도일까-완벽정리-26-06-.md
2026-06-24 10:22:35,460 [INFO] 발행 성공: 서울 45세 직장인, 내 월급은 평균보다 어느 정도일까? 완벽정리 | invest | google/diffusiongemma-26b-a4b-it
2026-06-24 10:22:36,262 [INFO] 처리 중: 퇴소 및 보호종결아동 자립정착금 지원
2026-06-24 10:22:36,641 [INFO] HTTP Request: POST https://integrate.api.nvidia.com/v1/chat/completions "HTTP/1.1 200 OK"
2026-06-24 10:23:46,116 [INFO] HTTP Request: POST https://integrate.api.nvidia.com/v1/chat/completions "HTTP/1.1 200 OK"
2026-06-24 10:23:46,187 [INFO] 제목 추출: 무주택 직장인, 경기도 자립정착금 1,500만 원 받는 법 총정리
2026-06-24 10:23:46,373 [INFO] [reviewer] ['Mimo 검수 실패: HTTPSConnectionPool(host=\'api.mimo.kr\', port=443): Max retries exceeded with url: /v2_5/complete (Caused by NameResolutionError("HTTPSConnection(host=\'api.mimo.kr\', port=443): Failed to resolve \'api.mimo.kr\' ([Errno 8] nodename nor servname provided, or not known)"))']
2026-06-24 10:23:46,375 [INFO] [validator] 수정됨: ['HEADING_MISSING:이란?']
2026-06-24 10:23:48,393 [INFO] 저장: /Users/twinssn/Projects/money-aikorea24/src/content/blog/무주택-직장인-경기도-자립정착금-1500만-원-받는-법-총정리-000103.md
2026-06-24 10:23:48,425 [INFO] 발행 성공: 무주택 직장인, 경기도 자립정착금 1,500만 원 받는 법 총정리 | loan | google/diffusiongemma-26b-a4b-it
2026-06-24 10:23:49,291 [INFO] 처리 중: 치매검진 지원
2026-06-24 10:23:50,410 [INFO] HTTP Request: POST https://integrate.api.nvidia.com/v1/chat/completions "HTTP/1.1 200 OK"
2026-06-24 10:25:09,336 [INFO] HTTP Request: POST https://integrate.api.nvidia.com/v1/chat/completions "HTTP/1.1 200 OK"
2026-06-24 10:25:09,450 [INFO] 제목 추출: 60세 이상 부모님을 위한 치매 조기검진 지원 혜택 및 신청 방법 총정리
2026-06-24 10:25:09,457 [INFO] [reviewer] ['Mimo 검수 실패: HTTPSConnectionPool(host=\'api.mimo.kr\', port=443): Max retries exceeded with url: /v2_5/complete (Caused by NameResolutionError("HTTPSConnection(host=\'api.mimo.kr\', port=443): Failed to resolve \'api.mimo.kr\' ([Errno 8] nodename nor servname provided, or not known)"))']
2026-06-24 10:25:09,457 [INFO] [validator] 수정됨: ['HEADING_MISSING:이란?']
2026-06-24 10:25:10,949 [INFO] 저장: /Users/twinssn/Projects/money-aikorea24/src/content/blog/60세-이상-부모님을-위한-치매-조기검진-지원-혜택-및-신청-방법-총정리-005043.md
2026-06-24 10:25:11,002 [INFO] 발행 성공: 60세 이상 부모님을 위한 치매 조기검진 지원 혜택 및 신청 방법 총정리 | insurance | google/diffusiongemma-26b-a4b-it
2026-06-24 10:25:12,185 [INFO] 처리 중: 장애인 자립생활 정착금 지원
2026-06-24 10:25:12,622 [INFO] HTTP Request: POST https://integrate.api.nvidia.com/v1/chat/completions "HTTP/1.1 200 OK"
2026-06-24 10:26:23,146 [INFO] HTTP Request: POST https://integrate.api.nvidia.com/v1/chat/completions "HTTP/1.1 200 OK"
2026-06-24 10:26:23,155 [INFO] 제목 추출: 무주택 직장인, 장애인 자립정착금 최대 200만 원 챙기는 법 총정리
2026-06-24 10:26:23,172 [INFO] [reviewer] ['Mimo 검수 실패: HTTPSConnectionPool(host=\'api.mimo.kr\', port=443): Max retries exceeded with url: /v2_5/complete (Caused by NameResolutionError("HTTPSConnection(host=\'api.mimo.kr\', port=443): Failed to resolve \'api.mimo.kr\' ([Errno 8] nodename nor servname provided, or not known)"))']
2026-06-24 10:26:23,173 [INFO] [validator] 수정됨: ['HEADING_MISSING:이란?', 'HEADING_MISSING:방법']
2026-06-24 10:26:23,719 [INFO] 저장: /Users/twinssn/Projects/money-aikorea24/src/content/blog/무주택-직장인-장애인-자립정착금-최대-200만-원-챙기는-법-총정리-000109.md
2026-06-24 10:26:23,724 [INFO] 발행 성공: 무주택 직장인, 장애인 자립정착금 최대 200만 원 챙기는 법 총정리 | loan | google/diffusiongemma-26b-a4b-it
2026-06-24 10:26:23,772 [INFO] 처리 중: 성폭력, 아동학대, 장애인학대,인신매매 및 스토킹범죄 피해자 국선변호사 
2026-06-24 10:26:24,068 [INFO] HTTP Request: POST https://integrate.api.nvidia.com/v1/chat/completions "HTTP/1.1 200 OK"
2026-06-24 10:27:28,203 [INFO] HTTP Request: POST https://integrate.api.nvidia.com/v1/chat/completions "HTTP/1.1 200 OK"
2026-06-24 10:27:28,220 [INFO] 제목 추출: 30대 직장인, 범죄 피해 시 법률 비용 걱정 없는 국선변호사 지원제도 
2026-06-24 10:27:28,234 [INFO] [reviewer] ['Mimo 검수 실패: HTTPSConnectionPool(host=\'api.mimo.kr\', port=443): Max retries exceeded with url: /v2_5/complete (Caused by NameResolutionError("HTTPSConnection(host=\'api.mimo.kr\', port=443): Failed to resolve \'api.mimo.kr\' ([Errno 8] nodename nor servname provided, or not known)"))']
2026-06-24 10:27:28,235 [INFO] [validator] 수정됨: ['HEADING_MISSING:이란?']
2026-06-24 10:27:28,916 [INFO] 저장: /Users/twinssn/Projects/money-aikorea24/src/content/blog/30대-직장인-범죄-피해-시-법률-비용-걱정-없는-국선변호사-지원제도-총정리-000026.md
2026-06-24 10:27:28,920 [INFO] 발행 성공: 30대 직장인, 범죄 피해 시 법률 비용 걱정 없는 국선변호사 지원제도  | general | google/diffusiongemma-26b-a4b-it
2026-06-24 10:27:28,957 [INFO] 처리 중: 보호종료아동 자립수당
2026-06-24 10:27:29,259 [INFO] HTTP Request: POST https://integrate.api.nvidia.com/v1/chat/completions "HTTP/1.1 200 OK"
2026-06-24 10:28:42,577 [INFO] HTTP Request: POST https://integrate.api.nvidia.com/v1/chat/completions "HTTP/1.1 200 OK"
2026-06-24 10:28:42,590 [INFO] 제목 추출: 무주택 직장인, 보호종료아동 자립수당으로 월 50만원 챙기는 법 총정리
2026-06-24 10:28:42,602 [INFO] [reviewer] ['Mimo 검수 실패: HTTPSConnectionPool(host=\'api.mimo.kr\', port=443): Max retries exceeded with url: /v2_5/complete (Caused by NameResolutionError("HTTPSConnection(host=\'api.mimo.kr\', port=443): Failed to resolve \'api.mimo.kr\' ([Errno 8] nodename nor servname provided, or not known)"))']
2026-06-24 10:28:42,989 [INFO] 저장: /Users/twinssn/Projects/money-aikorea24/src/content/blog/무주택-직장인-보호종료아동-자립수당으로-월-50만원-챙기는-법-총정리-000113.md
2026-06-24 10:28:42,993 [INFO] 발행 성공: 무주택 직장인, 보호종료아동 자립수당으로 월 50만원 챙기는 법 총정리 | loan | google/diffusiongemma-26b-a4b-it
2026-06-24 10:28:43,032 [INFO] 처리 중: 임산부 외래진료비 본인부담률 경감
2026-06-24 10:28:43,320 [INFO] HTTP Request: POST https://integrate.api.nvidia.com/v1/chat/completions "HTTP/1.1 200 OK"
2026-06-24 10:29:56,599 [INFO] HTTP Request: POST https://integrate.api.nvidia.com/v1/chat/completions "HTTP/1.1 200 OK"
2026-06-24 10:29:56,611 [INFO] 제목 추출: 맞벌이 신혼부부, 임산부 외래진료비 본인부담률 경감 혜택 총정리
2026-06-24 10:29:56,626 [INFO] [reviewer] ['Mimo 검수 실패: HTTPSConnectionPool(host=\'api.mimo.kr\', port=443): Max retries exceeded with url: /v2_5/complete (Caused by NameResolutionError("HTTPSConnection(host=\'api.mimo.kr\', port=443): Failed to resolve \'api.mimo.kr\' ([Errno 8] nodename nor servname provided, or not known)"))']
2026-06-24 10:29:57,722 [INFO] 저장: /Users/twinssn/Projects/money-aikorea24/src/content/blog/맞벌이-신혼부부-임산부-외래진료비-본인부담률-경감-혜택-총정리-005046.md
2026-06-24 10:29:57,726 [INFO] 발행 성공: 맞벌이 신혼부부, 임산부 외래진료비 본인부담률 경감 혜택 총정리 | insurance | google/diffusiongemma-26b-a4b-it
2026-06-24 10:29:57,763 [INFO] 처리 중: [2026] 부산 30대 직장인 평균 월급 351만원… 나는 어디쯤?
2026-06-24 10:29:58,099 [INFO] HTTP Request: POST https://integrate.api.nvidia.com/v1/chat/completions "HTTP/1.1 200 OK"
2026-06-24 10:31:11,505 [INFO] HTTP Request: POST https://integrate.api.nvidia.com/v1/chat/completions "HTTP/1.1 200 OK"
2026-06-24 10:31:11,516 [INFO] 제목 추출: 35세 부산 직장인, 내 월급은 평균 이상일까? 소득 현황 완벽정리
2026-06-24 10:31:11,634 [INFO] [reviewer] ['Mimo 검수 실패: HTTPSConnectionPool(host=\'api.mimo.kr\', port=443): Max retries exceeded with url: /v2_5/complete (Caused by NameResolutionError("HTTPSConnection(host=\'api.mimo.kr\', port=443): Failed to resolve \'api.mimo.kr\' ([Errno 8] nodename nor servname provided, or not known)"))']
2026-06-24 10:31:11,644 [INFO] [validator] 수정됨: ['HEADING_MISSING:이란?']
2026-06-24 10:31:12,418 [INFO] 저장: /Users/twinssn/Projects/money-aikorea24/src/content/blog/35세-부산-직장인-내-월급은-평균-이상일까-소득-현황-완벽정리-26-06-.md
2026-06-24 10:31:12,420 [INFO] 발행 성공: 35세 부산 직장인, 내 월급은 평균 이상일까? 소득 현황 완벽정리 | invest | google/diffusiongemma-26b-a4b-it
2026-06-24 10:31:12,579 [INFO] 처리 중: 위기가정 주거안정 지원
2026-06-24 10:31:12,913 [INFO] HTTP Request: POST https://integrate.api.nvidia.com/v1/chat/completions "HTTP/1.1 200 OK"
2026-06-24 10:32:24,478 [INFO] HTTP Request: POST https://integrate.api.nvidia.com/v1/chat/completions "HTTP/1.1 200 OK"
2026-06-24 10:32:24,500 [INFO] 제목 추출: 무주택 직장인, 평택시 위기가정 주거안정 지원금 300만원 받는 법 총정
2026-06-24 10:32:24,511 [INFO] [reviewer] ['Mimo 검수 실패: HTTPSConnectionPool(host=\'api.mimo.kr\', port=443): Max retries exceeded with url: /v2_5/complete (Caused by NameResolutionError("HTTPSConnection(host=\'api.mimo.kr\', port=443): Failed to resolve \'api.mimo.kr\' ([Errno 8] nodename nor servname provided, or not known)"))']
2026-06-24 10:32:24,511 [INFO] [validator] 수정됨: ['HEADING_MISSING:방법']
2026-06-24 10:32:24,971 [INFO] 저장: /Users/twinssn/Projects/money-aikorea24/src/content/blog/무주택-직장인-평택시-위기가정-주거안정-지원금-300만원-받는-법-총정리-000131.md
2026-06-24 10:32:24,974 [INFO] 발행 성공: 무주택 직장인, 평택시 위기가정 주거안정 지원금 300만원 받는 법 총정 | loan | google/diffusiongemma-26b-a4b-it
2026-06-24 10:32:25,004 [INFO] 처리 중: 위기임신 및 보호출산 지원
2026-06-24 10:32:25,389 [INFO] HTTP Request: POST https://integrate.api.nvidia.com/v1/chat/completions "HTTP/1.1 200 OK"
2026-06-24 10:33:45,060 [INFO] HTTP Request: POST https://integrate.api.nvidia.com/v1/chat/completions "HTTP/1.1 200 OK"
2026-06-24 10:33:45,115 [INFO] 제목 추출: 맞벌이 신혼부부를 위한 위기임신 및 보호출산 지원 혜택 총정리
2026-06-24 10:33:45,270 [INFO] [reviewer] ['Mimo 검수 실패: HTTPSConnectionPool(host=\'api.mimo.kr\', port=443): Max retries exceeded with url: /v2_5/complete (Caused by NameResolutionError("HTTPSConnection(host=\'api.mimo.kr\', port=443): Failed to resolve \'api.mimo.kr\' ([Errno 8] nodename nor servname provided, or not known)"))']
2026-06-24 10:33:45,989 [INFO] 저장: /Users/twinssn/Projects/money-aikorea24/src/content/blog/맞벌이-신혼부부를-위한-위기임신-및-보호출산-지원-혜택-총정리-005048.md
2026-06-24 10:33:45,994 [INFO] 발행 성공: 맞벌이 신혼부부를 위한 위기임신 및 보호출산 지원 혜택 총정리 | insurance | google/diffusiongemma-26b-a4b-it
2026-06-24 10:33:46,209 [INFO] 처리 중: 주거취약계층 이사비 지원
2026-06-24 10:33:46,575 [INFO] HTTP Request: POST https://integrate.api.nvidia.com/v1/chat/completions "HTTP/1.1 200 OK"
2026-06-24 10:34:51,557 [INFO] HTTP Request: POST https://integrate.api.nvidia.com/v1/chat/completions "HTTP/1.1 200 OK"
2026-06-24 10:34:51,562 [INFO] 제목 추출: 무주택 직장인, 평택시 이사비 지원으로 최대 혜택 챙기는 법 총정리
2026-06-24 10:34:51,567 [INFO] [reviewer] ['Mimo 검수 실패: HTTPSConnectionPool(host=\'api.mimo.kr\', port=443): Max retries exceeded with url: /v2_5/complete (Caused by NameResolutionError("HTTPSConnection(host=\'api.mimo.kr\', port=443): Failed to resolve \'api.mimo.kr\' ([Errno 8] nodename nor servname provided, or not known)"))']
2026-06-24 10:34:51,568 [INFO] [validator] 수정됨: ['HEADING_MISSING:이란?']
2026-06-24 10:34:52,143 [INFO] 저장: /Users/twinssn/Projects/money-aikorea24/src/content/blog/무주택-직장인-평택시-이사비-지원으로-최대-혜택-챙기는-법-총정리-000156.md
2026-06-24 10:34:52,145 [INFO] 발행 성공: 무주택 직장인, 평택시 이사비 지원으로 최대 혜택 챙기는 법 총정리 | loan | google/diffusiongemma-26b-a4b-it
2026-06-24 10:34:52,157 [INFO] 처리 중: 평택시 생활민원 SOS 서비스
2026-06-24 10:34:52,529 [INFO] HTTP Request: POST https://integrate.api.nvidia.com/v1/chat/completions "HTTP/1.1 200 OK"
2026-06-24 10:35:51,943 [INFO] HTTP Request: POST https://integrate.api.nvidia.com/v1/chat/completions "HTTP/1.1 200 OK"
2026-06-24 10:35:51,947 [INFO] 제목 추출: 평택시 거주 1인 가구 및 어르신, 집안 수리비 무료 지원 받는 법 총정
2026-06-24 10:35:51,953 [INFO] [reviewer] ['Mimo 검수 실패: HTTPSConnectionPool(host=\'api.mimo.kr\', port=443): Max retries exceeded with url: /v2_5/complete (Caused by NameResolutionError("HTTPSConnection(host=\'api.mimo.kr\', port=443): Failed to resolve \'api.mimo.kr\' ([Errno 8] nodename nor servname provided, or not known)"))']
2026-06-24 10:35:51,954 [INFO] [validator] 수정됨: ['HEADING_MISSING:이란?']
2026-06-24 10:35:52,520 [INFO] 저장: /Users/twinssn/Projects/money-aikorea24/src/content/blog/평택시-거주-1인-가구-및-어르신-집안-수리비-무료-지원-받는-법-총정리-000548.md
2026-06-24 10:35:52,522 [INFO] 발행 성공: 평택시 거주 1인 가구 및 어르신, 집안 수리비 무료 지원 받는 법 총정 | loan | google/diffusiongemma-26b-a4b-it
2026-06-24 10:35:52,536 [INFO] 처리 중: 2세미만 영유아 입원진료비 본인부담금 면제
2026-06-24 10:35:52,818 [INFO] HTTP Request: POST https://integrate.api.nvidia.com/v1/chat/completions "HTTP/1.1 200 OK"
2026-06-24 19:16:36,313 [INFO] [DRY-RUN] 스케줄러 시작
2026-06-24 19:16:36,977 [INFO] 파이프라인 시작 2026-06-24 19:16:36
2026-06-24 19:16:36,977 [INFO] 오늘 65건 발행됨, 934건 남음
2026-06-24 19:16:36,981 [INFO] 처리 중: 2세미만 영유아 입원진료비 본인부담금 면제
2026-06-24 19:16:36,981 [INFO] [DRY] 글쓰기 스킵 | category=insurance | persona=general
2026-06-24 19:16:36,983 [INFO] 처리 중: 2세미만 영유아 입원진료비 본인부담금 면제
2026-06-24 19:16:36,983 [INFO] [DRY] 글쓰기 스킵 | category=insurance | persona=general
2026-06-24 19:16:36,985 [INFO] 처리 중: 2세미만 영유아 입원진료비 본인부담금 면제
2026-06-24 19:16:36,985 [INFO] [DRY] 글쓰기 스킵 | category=insurance | persona=general
2026-06-24 19:16:36,988 [INFO] 처리 중: 2세미만 영유아 입원진료비 본인부담금 면제
2026-06-24 19:16:36,988 [INFO] [DRY] 글쓰기 스킵 | category=insurance | persona=general
2026-06-24 19:16:36,990 [INFO] 처리 중: 2세미만 영유아 입원진료비 본인부담금 면제
2026-06-24 19:16:36,990 [INFO] [DRY] 글쓰기 스킵 | category=insurance | persona=general
2026-06-24 19:16:36,992 [INFO] 처리 중: 2세미만 영유아 입원진료비 본인부담금 면제
2026-06-24 19:16:36,992 [INFO] [DRY] 글쓰기 스킵 | category=insurance | persona=general
2026-06-24 19:16:36,994 [INFO] 처리 중: 2세미만 영유아 입원진료비 본인부담금 면제
2026-06-24 19:16:36,994 [INFO] [DRY] 글쓰기 스킵 | category=insurance | persona=general
2026-06-24 19:16:36,996 [INFO] 처리 중: 2세미만 영유아 입원진료비 본인부담금 면제
2026-06-24 19:16:36,996 [INFO] [DRY] 글쓰기 스킵 | category=insurance | persona=general
2026-06-24 19:16:36,998 [INFO] 처리 중: 2세미만 영유아 입원진료비 본인부담금 면제
2026-06-24 19:16:36,999 [INFO] [DRY] 글쓰기 스킵 | category=insurance | persona=general
2026-06-24 19:16:37,001 [INFO] 처리 중: 2세미만 영유아 입원진료비 본인부담금 면제
2026-06-24 19:16:37,001 [INFO] [DRY] 글쓰기 스킵 | category=insurance | persona=general
2026-06-24 19:16:37,003 [INFO] 처리 중: 2세미만 영유아 입원진료비 본인부담금 면제
2026-06-24 19:16:37,003 [INFO] [DRY] 글쓰기 스킵 | category=insurance | persona=general
2026-06-24 19:16:37,005 [INFO] 처리 중: 2세미만 영유아 입원진료비 본인부담금 면제
2026-06-24 19:16:37,005 [INFO] [DRY] 글쓰기 스킵 | category=insurance | persona=general
2026-06-24 19:16:37,007 [INFO] 처리 중: 2세미만 영유아 입원진료비 본인부담금 면제
2026-06-24 19:16:37,007 [INFO] [DRY] 글쓰기 스킵 | category=insurance | persona=general
2026-06-24 19:16:37,009 [INFO] 처리 중: 2세미만 영유아 입원진료비 본인부담금 면제
2026-06-24 19:16:37,009 [INFO] [DRY] 글쓰기 스킵 | category=insurance | persona=general
2026-06-24 19:16:37,012 [INFO] 처리 중: 2세미만 영유아 입원진료비 본인부담금 면제
2026-06-24 19:16:37,012 [INFO] [DRY] 글쓰기 스킵 | category=insurance | persona=general
2026-06-24 19:16:37,014 [INFO] 처리 중: 2세미만 영유아 입원진료비 본인부담금 면제
2026-06-24 19:16:37,014 [INFO] [DRY] 글쓰기 스킵 | category=insurance | persona=general
2026-06-24 19:16:37,016 [INFO] 처리 중: 2세미만 영유아 입원진료비 본인부담금 면제
2026-06-24 19:16:37,016 [INFO] [DRY] 글쓰기 스킵 | category=insurance | persona=general
2026-06-24 19:16:37,018 [INFO] 처리 중: 2세미만 영유아 입원진료비 본인부담금 면제
2026-06-24 19:16:37,018 [INFO] [DRY] 글쓰기 스킵 | category=insurance | persona=general
2026-06-24 19:16:37,020 [INFO] 처리 중: 2세미만 영유아 입원진료비 본인부담금 면제
2026-06-24 19:16:37,020 [INFO] [DRY] 글쓰기 스킵 | category=insurance | persona=general
2026-06-24 19:16:37,023 [INFO] 처리 중: 2세미만 영유아 입원진료비 본인부담금 면제
2026-06-24 19:16:37,023 [INFO] [DRY] 글쓰기 스킵 | category=insurance | persona=general
2026-06-24 19:16:37,025 [INFO] 처리 중: 2세미만 영유아 입원진료비 본인부담금 면제
2026-06-24 19:16:37,025 [INFO] [DRY] 글쓰기 스킵 | category=insurance | persona=general
2026-06-24 19:16:37,028 [INFO] 처리 중: 2세미만 영유아 입원진료비 본인부담금 면제
2026-06-24 19:16:37,028 [INFO] [DRY] 글쓰기 스킵 | category=insurance | persona=general
2026-06-24 19:16:37,030 [INFO] 처리 중: 2세미만 영유아 입원진료비 본인부담금 면제
2026-06-24 19:16:37,030 [INFO] [DRY] 글쓰기 스킵 | category=insurance | persona=general
2026-06-24 19:16:37,032 [INFO] 처리 중: 2세미만 영유아 입원진료비 본인부담금 면제
2026-06-24 19:16:37,033 [INFO] [DRY] 글쓰기 스킵 | category=insurance | persona=general
2026-06-24 19:16:37,035 [INFO] 처리 중: 2세미만 영유아 입원진료비 본인부담금 면제
2026-06-24 19:16:37,035 [INFO] [DRY] 글쓰기 스킵 | category=insurance | persona=general
2026-06-24 19:16:37,037 [INFO] 처리 중: 2세미만 영유아 입원진료비 본인부담금 면제
2026-06-24 19:16:37,037 [INFO] [DRY] 글쓰기 스킵 | category=insurance | persona=general
2026-06-24 19:16:37,039 [INFO] 처리 중: 2세미만 영유아 입원진료비 본인부담금 면제
2026-06-24 19:16:37,039 [INFO] [DRY] 글쓰기 스킵 | category=insurance | persona=general
2026-06-24 19:16:37,041 [INFO] 처리 중: 2세미만 영유아 입원진료비 본인부담금 면제
2026-06-24 19:16:37,041 [INFO] [DRY] 글쓰기 스킵 | category=insurance | persona=general
2026-06-24 19:16:37,043 [INFO] 처리 중: 2세미만 영유아 입원진료비 본인부담금 면제
2026-06-24 19:16:37,043 [INFO] [DRY] 글쓰기 스킵 | category=insurance | persona=general
2026-06-24 19:16:37,046 [INFO] 처리 중: 2세미만 영유아 입원진료비 본인부담금 면제
2026-06-24 19:16:37,046 [INFO] [DRY] 글쓰기 스킵 | category=insurance | persona=general
2026-06-24 19:16:37,049 [INFO] 처리 중: 2세미만 영유아 입원진료비 본인부담금 면제
2026-06-24 19:16:37,049 [INFO] [DRY] 글쓰기 스킵 | category=insurance | persona=general
2026-06-24 19:16:37,051 [INFO] 처리 중: 2세미만 영유아 입원진료비 본인부담금 면제
2026-06-24 19:16:37,051 [INFO] [DRY] 글쓰기 스킵 | category=insurance | persona=general
2026-06-24 19:16:37,053 [INFO] 처리 중: 2세미만 영유아 입원진료비 본인부담금 면제
2026-06-24 19:16:37,053 [INFO] [DRY] 글쓰기 스킵 | category=insurance | persona=general
2026-06-24 19:16:37,056 [INFO] 처리 중: 2세미만 영유아 입원진료비 본인부담금 면제
2026-06-24 19:16:37,056 [INFO] [DRY] 글쓰기 스킵 | category=insurance | persona=general
2026-06-24 19:16:37,058 [INFO] 처리 중: 2세미만 영유아 입원진료비 본인부담금 면제
2026-06-24 19:16:37,058 [INFO] [DRY] 글쓰기 스킵 | category=insurance | persona=general
2026-06-24 19:16:37,060 [INFO] 처리 중: 2세미만 영유아 입원진료비 본인부담금 면제
2026-06-24 19:16:37,060 [INFO] [DRY] 글쓰기 스킵 | category=insurance | persona=general
2026-06-24 19:16:37,063 [INFO] 처리 중: 2세미만 영유아 입원진료비 본인부담금 면제
2026-06-24 19:16:37,063 [INFO] [DRY] 글쓰기 스킵 | category=insurance | persona=general
2026-06-24 19:16:37,065 [INFO] 처리 중: 2세미만 영유아 입원진료비 본인부담금 면제
2026-06-24 19:16:37,065 [INFO] [DRY] 글쓰기 스킵 | category=insurance | persona=general
2026-06-24 19:16:37,068 [INFO] 처리 중: 2세미만 영유아 입원진료비 본인부담금 면제
2026-06-24 19:16:37,068 [INFO] [DRY] 글쓰기 스킵 | category=insurance | persona=general
2026-06-24 19:16:37,070 [INFO] 처리 중: 2세미만 영유아 입원진료비 본인부담금 면제
2026-06-24 19:16:37,070 [INFO] [DRY] 글쓰기 스킵 | category=insurance | persona=general
2026-06-24 19:16:37,072 [INFO] 처리 중: 2세미만 영유아 입원진료비 본인부담금 면제
2026-06-24 19:16:37,072 [INFO] [DRY] 글쓰기 스킵 | category=insurance | persona=general
2026-06-24 19:16:37,075 [INFO] 처리 중: 2세미만 영유아 입원진료비 본인부담금 면제
2026-06-24 19:16:37,075 [INFO] [DRY] 글쓰기 스킵 | category=insurance | persona=general
2026-06-24 19:16:37,077 [INFO] 처리 중: 2세미만 영유아 입원진료비 본인부담금 면제
2026-06-24 19:16:37,077 [INFO] [DRY] 글쓰기 스킵 | category=insurance | persona=general
2026-06-24 19:16:37,079 [INFO] 처리 중: 2세미만 영유아 입원진료비 본인부담금 면제
2026-06-24 19:16:37,080 [INFO] [DRY] 글쓰기 스킵 | category=insurance | persona=general
2026-06-24 19:16:37,082 [INFO] 처리 중: 2세미만 영유아 입원진료비 본인부담금 면제
2026-06-24 19:16:37,082 [INFO] [DRY] 글쓰기 스킵 | category=insurance | persona=general
2026-06-24 19:16:37,084 [INFO] 처리 중: 2세미만 영유아 입원진료비 본인부담금 면제
2026-06-24 19:16:37,084 [INFO] [DRY] 글쓰기 스킵 | category=insurance | persona=general
2026-06-24 19:16:37,086 [INFO] 처리 중: 2세미만 영유아 입원진료비 본인부담금 면제
2026-06-24 19:16:37,086 [INFO] [DRY] 글쓰기 스킵 | category=insurance | persona=general
2026-06-24 19:16:37,089 [INFO] 처리 중: 2세미만 영유아 입원진료비 본인부담금 면제
2026-06-24 19:16:37,089 [INFO] [DRY] 글쓰기 스킵 | category=insurance | persona=general
2026-06-24 19:16:37,091 [INFO] 처리 중: 2세미만 영유아 입원진료비 본인부담금 면제
2026-06-24 19:16:37,091 [INFO] [DRY] 글쓰기 스킵 | category=insurance | persona=general
2026-06-24 19:16:37,093 [INFO] 처리 중: 2세미만 영유아 입원진료비 본인부담금 면제
2026-06-24 19:16:37,093 [INFO] [DRY] 글쓰기 스킵 | category=insurance | persona=general
2026-06-24 19:16:37,096 [INFO] 처리 중: 2세미만 영유아 입원진료비 본인부담금 면제
2026-06-24 19:16:37,096 [INFO] [DRY] 글쓰기 스킵 | category=insurance | persona=general
2026-06-24 19:16:37,098 [INFO] 처리 중: 2세미만 영유아 입원진료비 본인부담금 면제
2026-06-24 19:16:37,098 [INFO] [DRY] 글쓰기 스킵 | category=insurance | persona=general
2026-06-24 19:16:37,100 [INFO] 처리 중: 2세미만 영유아 입원진료비 본인부담금 면제
2026-06-24 19:16:37,100 [INFO] [DRY] 글쓰기 스킵 | category=insurance | persona=general
2026-06-24 19:16:37,102 [INFO] 처리 중: 2세미만 영유아 입원진료비 본인부담금 면제
2026-06-24 19:16:37,102 [INFO] [DRY] 글쓰기 스킵 | category=insurance | persona=general
2026-06-24 19:16:37,104 [INFO] 처리 중: 2세미만 영유아 입원진료비 본인부담금 면제
2026-06-24 19:16:37,104 [INFO] [DRY] 글쓰기 스킵 | category=insurance | persona=general
2026-06-24 19:16:37,107 [INFO] 처리 중: 2세미만 영유아 입원진료비 본인부담금 면제
2026-06-24 19:16:37,107 [INFO] [DRY] 글쓰기 스킵 | category=insurance | persona=general
2026-06-24 19:16:37,109 [INFO] 처리 중: 2세미만 영유아 입원진료비 본인부담금 면제
2026-06-24 19:16:37,109 [INFO] [DRY] 글쓰기 스킵 | category=insurance | persona=general
2026-06-24 19:16:37,111 [INFO] 처리 중: 2세미만 영유아 입원진료비 본인부담금 면제
2026-06-24 19:16:37,111 [INFO] [DRY] 글쓰기 스킵 | category=insurance | persona=general
2026-06-24 19:16:37,113 [INFO] 처리 중: 2세미만 영유아 입원진료비 본인부담금 면제
2026-06-24 19:16:37,113 [INFO] [DRY] 글쓰기 스킵 | category=insurance | persona=general
2026-06-24 19:16:37,116 [INFO] 처리 중: 2세미만 영유아 입원진료비 본인부담금 면제
2026-06-24 19:16:37,116 [INFO] [DRY] 글쓰기 스킵 | category=insurance | persona=general
2026-06-24 19:16:37,118 [INFO] 처리 중: 2세미만 영유아 입원진료비 본인부담금 면제
2026-06-24 19:16:37,118 [INFO] [DRY] 글쓰기 스킵 | category=insurance | persona=general
2026-06-24 19:16:37,120 [INFO] 처리 중: 2세미만 영유아 입원진료비 본인부담금 면제
2026-06-24 19:16:37,120 [INFO] [DRY] 글쓰기 스킵 | category=insurance | persona=general
2026-06-24 19:16:37,122 [INFO] 처리 중: 2세미만 영유아 입원진료비 본인부담금 면제
2026-06-24 19:16:37,122 [INFO] [DRY] 글쓰기 스킵 | category=insurance | persona=general
2026-06-24 19:16:37,124 [INFO] 처리 중: 2세미만 영유아 입원진료비 본인부담금 면제
2026-06-24 19:16:37,124 [INFO] [DRY] 글쓰기 스킵 | category=insurance | persona=general
2026-06-24 19:16:37,127 [INFO] 처리 중: 2세미만 영유아 입원진료비 본인부담금 면제
2026-06-24 19:16:37,127 [INFO] [DRY] 글쓰기 스킵 | category=insurance | persona=general
2026-06-24 19:16:37,129 [INFO] 처리 중: 2세미만 영유아 입원진료비 본인부담금 면제
2026-06-24 19:16:37,129 [INFO] [DRY] 글쓰기 스킵 | category=insurance | persona=general
2026-06-24 19:16:37,131 [INFO] 처리 중: 2세미만 영유아 입원진료비 본인부담금 면제
2026-06-24 19:16:37,131 [INFO] [DRY] 글쓰기 스킵 | category=insurance | persona=general
2026-06-24 19:16:37,134 [INFO] 처리 중: 2세미만 영유아 입원진료비 본인부담금 면제
2026-06-24 19:16:37,134 [INFO] [DRY] 글쓰기 스킵 | category=insurance | persona=general
2026-06-24 19:16:37,136 [INFO] 처리 중: 2세미만 영유아 입원진료비 본인부담금 면제
2026-06-24 19:16:37,136 [INFO] [DRY] 글쓰기 스킵 | category=insurance | persona=general
2026-06-24 19:16:37,138 [INFO] 처리 중: 2세미만 영유아 입원진료비 본인부담금 면제
2026-06-24 19:16:37,138 [INFO] [DRY] 글쓰기 스킵 | category=insurance | persona=general
2026-06-24 19:16:37,140 [INFO] 처리 중: 2세미만 영유아 입원진료비 본인부담금 면제
2026-06-24 19:16:37,140 [INFO] [DRY] 글쓰기 스킵 | category=insurance | persona=general
2026-06-24 19:16:37,142 [INFO] 처리 중: 2세미만 영유아 입원진료비 본인부담금 면제
2026-06-24 19:16:37,142 [INFO] [DRY] 글쓰기 스킵 | category=insurance | persona=general
2026-06-24 19:16:37,145 [INFO] 처리 중: 2세미만 영유아 입원진료비 본인부담금 면제
2026-06-24 19:16:37,145 [INFO] [DRY] 글쓰기 스킵 | category=insurance | persona=general
2026-06-24 19:16:37,147 [INFO] 처리 중: 2세미만 영유아 입원진료비 본인부담금 면제
2026-06-24 19:16:37,147 [INFO] [DRY] 글쓰기 스킵 | category=insurance | persona=general
2026-06-24 19:16:37,150 [INFO] 처리 중: 2세미만 영유아 입원진료비 본인부담금 면제
2026-06-24 19:16:37,150 [INFO] [DRY] 글쓰기 스킵 | category=insurance | persona=general
2026-06-24 19:16:37,152 [INFO] 처리 중: 2세미만 영유아 입원진료비 본인부담금 면제
2026-06-24 19:16:37,152 [INFO] [DRY] 글쓰기 스킵 | category=insurance | persona=general
2026-06-24 19:16:37,154 [INFO] 처리 중: 2세미만 영유아 입원진료비 본인부담금 면제
2026-06-24 19:16:37,154 [INFO] [DRY] 글쓰기 스킵 | category=insurance | persona=general
2026-06-24 19:16:37,156 [INFO] 처리 중: 2세미만 영유아 입원진료비 본인부담금 면제
2026-06-24 19:16:37,156 [INFO] [DRY] 글쓰기 스킵 | category=insurance | persona=general
2026-06-24 19:16:37,158 [INFO] 처리 중: 2세미만 영유아 입원진료비 본인부담금 면제
2026-06-24 19:16:37,158 [INFO] [DRY] 글쓰기 스킵 | category=insurance | persona=general
2026-06-24 19:16:37,160 [INFO] 처리 중: 2세미만 영유아 입원진료비 본인부담금 면제
2026-06-24 19:16:37,160 [INFO] [DRY] 글쓰기 스킵 | category=insurance | persona=general
2026-06-24 19:16:37,162 [INFO] 처리 중: 2세미만 영유아 입원진료비 본인부담금 면제
2026-06-24 19:16:37,163 [INFO] [DRY] 글쓰기 스킵 | category=insurance | persona=general
2026-06-24 19:16:37,165 [INFO] 처리 중: 2세미만 영유아 입원진료비 본인부담금 면제
2026-06-24 19:16:37,165 [INFO] [DRY] 글쓰기 스킵 | category=insurance | persona=general
2026-06-24 19:16:37,167 [INFO] 처리 중: 2세미만 영유아 입원진료비 본인부담금 면제
2026-06-24 19:16:37,167 [INFO] [DRY] 글쓰기 스킵 | category=insurance | persona=general
2026-06-24 19:16:37,169 [INFO] 처리 중: 2세미만 영유아 입원진료비 본인부담금 면제
2026-06-24 19:16:37,169 [INFO] [DRY] 글쓰기 스킵 | category=insurance | persona=general
2026-06-24 19:16:37,171 [INFO] 처리 중: 2세미만 영유아 입원진료비 본인부담금 면제
2026-06-24 19:16:37,171 [INFO] [DRY] 글쓰기 스킵 | category=insurance | persona=general
2026-06-24 19:16:37,173 [INFO] 처리 중: 2세미만 영유아 입원진료비 본인부담금 면제
2026-06-24 19:16:37,173 [INFO] [DRY] 글쓰기 스킵 | category=insurance | persona=general
2026-06-24 19:16:37,175 [INFO] 처리 중: 2세미만 영유아 입원진료비 본인부담금 면제
2026-06-24 19:16:37,175 [INFO] [DRY] 글쓰기 스킵 | category=insurance | persona=general
2026-06-24 19:16:37,177 [INFO] 처리 중: 2세미만 영유아 입원진료비 본인부담금 면제
2026-06-24 19:16:37,177 [INFO] [DRY] 글쓰기 스킵 | category=insurance | persona=general
2026-06-24 19:16:37,180 [INFO] 처리 중: 2세미만 영유아 입원진료비 본인부담금 면제
2026-06-24 19:16:37,180 [INFO] [DRY] 글쓰기 스킵 | category=insurance | persona=general
2026-06-24 19:16:37,182 [INFO] 처리 중: 2세미만 영유아 입원진료비 본인부담금 면제
2026-06-24 19:16:37,182 [INFO] [DRY] 글쓰기 스킵 | category=insurance | persona=general
2026-06-24 19:16:37,184 [INFO] 처리 중: 2세미만 영유아 입원진료비 본인부담금 면제
2026-06-24 19:16:37,184 [INFO] [DRY] 글쓰기 스킵 | category=insurance | persona=general
2026-06-24 19:16:37,186 [INFO] 처리 중: 2세미만 영유아 입원진료비 본인부담금 면제
2026-06-24 19:16:37,186 [INFO] [DRY] 글쓰기 스킵 | category=insurance | persona=general
2026-06-24 19:16:37,188 [INFO] 처리 중: 2세미만 영유아 입원진료비 본인부담금 면제
2026-06-24 19:16:37,188 [INFO] [DRY] 글쓰기 스킵 | category=insurance | persona=general
2026-06-24 19:16:37,190 [INFO] 처리 중: 2세미만 영유아 입원진료비 본인부담금 면제
2026-06-24 19:16:37,190 [INFO] [DRY] 글쓰기 스킵 | category=insurance | persona=general
2026-06-24 19:16:37,193 [INFO] 처리 중: 2세미만 영유아 입원진료비 본인부담금 면제
2026-06-24 19:16:37,193 [INFO] [DRY] 글쓰기 스킵 | category=insurance | persona=general
2026-06-24 19:16:37,195 [INFO] 처리 중: 2세미만 영유아 입원진료비 본인부담금 면제
2026-06-24 19:16:37,195 [INFO] [DRY] 글쓰기 스킵 | category=insurance | persona=general
2026-06-24 19:16:37,197 [INFO] 처리 중: 2세미만 영유아 입원진료비 본인부담금 면제
2026-06-24 19:16:37,198 [INFO] [DRY] 글쓰기 스킵 | category=insurance | persona=general
2026-06-24 19:16:37,200 [INFO] 처리 중: 2세미만 영유아 입원진료비 본인부담금 면제
2026-06-24 19:16:37,200 [INFO] [DRY] 글쓰기 스킵 | category=insurance | persona=general
2026-06-24 19:16:37,202 [INFO] 처리 중: 2세미만 영유아 입원진료비 본인부담금 면제
2026-06-24 19:16:37,202 [INFO] [DRY] 글쓰기 스킵 | category=insurance | persona=general
2026-06-24 19:16:37,205 [INFO] 처리 중: 2세미만 영유아 입원진료비 본인부담금 면제
2026-06-24 19:16:37,205 [INFO] [DRY] 글쓰기 스킵 | category=insurance | persona=general
2026-06-24 19:16:37,207 [INFO] 처리 중: 2세미만 영유아 입원진료비 본인부담금 면제
2026-06-24 19:16:37,207 [INFO] [DRY] 글쓰기 스킵 | category=insurance | persona=general
2026-06-24 19:16:37,209 [INFO] 처리 중: 2세미만 영유아 입원진료비 본인부담금 면제
2026-06-24 19:16:37,209 [INFO] [DRY] 글쓰기 스킵 | category=insurance | persona=general
2026-06-24 19:16:37,211 [INFO] 처리 중: 2세미만 영유아 입원진료비 본인부담금 면제
2026-06-24 19:16:37,211 [INFO] [DRY] 글쓰기 스킵 | category=insurance | persona=general
2026-06-24 19:16:37,213 [INFO] 처리 중: 2세미만 영유아 입원진료비 본인부담금 면제
2026-06-24 19:16:37,213 [INFO] [DRY] 글쓰기 스킵 | category=insurance | persona=general
2026-06-24 19:16:37,216 [INFO] 처리 중: 2세미만 영유아 입원진료비 본인부담금 면제
2026-06-24 19:16:37,216 [INFO] [DRY] 글쓰기 스킵 | category=insurance | persona=general
2026-06-24 19:16:37,218 [INFO] 처리 중: 2세미만 영유아 입원진료비 본인부담금 면제
2026-06-24 19:16:37,218 [INFO] [DRY] 글쓰기 스킵 | category=insurance | persona=general
2026-06-24 19:16:37,220 [INFO] 처리 중: 2세미만 영유아 입원진료비 본인부담금 면제
2026-06-24 19:16:37,220 [INFO] [DRY] 글쓰기 스킵 | category=insurance | persona=general
2026-06-24 19:16:37,223 [INFO] 처리 중: 2세미만 영유아 입원진료비 본인부담금 면제
2026-06-24 19:16:37,223 [INFO] [DRY] 글쓰기 스킵 | category=insurance | persona=general
2026-06-24 19:16:37,225 [INFO] 처리 중: 2세미만 영유아 입원진료비 본인부담금 면제
2026-06-24 19:16:37,225 [INFO] [DRY] 글쓰기 스킵 | category=insurance | persona=general
2026-06-24 19:16:37,227 [INFO] 처리 중: 2세미만 영유아 입원진료비 본인부담금 면제
2026-06-24 19:16:37,227 [INFO] [DRY] 글쓰기 스킵 | category=insurance | persona=general
2026-06-24 19:16:37,229 [INFO] 처리 중: 2세미만 영유아 입원진료비 본인부담금 면제
2026-06-24 19:16:37,229 [INFO] [DRY] 글쓰기 스킵 | category=insurance | persona=general
2026-06-24 19:16:37,232 [INFO] 처리 중: 2세미만 영유아 입원진료비 본인부담금 면제
2026-06-24 19:16:37,232 [INFO] [DRY] 글쓰기 스킵 | category=insurance | persona=general
2026-06-24 19:16:37,234 [INFO] 처리 중: 2세미만 영유아 입원진료비 본인부담금 면제
2026-06-24 19:16:37,234 [INFO] [DRY] 글쓰기 스킵 | category=insurance | persona=general
2026-06-24 19:16:37,236 [INFO] 처리 중: 2세미만 영유아 입원진료비 본인부담금 면제
2026-06-24 19:16:37,236 [INFO] [DRY] 글쓰기 스킵 | category=insurance | persona=general
2026-06-24 19:16:37,238 [INFO] 처리 중: 2세미만 영유아 입원진료비 본인부담금 면제
2026-06-24 19:16:37,238 [INFO] [DRY] 글쓰기 스킵 | category=insurance | persona=general
2026-06-24 19:16:37,241 [INFO] 처리 중: 2세미만 영유아 입원진료비 본인부담금 면제
2026-06-24 19:16:37,241 [INFO] [DRY] 글쓰기 스킵 | category=insurance | persona=general
2026-06-24 19:16:37,243 [INFO] 처리 중: 2세미만 영유아 입원진료비 본인부담금 면제
2026-06-24 19:16:37,243 [INFO] [DRY] 글쓰기 스킵 | category=insurance | persona=general
2026-06-24 19:16:37,245 [INFO] 처리 중: 2세미만 영유아 입원진료비 본인부담금 면제
2026-06-24 19:16:37,245 [INFO] [DRY] 글쓰기 스킵 | category=insurance | persona=general
2026-06-24 19:16:37,247 [INFO] 처리 중: 2세미만 영유아 입원진료비 본인부담금 면제
2026-06-24 19:16:37,247 [INFO] [DRY] 글쓰기 스킵 | category=insurance | persona=general
2026-06-24 19:16:37,249 [INFO] 처리 중: 2세미만 영유아 입원진료비 본인부담금 면제
2026-06-24 19:16:37,249 [INFO] [DRY] 글쓰기 스킵 | category=insurance | persona=general
2026-06-24 19:16:37,251 [INFO] 처리 중: 2세미만 영유아 입원진료비 본인부담금 면제
2026-06-24 19:16:37,251 [INFO] [DRY] 글쓰기 스킵 | category=insurance | persona=general
2026-06-24 19:16:37,253 [INFO] 처리 중: 2세미만 영유아 입원진료비 본인부담금 면제
2026-06-24 19:16:37,253 [INFO] [DRY] 글쓰기 스킵 | category=insurance | persona=general
2026-06-24 19:16:37,256 [INFO] 처리 중: 2세미만 영유아 입원진료비 본인부담금 면제
2026-06-24 19:16:37,256 [INFO] [DRY] 글쓰기 스킵 | category=insurance | persona=general
2026-06-24 19:16:37,258 [INFO] 처리 중: 2세미만 영유아 입원진료비 본인부담금 면제
2026-06-24 19:16:37,258 [INFO] [DRY] 글쓰기 스킵 | category=insurance | persona=general
2026-06-24 19:16:37,260 [INFO] 처리 중: 2세미만 영유아 입원진료비 본인부담금 면제
2026-06-24 19:16:37,260 [INFO] [DRY] 글쓰기 스킵 | category=insurance | persona=general
2026-06-24 19:16:37,262 [INFO] 처리 중: 2세미만 영유아 입원진료비 본인부담금 면제
2026-06-24 19:16:37,262 [INFO] [DRY] 글쓰기 스킵 | category=insurance | persona=general
2026-06-24 19:16:37,264 [INFO] 처리 중: 2세미만 영유아 입원진료비 본인부담금 면제
2026-06-24 19:16:37,264 [INFO] [DRY] 글쓰기 스킵 | category=insurance | persona=general
2026-06-24 19:16:37,266 [INFO] 처리 중: 2세미만 영유아 입원진료비 본인부담금 면제
2026-06-24 19:16:37,266 [INFO] [DRY] 글쓰기 스킵 | category=insurance | persona=general
2026-06-24 19:16:37,269 [INFO] 처리 중: 2세미만 영유아 입원진료비 본인부담금 면제
2026-06-24 19:16:37,269 [INFO] [DRY] 글쓰기 스킵 | category=insurance | persona=general
2026-06-24 19:16:37,271 [INFO] 처리 중: 2세미만 영유아 입원진료비 본인부담금 면제
2026-06-24 19:16:37,271 [INFO] [DRY] 글쓰기 스킵 | category=insurance | persona=general
2026-06-24 19:16:37,273 [INFO] 처리 중: 2세미만 영유아 입원진료비 본인부담금 면제
2026-06-24 19:16:37,273 [INFO] [DRY] 글쓰기 스킵 | category=insurance | persona=general
2026-06-24 19:16:37,275 [INFO] 처리 중: 2세미만 영유아 입원진료비 본인부담금 면제
2026-06-24 19:16:37,275 [INFO] [DRY] 글쓰기 스킵 | category=insurance | persona=general
2026-06-24 19:16:37,278 [INFO] 처리 중: 2세미만 영유아 입원진료비 본인부담금 면제
2026-06-24 19:16:37,278 [INFO] [DRY] 글쓰기 스킵 | category=insurance | persona=general
2026-06-24 19:16:37,280 [INFO] 처리 중: 2세미만 영유아 입원진료비 본인부담금 면제
2026-06-24 19:16:37,280 [INFO] [DRY] 글쓰기 스킵 | category=insurance | persona=general
2026-06-24 19:16:37,282 [INFO] 처리 중: 2세미만 영유아 입원진료비 본인부담금 면제
2026-06-24 19:16:37,282 [INFO] [DRY] 글쓰기 스킵 | category=insurance | persona=general
2026-06-24 19:16:37,284 [INFO] 처리 중: 2세미만 영유아 입원진료비 본인부담금 면제
2026-06-24 19:16:37,284 [INFO] [DRY] 글쓰기 스킵 | category=insurance | persona=general
2026-06-24 19:16:37,286 [INFO] 처리 중: 2세미만 영유아 입원진료비 본인부담금 면제
2026-06-24 19:16:37,286 [INFO] [DRY] 글쓰기 스킵 | category=insurance | persona=general
2026-06-24 19:16:37,288 [INFO] 처리 중: 2세미만 영유아 입원진료비 본인부담금 면제
2026-06-24 19:16:37,288 [INFO] [DRY] 글쓰기 스킵 | category=insurance | persona=general
2026-06-24 19:16:37,291 [INFO] 처리 중: 2세미만 영유아 입원진료비 본인부담금 면제
2026-06-24 19:16:37,291 [INFO] [DRY] 글쓰기 스킵 | category=insurance | persona=general
2026-06-24 19:16:37,293 [INFO] 처리 중: 2세미만 영유아 입원진료비 본인부담금 면제
2026-06-24 19:16:37,293 [INFO] [DRY] 글쓰기 스킵 | category=insurance | persona=general
2026-06-24 19:16:37,295 [INFO] 처리 중: 2세미만 영유아 입원진료비 본인부담금 면제
2026-06-24 19:16:37,295 [INFO] [DRY] 글쓰기 스킵 | category=insurance | persona=general
2026-06-24 19:16:37,297 [INFO] 처리 중: 2세미만 영유아 입원진료비 본인부담금 면제
2026-06-24 19:16:37,297 [INFO] [DRY] 글쓰기 스킵 | category=insurance | persona=general
2026-06-24 19:16:37,300 [INFO] 처리 중: 2세미만 영유아 입원진료비 본인부담금 면제
2026-06-24 19:16:37,300 [INFO] [DRY] 글쓰기 스킵 | category=insurance | persona=general
2026-06-24 19:16:37,302 [INFO] 처리 중: 2세미만 영유아 입원진료비 본인부담금 면제
2026-06-24 19:16:37,302 [INFO] [DRY] 글쓰기 스킵 | category=insurance | persona=general
2026-06-24 19:16:37,304 [INFO] 처리 중: 2세미만 영유아 입원진료비 본인부담금 면제
2026-06-24 19:16:37,304 [INFO] [DRY] 글쓰기 스킵 | category=insurance | persona=general
2026-06-24 19:16:37,306 [INFO] 처리 중: 2세미만 영유아 입원진료비 본인부담금 면제
2026-06-24 19:16:37,306 [INFO] [DRY] 글쓰기 스킵 | category=insurance | persona=general
2026-06-24 19:16:37,308 [INFO] 처리 중: 2세미만 영유아 입원진료비 본인부담금 면제
2026-06-24 19:16:37,308 [INFO] [DRY] 글쓰기 스킵 | category=insurance | persona=general
2026-06-24 19:16:37,311 [INFO] 처리 중: 2세미만 영유아 입원진료비 본인부담금 면제
2026-06-24 19:16:37,311 [INFO] [DRY] 글쓰기 스킵 | category=insurance | persona=general
2026-06-24 19:16:37,313 [INFO] 처리 중: 2세미만 영유아 입원진료비 본인부담금 면제
2026-06-24 19:16:37,313 [INFO] [DRY] 글쓰기 스킵 | category=insurance | persona=general
2026-06-24 19:16:37,315 [INFO] 처리 중: 2세미만 영유아 입원진료비 본인부담금 면제
2026-06-24 19:16:37,315 [INFO] [DRY] 글쓰기 스킵 | category=insurance | persona=general
2026-06-24 19:16:37,318 [INFO] 처리 중: 2세미만 영유아 입원진료비 본인부담금 면제
2026-06-24 19:16:37,318 [INFO] [DRY] 글쓰기 스킵 | category=insurance | persona=general
2026-06-24 19:16:37,320 [INFO] 처리 중: 2세미만 영유아 입원진료비 본인부담금 면제
2026-06-24 19:16:37,320 [INFO] [DRY] 글쓰기 스킵 | category=insurance | persona=general
2026-06-24 19:16:37,322 [INFO] 처리 중: 2세미만 영유아 입원진료비 본인부담금 면제
2026-06-24 19:16:37,322 [INFO] [DRY] 글쓰기 스킵 | category=insurance | persona=general
2026-06-24 19:16:37,324 [INFO] 처리 중: 2세미만 영유아 입원진료비 본인부담금 면제
2026-06-24 19:16:37,324 [INFO] [DRY] 글쓰기 스킵 | category=insurance | persona=general
2026-06-24 19:16:37,326 [INFO] 처리 중: 2세미만 영유아 입원진료비 본인부담금 면제
2026-06-24 19:16:37,326 [INFO] [DRY] 글쓰기 스킵 | category=insurance | persona=general
2026-06-24 19:16:37,328 [INFO] 처리 중: 2세미만 영유아 입원진료비 본인부담금 면제
2026-06-24 19:16:37,328 [INFO] [DRY] 글쓰기 스킵 | category=insurance | persona=general
2026-06-24 19:16:37,330 [INFO] 처리 중: 2세미만 영유아 입원진료비 본인부담금 면제
2026-06-24 19:16:37,330 [INFO] [DRY] 글쓰기 스킵 | category=insurance | persona=general
2026-06-24 19:16:37,332 [INFO] 처리 중: 2세미만 영유아 입원진료비 본인부담금 면제
2026-06-24 19:16:37,332 [INFO] [DRY] 글쓰기 스킵 | category=insurance | persona=general
2026-06-24 19:16:37,335 [INFO] 처리 중: 2세미만 영유아 입원진료비 본인부담금 면제
2026-06-24 19:16:37,335 [INFO] [DRY] 글쓰기 스킵 | category=insurance | persona=general
2026-06-24 19:16:37,337 [INFO] 처리 중: 2세미만 영유아 입원진료비 본인부담금 면제
2026-06-24 19:16:37,337 [INFO] [DRY] 글쓰기 스킵 | category=insurance | persona=general
2026-06-24 19:16:37,339 [INFO] 처리 중: 2세미만 영유아 입원진료비 본인부담금 면제
2026-06-24 19:16:37,339 [INFO] [DRY] 글쓰기 스킵 | category=insurance | persona=general
2026-06-24 19:16:37,341 [INFO] 처리 중: 2세미만 영유아 입원진료비 본인부담금 면제
2026-06-24 19:16:37,341 [INFO] [DRY] 글쓰기 스킵 | category=insurance | persona=general
2026-06-24 19:16:37,343 [INFO] 처리 중: 2세미만 영유아 입원진료비 본인부담금 면제
2026-06-24 19:16:37,343 [INFO] [DRY] 글쓰기 스킵 | category=insurance | persona=general
2026-06-24 19:16:37,346 [INFO] 처리 중: 2세미만 영유아 입원진료비 본인부담금 면제
2026-06-24 19:16:37,346 [INFO] [DRY] 글쓰기 스킵 | category=insurance | persona=general
2026-06-24 19:16:37,348 [INFO] 처리 중: 2세미만 영유아 입원진료비 본인부담금 면제
2026-06-24 19:16:37,348 [INFO] [DRY] 글쓰기 스킵 | category=insurance | persona=general
2026-06-24 19:16:37,350 [INFO] 처리 중: 2세미만 영유아 입원진료비 본인부담금 면제
2026-06-24 19:16:37,350 [INFO] [DRY] 글쓰기 스킵 | category=insurance | persona=general
2026-06-24 19:16:37,352 [INFO] 처리 중: 2세미만 영유아 입원진료비 본인부담금 면제
2026-06-24 19:16:37,352 [INFO] [DRY] 글쓰기 스킵 | category=insurance | persona=general
2026-06-24 19:16:37,354 [INFO] 처리 중: 2세미만 영유아 입원진료비 본인부담금 면제
2026-06-24 19:16:37,354 [INFO] [DRY] 글쓰기 스킵 | category=insurance | persona=general
2026-06-24 19:16:37,356 [INFO] 처리 중: 2세미만 영유아 입원진료비 본인부담금 면제
2026-06-24 19:16:37,356 [INFO] [DRY] 글쓰기 스킵 | category=insurance | persona=general
2026-06-24 19:16:37,359 [INFO] 처리 중: 2세미만 영유아 입원진료비 본인부담금 면제
2026-06-24 19:16:37,359 [INFO] [DRY] 글쓰기 스킵 | category=insurance | persona=general
2026-06-24 19:16:37,361 [INFO] 처리 중: 2세미만 영유아 입원진료비 본인부담금 면제
2026-06-24 19:16:37,361 [INFO] [DRY] 글쓰기 스킵 | category=insurance | persona=general
2026-06-24 19:16:37,363 [INFO] 처리 중: 2세미만 영유아 입원진료비 본인부담금 면제
2026-06-24 19:16:37,363 [INFO] [DRY] 글쓰기 스킵 | category=insurance | persona=general
2026-06-24 19:16:37,365 [INFO] 처리 중: 2세미만 영유아 입원진료비 본인부담금 면제
2026-06-24 19:16:37,366 [INFO] [DRY] 글쓰기 스킵 | category=insurance | persona=general
2026-06-24 19:16:37,368 [INFO] 처리 중: 2세미만 영유아 입원진료비 본인부담금 면제
2026-06-24 19:16:37,368 [INFO] [DRY] 글쓰기 스킵 | category=insurance | persona=general
2026-06-24 19:16:37,370 [INFO] 처리 중: 2세미만 영유아 입원진료비 본인부담금 면제
2026-06-24 19:16:37,370 [INFO] [DRY] 글쓰기 스킵 | category=insurance | persona=general
2026-06-24 19:16:37,372 [INFO] 처리 중: 2세미만 영유아 입원진료비 본인부담금 면제
2026-06-24 19:16:37,372 [INFO] [DRY] 글쓰기 스킵 | category=insurance | persona=general
2026-06-24 19:16:37,375 [INFO] 처리 중: 2세미만 영유아 입원진료비 본인부담금 면제
2026-06-24 19:16:37,375 [INFO] [DRY] 글쓰기 스킵 | category=insurance | persona=general
2026-06-24 19:16:37,377 [INFO] 처리 중: 2세미만 영유아 입원진료비 본인부담금 면제
2026-06-24 19:16:37,377 [INFO] [DRY] 글쓰기 스킵 | category=insurance | persona=general
2026-06-24 19:16:37,381 [INFO] 처리 중: 2세미만 영유아 입원진료비 본인부담금 면제
2026-06-24 19:16:37,381 [INFO] [DRY] 글쓰기 스킵 | category=insurance | persona=general
2026-06-24 19:16:37,389 [INFO] 처리 중: 2세미만 영유아 입원진료비 본인부담금 면제
2026-06-24 19:16:37,389 [INFO] [DRY] 글쓰기 스킵 | category=insurance | persona=general
2026-06-24 19:16:37,392 [INFO] 처리 중: 2세미만 영유아 입원진료비 본인부담금 면제
2026-06-24 19:16:37,392 [INFO] [DRY] 글쓰기 스킵 | category=insurance | persona=general
2026-06-24 19:16:37,397 [INFO] 처리 중: 2세미만 영유아 입원진료비 본인부담금 면제
2026-06-24 19:16:37,397 [INFO] [DRY] 글쓰기 스킵 | category=insurance | persona=general
2026-06-24 19:16:37,400 [INFO] 처리 중: 2세미만 영유아 입원진료비 본인부담금 면제
2026-06-24 19:16:37,400 [INFO] [DRY] 글쓰기 스킵 | category=insurance | persona=general
2026-06-24 19:16:37,402 [INFO] 처리 중: 2세미만 영유아 입원진료비 본인부담금 면제
2026-06-24 19:16:37,402 [INFO] [DRY] 글쓰기 스킵 | category=insurance | persona=general
2026-06-24 19:16:37,404 [INFO] 처리 중: 2세미만 영유아 입원진료비 본인부담금 면제
2026-06-24 19:16:37,404 [INFO] [DRY] 글쓰기 스킵 | category=insurance | persona=general
2026-06-24 19:16:37,406 [INFO] 처리 중: 2세미만 영유아 입원진료비 본인부담금 면제
2026-06-24 19:16:37,407 [INFO] [DRY] 글쓰기 스킵 | category=insurance | persona=general
2026-06-24 19:16:37,409 [INFO] 처리 중: 2세미만 영유아 입원진료비 본인부담금 면제
2026-06-24 19:16:37,409 [INFO] [DRY] 글쓰기 스킵 | category=insurance | persona=general
2026-06-24 19:16:37,411 [INFO] 처리 중: 2세미만 영유아 입원진료비 본인부담금 면제
2026-06-24 19:16:37,414 [INFO] [DRY] 글쓰기 스킵 | category=insurance | persona=general
2026-06-24 19:16:37,416 [INFO] 처리 중: 2세미만 영유아 입원진료비 본인부담금 면제
2026-06-24 19:16:37,418 [INFO] [DRY] 글쓰기 스킵 | category=insurance | persona=general
2026-06-24 19:16:37,420 [INFO] 처리 중: 2세미만 영유아 입원진료비 본인부담금 면제
2026-06-24 19:16:37,422 [INFO] [DRY] 글쓰기 스킵 | category=insurance | persona=general
2026-06-24 19:16:37,424 [INFO] 처리 중: 2세미만 영유아 입원진료비 본인부담금 면제
2026-06-24 19:16:37,426 [INFO] [DRY] 글쓰기 스킵 | category=insurance | persona=general
2026-06-24 19:16:37,428 [INFO] 처리 중: 2세미만 영유아 입원진료비 본인부담금 면제
2026-06-24 19:16:37,428 [INFO] [DRY] 글쓰기 스킵 | category=insurance | persona=general
2026-06-24 19:16:37,431 [INFO] 처리 중: 2세미만 영유아 입원진료비 본인부담금 면제
2026-06-24 19:16:37,431 [INFO] [DRY] 글쓰기 스킵 | category=insurance | persona=general
2026-06-24 19:16:37,433 [INFO] 처리 중: 2세미만 영유아 입원진료비 본인부담금 면제
2026-06-24 19:16:37,433 [INFO] [DRY] 글쓰기 스킵 | category=insurance | persona=general
2026-06-24 19:16:37,435 [INFO] 처리 중: 2세미만 영유아 입원진료비 본인부담금 면제
2026-06-24 19:16:37,435 [INFO] [DRY] 글쓰기 스킵 | category=insurance | persona=general
2026-06-24 19:16:37,437 [INFO] 처리 중: 2세미만 영유아 입원진료비 본인부담금 면제
2026-06-24 19:16:37,437 [INFO] [DRY] 글쓰기 스킵 | category=insurance | persona=general
2026-06-24 19:16:37,439 [INFO] 처리 중: 2세미만 영유아 입원진료비 본인부담금 면제
2026-06-24 19:16:37,439 [INFO] [DRY] 글쓰기 스킵 | category=insurance | persona=general
2026-06-24 19:16:37,441 [INFO] 처리 중: 2세미만 영유아 입원진료비 본인부담금 면제
2026-06-24 19:16:37,441 [INFO] [DRY] 글쓰기 스킵 | category=insurance | persona=general
2026-06-24 19:16:37,443 [INFO] 처리 중: 2세미만 영유아 입원진료비 본인부담금 면제
2026-06-24 19:16:37,443 [INFO] [DRY] 글쓰기 스킵 | category=insurance | persona=general
2026-06-24 19:16:37,446 [INFO] 처리 중: 2세미만 영유아 입원진료비 본인부담금 면제
2026-06-24 19:16:37,446 [INFO] [DRY] 글쓰기 스킵 | category=insurance | persona=general
2026-06-24 19:16:37,448 [INFO] 처리 중: 2세미만 영유아 입원진료비 본인부담금 면제
2026-06-24 19:16:37,448 [INFO] [DRY] 글쓰기 스킵 | category=insurance | persona=general
2026-06-24 19:16:37,451 [INFO] 처리 중: 2세미만 영유아 입원진료비 본인부담금 면제
2026-06-24 19:16:37,451 [INFO] [DRY] 글쓰기 스킵 | category=insurance | persona=general
2026-06-24 19:16:37,453 [INFO] 처리 중: 2세미만 영유아 입원진료비 본인부담금 면제
2026-06-24 19:16:37,453 [INFO] [DRY] 글쓰기 스킵 | category=insurance | persona=general
2026-06-24 19:16:37,455 [INFO] 처리 중: 2세미만 영유아 입원진료비 본인부담금 면제
2026-06-24 19:16:37,455 [INFO] [DRY] 글쓰기 스킵 | category=insurance | persona=general
2026-06-24 19:16:37,457 [INFO] 처리 중: 2세미만 영유아 입원진료비 본인부담금 면제
2026-06-24 19:16:37,457 [INFO] [DRY] 글쓰기 스킵 | category=insurance | persona=general
2026-06-24 19:16:37,459 [INFO] 처리 중: 2세미만 영유아 입원진료비 본인부담금 면제
2026-06-24 19:16:37,459 [INFO] [DRY] 글쓰기 스킵 | category=insurance | persona=general
2026-06-24 19:16:37,461 [INFO] 처리 중: 2세미만 영유아 입원진료비 본인부담금 면제
2026-06-24 19:16:37,462 [INFO] [DRY] 글쓰기 스킵 | category=insurance | persona=general
2026-06-24 19:16:37,464 [INFO] 처리 중: 2세미만 영유아 입원진료비 본인부담금 면제
2026-06-24 19:16:37,464 [INFO] [DRY] 글쓰기 스킵 | category=insurance | persona=general
2026-06-24 19:16:37,466 [INFO] 처리 중: 2세미만 영유아 입원진료비 본인부담금 면제
2026-06-24 19:16:37,466 [INFO] [DRY] 글쓰기 스킵 | category=insurance | persona=general
2026-06-24 19:16:37,469 [INFO] 처리 중: 2세미만 영유아 입원진료비 본인부담금 면제
2026-06-24 19:16:37,469 [INFO] [DRY] 글쓰기 스킵 | category=insurance | persona=general
2026-06-24 19:16:37,471 [INFO] 처리 중: 2세미만 영유아 입원진료비 본인부담금 면제
2026-06-24 19:16:37,471 [INFO] [DRY] 글쓰기 스킵 | category=insurance | persona=general
2026-06-24 19:16:37,473 [INFO] 처리 중: 2세미만 영유아 입원진료비 본인부담금 면제
2026-06-24 19:16:37,473 [INFO] [DRY] 글쓰기 스킵 | category=insurance | persona=general
2026-06-24 19:16:37,475 [INFO] 처리 중: 2세미만 영유아 입원진료비 본인부담금 면제
2026-06-24 19:16:37,475 [INFO] [DRY] 글쓰기 스킵 | category=insurance | persona=general
2026-06-24 19:16:37,477 [INFO] 처리 중: 2세미만 영유아 입원진료비 본인부담금 면제
2026-06-24 19:16:37,478 [INFO] [DRY] 글쓰기 스킵 | category=insurance | persona=general
2026-06-24 19:16:37,480 [INFO] 처리 중: 2세미만 영유아 입원진료비 본인부담금 면제
2026-06-24 19:16:37,480 [INFO] [DRY] 글쓰기 스킵 | category=insurance | persona=general
2026-06-24 19:16:37,482 [INFO] 처리 중: 2세미만 영유아 입원진료비 본인부담금 면제
2026-06-24 19:16:37,482 [INFO] [DRY] 글쓰기 스킵 | category=insurance | persona=general
2026-06-24 19:16:37,484 [INFO] 처리 중: 2세미만 영유아 입원진료비 본인부담금 면제
2026-06-24 19:16:37,484 [INFO] [DRY] 글쓰기 스킵 | category=insurance | persona=general
2026-06-24 19:16:37,486 [INFO] 처리 중: 2세미만 영유아 입원진료비 본인부담금 면제
2026-06-24 19:16:37,486 [INFO] [DRY] 글쓰기 스킵 | category=insurance | persona=general
2026-06-24 19:16:37,489 [INFO] 처리 중: 2세미만 영유아 입원진료비 본인부담금 면제
2026-06-24 19:16:37,489 [INFO] [DRY] 글쓰기 스킵 | category=insurance | persona=general
2026-06-24 19:16:37,491 [INFO] 처리 중: 2세미만 영유아 입원진료비 본인부담금 면제
2026-06-24 19:16:37,491 [INFO] [DRY] 글쓰기 스킵 | category=insurance | persona=general
2026-06-24 19:16:37,493 [INFO] 처리 중: 2세미만 영유아 입원진료비 본인부담금 면제
2026-06-24 19:16:37,493 [INFO] [DRY] 글쓰기 스킵 | category=insurance | persona=general
2026-06-24 19:16:37,495 [INFO] 처리 중: 2세미만 영유아 입원진료비 본인부담금 면제
2026-06-24 19:16:37,495 [INFO] [DRY] 글쓰기 스킵 | category=insurance | persona=general
2026-06-24 19:16:37,497 [INFO] 처리 중: 2세미만 영유아 입원진료비 본인부담금 면제
2026-06-24 19:16:37,497 [INFO] [DRY] 글쓰기 스킵 | category=insurance | persona=general
2026-06-24 19:16:37,499 [INFO] 처리 중: 2세미만 영유아 입원진료비 본인부담금 면제
2026-06-24 19:16:37,499 [INFO] [DRY] 글쓰기 스킵 | category=insurance | persona=general
2026-06-24 19:16:37,501 [INFO] 처리 중: 2세미만 영유아 입원진료비 본인부담금 면제
2026-06-24 19:16:37,501 [INFO] [DRY] 글쓰기 스킵 | category=insurance | persona=general
2026-06-24 19:16:37,504 [INFO] 처리 중: 2세미만 영유아 입원진료비 본인부담금 면제
2026-06-24 19:16:37,504 [INFO] [DRY] 글쓰기 스킵 | category=insurance | persona=general
2026-06-24 19:16:37,506 [INFO] 처리 중: 2세미만 영유아 입원진료비 본인부담금 면제
2026-06-24 19:16:37,506 [INFO] [DRY] 글쓰기 스킵 | category=insurance | persona=general
2026-06-24 19:16:37,508 [INFO] 처리 중: 2세미만 영유아 입원진료비 본인부담금 면제
2026-06-24 19:16:37,508 [INFO] [DRY] 글쓰기 스킵 | category=insurance | persona=general
2026-06-24 19:16:37,510 [INFO] 처리 중: 2세미만 영유아 입원진료비 본인부담금 면제
2026-06-24 19:16:37,510 [INFO] [DRY] 글쓰기 스킵 | category=insurance | persona=general
2026-06-24 19:16:37,513 [INFO] 처리 중: 2세미만 영유아 입원진료비 본인부담금 면제
2026-06-24 19:16:37,513 [INFO] [DRY] 글쓰기 스킵 | category=insurance | persona=general
2026-06-24 19:16:37,515 [INFO] 처리 중: 2세미만 영유아 입원진료비 본인부담금 면제
2026-06-24 19:16:37,515 [INFO] [DRY] 글쓰기 스킵 | category=insurance | persona=general
2026-06-24 19:16:37,517 [INFO] 처리 중: 2세미만 영유아 입원진료비 본인부담금 면제
2026-06-24 19:16:37,517 [INFO] [DRY] 글쓰기 스킵 | category=insurance | persona=general
2026-06-24 19:16:37,519 [INFO] 처리 중: 2세미만 영유아 입원진료비 본인부담금 면제
2026-06-24 19:16:37,519 [INFO] [DRY] 글쓰기 스킵 | category=insurance | persona=general
2026-06-24 19:16:37,521 [INFO] 처리 중: 2세미만 영유아 입원진료비 본인부담금 면제
2026-06-24 19:16:37,521 [INFO] [DRY] 글쓰기 스킵 | category=insurance | persona=general
2026-06-24 19:16:37,523 [INFO] 처리 중: 2세미만 영유아 입원진료비 본인부담금 면제
2026-06-24 19:16:37,523 [INFO] [DRY] 글쓰기 스킵 | category=insurance | persona=general
2026-06-24 19:16:37,525 [INFO] 처리 중: 2세미만 영유아 입원진료비 본인부담금 면제
2026-06-24 19:16:37,525 [INFO] [DRY] 글쓰기 스킵 | category=insurance | persona=general
2026-06-24 19:16:37,528 [INFO] 처리 중: 2세미만 영유아 입원진료비 본인부담금 면제
2026-06-24 19:16:37,528 [INFO] [DRY] 글쓰기 스킵 | category=insurance | persona=general
2026-06-24 19:16:37,530 [INFO] 처리 중: 2세미만 영유아 입원진료비 본인부담금 면제
2026-06-24 19:16:37,530 [INFO] [DRY] 글쓰기 스킵 | category=insurance | persona=general
2026-06-24 19:16:37,533 [INFO] 처리 중: 2세미만 영유아 입원진료비 본인부담금 면제
2026-06-24 19:16:37,533 [INFO] [DRY] 글쓰기 스킵 | category=insurance | persona=general
2026-06-24 19:16:37,535 [INFO] 처리 중: 2세미만 영유아 입원진료비 본인부담금 면제
2026-06-24 19:16:37,535 [INFO] [DRY] 글쓰기 스킵 | category=insurance | persona=general
2026-06-24 19:16:37,537 [INFO] 처리 중: 2세미만 영유아 입원진료비 본인부담금 면제
2026-06-24 19:16:37,537 [INFO] [DRY] 글쓰기 스킵 | category=insurance | persona=general
2026-06-24 19:16:37,539 [INFO] 처리 중: 2세미만 영유아 입원진료비 본인부담금 면제
2026-06-24 19:16:37,539 [INFO] [DRY] 글쓰기 스킵 | category=insurance | persona=general
2026-06-24 19:16:37,541 [INFO] 처리 중: 2세미만 영유아 입원진료비 본인부담금 면제
2026-06-24 19:16:37,541 [INFO] [DRY] 글쓰기 스킵 | category=insurance | persona=general
2026-06-24 19:16:37,543 [INFO] 처리 중: 2세미만 영유아 입원진료비 본인부담금 면제
2026-06-24 19:16:37,544 [INFO] [DRY] 글쓰기 스킵 | category=insurance | persona=general
2026-06-24 19:16:37,546 [INFO] 처리 중: 2세미만 영유아 입원진료비 본인부담금 면제
2026-06-24 19:16:37,546 [INFO] [DRY] 글쓰기 스킵 | category=insurance | persona=general
2026-06-24 19:16:37,548 [INFO] 처리 중: 2세미만 영유아 입원진료비 본인부담금 면제
2026-06-24 19:16:37,549 [INFO] [DRY] 글쓰기 스킵 | category=insurance | persona=general
2026-06-24 19:16:37,551 [INFO] 처리 중: 2세미만 영유아 입원진료비 본인부담금 면제
2026-06-24 19:16:37,551 [INFO] [DRY] 글쓰기 스킵 | category=insurance | persona=general
2026-06-24 19:16:37,553 [INFO] 처리 중: 2세미만 영유아 입원진료비 본인부담금 면제
2026-06-24 19:16:37,553 [INFO] [DRY] 글쓰기 스킵 | category=insurance | persona=general
2026-06-24 19:16:37,555 [INFO] 처리 중: 2세미만 영유아 입원진료비 본인부담금 면제
2026-06-24 19:16:37,555 [INFO] [DRY] 글쓰기 스킵 | category=insurance | persona=general
2026-06-24 19:16:37,557 [INFO] 처리 중: 2세미만 영유아 입원진료비 본인부담금 면제
2026-06-24 19:16:37,557 [INFO] [DRY] 글쓰기 스킵 | category=insurance | persona=general
2026-06-24 19:16:37,560 [INFO] 처리 중: 2세미만 영유아 입원진료비 본인부담금 면제
2026-06-24 19:16:37,560 [INFO] [DRY] 글쓰기 스킵 | category=insurance | persona=general
2026-06-24 19:16:37,562 [INFO] 처리 중: 2세미만 영유아 입원진료비 본인부담금 면제
2026-06-24 19:16:37,562 [INFO] [DRY] 글쓰기 스킵 | category=insurance | persona=general
2026-06-24 19:16:37,564 [INFO] 처리 중: 2세미만 영유아 입원진료비 본인부담금 면제
2026-06-24 19:16:37,564 [INFO] [DRY] 글쓰기 스킵 | category=insurance | persona=general
2026-06-24 19:16:37,567 [INFO] 처리 중: 2세미만 영유아 입원진료비 본인부담금 면제
2026-06-24 19:16:37,567 [INFO] [DRY] 글쓰기 스킵 | category=insurance | persona=general
2026-06-24 19:16:37,569 [INFO] 처리 중: 2세미만 영유아 입원진료비 본인부담금 면제
2026-06-24 19:16:37,569 [INFO] [DRY] 글쓰기 스킵 | category=insurance | persona=general
2026-06-24 19:16:37,571 [INFO] 처리 중: 2세미만 영유아 입원진료비 본인부담금 면제
2026-06-24 19:16:37,571 [INFO] [DRY] 글쓰기 스킵 | category=insurance | persona=general
2026-06-24 19:16:37,573 [INFO] 처리 중: 2세미만 영유아 입원진료비 본인부담금 면제
2026-06-24 19:16:37,573 [INFO] [DRY] 글쓰기 스킵 | category=insurance | persona=general
2026-06-24 19:16:37,575 [INFO] 처리 중: 2세미만 영유아 입원진료비 본인부담금 면제
2026-06-24 19:16:37,575 [INFO] [DRY] 글쓰기 스킵 | category=insurance | persona=general
2026-06-24 19:16:37,577 [INFO] 처리 중: 2세미만 영유아 입원진료비 본인부담금 면제
2026-06-24 19:16:37,577 [INFO] [DRY] 글쓰기 스킵 | category=insurance | persona=general
2026-06-24 19:16:37,579 [INFO] 처리 중: 2세미만 영유아 입원진료비 본인부담금 면제
2026-06-24 19:16:37,579 [INFO] [DRY] 글쓰기 스킵 | category=insurance | persona=general
2026-06-24 19:16:37,582 [INFO] 처리 중: 2세미만 영유아 입원진료비 본인부담금 면제
2026-06-24 19:16:37,582 [INFO] [DRY] 글쓰기 스킵 | category=insurance | persona=general
2026-06-24 19:16:37,584 [INFO] 처리 중: 2세미만 영유아 입원진료비 본인부담금 면제
2026-06-24 19:16:37,584 [INFO] [DRY] 글쓰기 스킵 | category=insurance | persona=general
2026-06-24 19:16:37,586 [INFO] 처리 중: 2세미만 영유아 입원진료비 본인부담금 면제
2026-06-24 19:16:37,586 [INFO] [DRY] 글쓰기 스킵 | category=insurance | persona=general
2026-06-24 19:16:37,588 [INFO] 처리 중: 2세미만 영유아 입원진료비 본인부담금 면제
2026-06-24 19:16:37,588 [INFO] [DRY] 글쓰기 스킵 | category=insurance | persona=general
2026-06-24 19:16:37,590 [INFO] 처리 중: 2세미만 영유아 입원진료비 본인부담금 면제
2026-06-24 19:16:37,590 [INFO] [DRY] 글쓰기 스킵 | category=insurance | persona=general
2026-06-24 19:16:37,592 [INFO] 처리 중: 2세미만 영유아 입원진료비 본인부담금 면제
2026-06-24 19:16:37,592 [INFO] [DRY] 글쓰기 스킵 | category=insurance | persona=general
2026-06-24 19:16:37,595 [INFO] 처리 중: 2세미만 영유아 입원진료비 본인부담금 면제
2026-06-24 19:16:37,595 [INFO] [DRY] 글쓰기 스킵 | category=insurance | persona=general
2026-06-24 19:16:37,597 [INFO] 처리 중: 2세미만 영유아 입원진료비 본인부담금 면제
2026-06-24 19:16:37,597 [INFO] [DRY] 글쓰기 스킵 | category=insurance | persona=general
2026-06-24 19:16:37,599 [INFO] 처리 중: 2세미만 영유아 입원진료비 본인부담금 면제
2026-06-24 19:16:37,599 [INFO] [DRY] 글쓰기 스킵 | category=insurance | persona=general
2026-06-24 19:16:37,601 [INFO] 처리 중: 2세미만 영유아 입원진료비 본인부담금 면제
2026-06-24 19:16:37,601 [INFO] [DRY] 글쓰기 스킵 | category=insurance | persona=general
2026-06-24 19:16:37,604 [INFO] 처리 중: 2세미만 영유아 입원진료비 본인부담금 면제
2026-06-24 19:16:37,604 [INFO] [DRY] 글쓰기 스킵 | category=insurance | persona=general
2026-06-24 19:16:37,606 [INFO] 처리 중: 2세미만 영유아 입원진료비 본인부담금 면제
2026-06-24 19:16:37,606 [INFO] [DRY] 글쓰기 스킵 | category=insurance | persona=general
2026-06-24 19:16:37,608 [INFO] 처리 중: 2세미만 영유아 입원진료비 본인부담금 면제
2026-06-24 19:16:37,608 [INFO] [DRY] 글쓰기 스킵 | category=insurance | persona=general
2026-06-24 19:16:37,610 [INFO] 처리 중: 2세미만 영유아 입원진료비 본인부담금 면제
2026-06-24 19:16:37,610 [INFO] [DRY] 글쓰기 스킵 | category=insurance | persona=general
2026-06-24 19:16:37,612 [INFO] 처리 중: 2세미만 영유아 입원진료비 본인부담금 면제
2026-06-24 19:16:37,613 [INFO] [DRY] 글쓰기 스킵 | category=insurance | persona=general
2026-06-24 19:16:37,615 [INFO] 처리 중: 2세미만 영유아 입원진료비 본인부담금 면제
2026-06-24 19:16:37,615 [INFO] [DRY] 글쓰기 스킵 | category=insurance | persona=general
2026-06-24 19:16:37,617 [INFO] 처리 중: 2세미만 영유아 입원진료비 본인부담금 면제
2026-06-24 19:16:37,617 [INFO] [DRY] 글쓰기 스킵 | category=insurance | persona=general
2026-06-24 19:16:37,619 [INFO] 처리 중: 2세미만 영유아 입원진료비 본인부담금 면제
2026-06-24 19:16:37,619 [INFO] [DRY] 글쓰기 스킵 | category=insurance | persona=general
2026-06-24 19:16:37,621 [INFO] 처리 중: 2세미만 영유아 입원진료비 본인부담금 면제
2026-06-24 19:16:37,621 [INFO] [DRY] 글쓰기 스킵 | category=insurance | persona=general
2026-06-24 19:16:37,624 [INFO] 처리 중: 2세미만 영유아 입원진료비 본인부담금 면제
2026-06-24 19:16:37,624 [INFO] [DRY] 글쓰기 스킵 | category=insurance | persona=general
2026-06-24 19:16:37,626 [INFO] 처리 중: 2세미만 영유아 입원진료비 본인부담금 면제
2026-06-24 19:16:37,626 [INFO] [DRY] 글쓰기 스킵 | category=insurance | persona=general
2026-06-24 19:16:37,628 [INFO] 처리 중: 2세미만 영유아 입원진료비 본인부담금 면제
2026-06-24 19:16:37,628 [INFO] [DRY] 글쓰기 스킵 | category=insurance | persona=general
2026-06-24 19:16:37,630 [INFO] 처리 중: 2세미만 영유아 입원진료비 본인부담금 면제
2026-06-24 19:16:37,630 [INFO] [DRY] 글쓰기 스킵 | category=insurance | persona=general
2026-06-24 19:16:37,632 [INFO] 처리 중: 2세미만 영유아 입원진료비 본인부담금 면제
2026-06-24 19:16:37,632 [INFO] [DRY] 글쓰기 스킵 | category=insurance | persona=general
2026-06-24 19:16:37,635 [INFO] 처리 중: 2세미만 영유아 입원진료비 본인부담금 면제
2026-06-24 19:16:37,635 [INFO] [DRY] 글쓰기 스킵 | category=insurance | persona=general
2026-06-24 19:16:37,637 [INFO] 처리 중: 2세미만 영유아 입원진료비 본인부담금 면제
2026-06-24 19:16:37,637 [INFO] [DRY] 글쓰기 스킵 | category=insurance | persona=general
2026-06-24 19:16:37,639 [INFO] 처리 중: 2세미만 영유아 입원진료비 본인부담금 면제
2026-06-24 19:16:37,639 [INFO] [DRY] 글쓰기 스킵 | category=insurance | persona=general
2026-06-24 19:16:37,641 [INFO] 처리 중: 2세미만 영유아 입원진료비 본인부담금 면제
2026-06-24 19:16:37,641 [INFO] [DRY] 글쓰기 스킵 | category=insurance | persona=general
2026-06-24 19:16:37,644 [INFO] 처리 중: 2세미만 영유아 입원진료비 본인부담금 면제
2026-06-24 19:16:37,644 [INFO] [DRY] 글쓰기 스킵 | category=insurance | persona=general
2026-06-24 19:16:37,646 [INFO] 처리 중: 2세미만 영유아 입원진료비 본인부담금 면제
2026-06-24 19:16:37,646 [INFO] [DRY] 글쓰기 스킵 | category=insurance | persona=general
2026-06-24 19:16:37,648 [INFO] 처리 중: 2세미만 영유아 입원진료비 본인부담금 면제
2026-06-24 19:16:37,648 [INFO] [DRY] 글쓰기 스킵 | category=insurance | persona=general
2026-06-24 19:16:37,650 [INFO] 처리 중: 2세미만 영유아 입원진료비 본인부담금 면제
2026-06-24 19:16:37,650 [INFO] [DRY] 글쓰기 스킵 | category=insurance | persona=general
2026-06-24 19:16:37,652 [INFO] 처리 중: 2세미만 영유아 입원진료비 본인부담금 면제
2026-06-24 19:16:37,652 [INFO] [DRY] 글쓰기 스킵 | category=insurance | persona=general
2026-06-24 19:16:37,654 [INFO] 처리 중: 2세미만 영유아 입원진료비 본인부담금 면제
2026-06-24 19:16:37,654 [INFO] [DRY] 글쓰기 스킵 | category=insurance | persona=general
2026-06-24 19:16:37,656 [INFO] 처리 중: 2세미만 영유아 입원진료비 본인부담금 면제
2026-06-24 19:16:37,656 [INFO] [DRY] 글쓰기 스킵 | category=insurance | persona=general
2026-06-24 19:16:37,659 [INFO] 처리 중: 2세미만 영유아 입원진료비 본인부담금 면제
2026-06-24 19:16:37,659 [INFO] [DRY] 글쓰기 스킵 | category=insurance | persona=general
2026-06-24 19:16:37,661 [INFO] 처리 중: 2세미만 영유아 입원진료비 본인부담금 면제
2026-06-24 19:16:37,661 [INFO] [DRY] 글쓰기 스킵 | category=insurance | persona=general
2026-06-24 19:16:37,663 [INFO] 처리 중: 2세미만 영유아 입원진료비 본인부담금 면제
2026-06-24 19:16:37,663 [INFO] [DRY] 글쓰기 스킵 | category=insurance | persona=general
2026-06-24 19:16:37,666 [INFO] 처리 중: 2세미만 영유아 입원진료비 본인부담금 면제
2026-06-24 19:16:37,666 [INFO] [DRY] 글쓰기 스킵 | category=insurance | persona=general
2026-06-24 19:16:37,668 [INFO] 처리 중: 2세미만 영유아 입원진료비 본인부담금 면제
2026-06-24 19:16:37,668 [INFO] [DRY] 글쓰기 스킵 | category=insurance | persona=general
2026-06-24 19:16:37,670 [INFO] 처리 중: 2세미만 영유아 입원진료비 본인부담금 면제
2026-06-24 19:16:37,670 [INFO] [DRY] 글쓰기 스킵 | category=insurance | persona=general
2026-06-24 19:16:37,672 [INFO] 처리 중: 2세미만 영유아 입원진료비 본인부담금 면제
2026-06-24 19:16:37,672 [INFO] [DRY] 글쓰기 스킵 | category=insurance | persona=general
2026-06-24 19:16:37,674 [INFO] 처리 중: 2세미만 영유아 입원진료비 본인부담금 면제
2026-06-24 19:16:37,674 [INFO] [DRY] 글쓰기 스킵 | category=insurance | persona=general
2026-06-24 19:16:37,676 [INFO] 처리 중: 2세미만 영유아 입원진료비 본인부담금 면제
2026-06-24 19:16:37,676 [INFO] [DRY] 글쓰기 스킵 | category=insurance | persona=general
2026-06-24 19:16:37,679 [INFO] 처리 중: 2세미만 영유아 입원진료비 본인부담금 면제
2026-06-24 19:16:37,679 [INFO] [DRY] 글쓰기 스킵 | category=insurance | persona=general
2026-06-24 19:16:37,681 [INFO] 처리 중: 2세미만 영유아 입원진료비 본인부담금 면제
2026-06-24 19:16:37,681 [INFO] [DRY] 글쓰기 스킵 | category=insurance | persona=general
2026-06-24 19:16:37,683 [INFO] 처리 중: 2세미만 영유아 입원진료비 본인부담금 면제
2026-06-24 19:16:37,683 [INFO] [DRY] 글쓰기 스킵 | category=insurance | persona=general
2026-06-24 19:16:37,685 [INFO] 처리 중: 2세미만 영유아 입원진료비 본인부담금 면제
2026-06-24 19:16:37,685 [INFO] [DRY] 글쓰기 스킵 | category=insurance | persona=general
2026-06-24 19:16:37,687 [INFO] 처리 중: 2세미만 영유아 입원진료비 본인부담금 면제
2026-06-24 19:16:37,687 [INFO] [DRY] 글쓰기 스킵 | category=insurance | persona=general
2026-06-24 19:16:37,689 [INFO] 처리 중: 2세미만 영유아 입원진료비 본인부담금 면제
2026-06-24 19:16:37,689 [INFO] [DRY] 글쓰기 스킵 | category=insurance | persona=general
2026-06-24 19:16:37,691 [INFO] 처리 중: 2세미만 영유아 입원진료비 본인부담금 면제
2026-06-24 19:16:37,691 [INFO] [DRY] 글쓰기 스킵 | category=insurance | persona=general
2026-06-24 19:16:37,693 [INFO] 처리 중: 2세미만 영유아 입원진료비 본인부담금 면제
2026-06-24 19:16:37,693 [INFO] [DRY] 글쓰기 스킵 | category=insurance | persona=general
2026-06-24 19:16:37,696 [INFO] 처리 중: 2세미만 영유아 입원진료비 본인부담금 면제
2026-06-24 19:16:37,696 [INFO] [DRY] 글쓰기 스킵 | category=insurance | persona=general
2026-06-24 19:16:37,698 [INFO] 처리 중: 2세미만 영유아 입원진료비 본인부담금 면제
2026-06-24 19:16:37,698 [INFO] [DRY] 글쓰기 스킵 | category=insurance | persona=general
2026-06-24 19:16:37,700 [INFO] 처리 중: 2세미만 영유아 입원진료비 본인부담금 면제
2026-06-24 19:16:37,701 [INFO] [DRY] 글쓰기 스킵 | category=insurance | persona=general
2026-06-24 19:16:37,703 [INFO] 처리 중: 2세미만 영유아 입원진료비 본인부담금 면제
2026-06-24 19:16:37,703 [INFO] [DRY] 글쓰기 스킵 | category=insurance | persona=general
2026-06-24 19:16:37,705 [INFO] 처리 중: 2세미만 영유아 입원진료비 본인부담금 면제
2026-06-24 19:16:37,705 [INFO] [DRY] 글쓰기 스킵 | category=insurance | persona=general
2026-06-24 19:16:37,707 [INFO] 처리 중: 2세미만 영유아 입원진료비 본인부담금 면제
2026-06-24 19:16:37,707 [INFO] [DRY] 글쓰기 스킵 | category=insurance | persona=general
2026-06-24 19:16:37,709 [INFO] 처리 중: 2세미만 영유아 입원진료비 본인부담금 면제
2026-06-24 19:16:37,709 [INFO] [DRY] 글쓰기 스킵 | category=insurance | persona=general
2026-06-24 19:16:37,712 [INFO] 처리 중: 2세미만 영유아 입원진료비 본인부담금 면제
2026-06-24 19:16:37,712 [INFO] [DRY] 글쓰기 스킵 | category=insurance | persona=general
2026-06-24 19:16:37,714 [INFO] 처리 중: 2세미만 영유아 입원진료비 본인부담금 면제
2026-06-24 19:16:37,714 [INFO] [DRY] 글쓰기 스킵 | category=insurance | persona=general
2026-06-24 19:16:37,716 [INFO] 처리 중: 2세미만 영유아 입원진료비 본인부담금 면제
2026-06-24 19:16:37,716 [INFO] [DRY] 글쓰기 스킵 | category=insurance | persona=general
2026-06-24 19:16:37,719 [INFO] 처리 중: 2세미만 영유아 입원진료비 본인부담금 면제
2026-06-24 19:16:37,719 [INFO] [DRY] 글쓰기 스킵 | category=insurance | persona=general
2026-06-24 19:16:37,721 [INFO] 처리 중: 2세미만 영유아 입원진료비 본인부담금 면제
2026-06-24 19:16:37,721 [INFO] [DRY] 글쓰기 스킵 | category=insurance | persona=general
2026-06-24 19:16:37,723 [INFO] 처리 중: 2세미만 영유아 입원진료비 본인부담금 면제
2026-06-24 19:16:37,723 [INFO] [DRY] 글쓰기 스킵 | category=insurance | persona=general
2026-06-24 19:16:37,725 [INFO] 처리 중: 2세미만 영유아 입원진료비 본인부담금 면제
2026-06-24 19:16:37,725 [INFO] [DRY] 글쓰기 스킵 | category=insurance | persona=general
2026-06-24 19:16:37,728 [INFO] 처리 중: 2세미만 영유아 입원진료비 본인부담금 면제
2026-06-24 19:16:37,728 [INFO] [DRY] 글쓰기 스킵 | category=insurance | persona=general
2026-06-24 19:16:37,730 [INFO] 처리 중: 2세미만 영유아 입원진료비 본인부담금 면제
2026-06-24 19:16:37,730 [INFO] [DRY] 글쓰기 스킵 | category=insurance | persona=general
2026-06-24 19:16:37,732 [INFO] 처리 중: 2세미만 영유아 입원진료비 본인부담금 면제
2026-06-24 19:16:37,732 [INFO] [DRY] 글쓰기 스킵 | category=insurance | persona=general
2026-06-24 19:16:37,734 [INFO] 처리 중: 2세미만 영유아 입원진료비 본인부담금 면제
2026-06-24 19:16:37,734 [INFO] [DRY] 글쓰기 스킵 | category=insurance | persona=general
2026-06-24 19:16:37,737 [INFO] 처리 중: 2세미만 영유아 입원진료비 본인부담금 면제
2026-06-24 19:16:37,737 [INFO] [DRY] 글쓰기 스킵 | category=insurance | persona=general
2026-06-24 19:16:37,739 [INFO] 처리 중: 2세미만 영유아 입원진료비 본인부담금 면제
2026-06-24 19:16:37,739 [INFO] [DRY] 글쓰기 스킵 | category=insurance | persona=general
2026-06-24 19:16:37,741 [INFO] 처리 중: 2세미만 영유아 입원진료비 본인부담금 면제
2026-06-24 19:16:37,741 [INFO] [DRY] 글쓰기 스킵 | category=insurance | persona=general
2026-06-24 19:16:37,743 [INFO] 처리 중: 2세미만 영유아 입원진료비 본인부담금 면제
2026-06-24 19:16:37,743 [INFO] [DRY] 글쓰기 스킵 | category=insurance | persona=general
2026-06-24 19:16:37,745 [INFO] 처리 중: 2세미만 영유아 입원진료비 본인부담금 면제
2026-06-24 19:16:37,745 [INFO] [DRY] 글쓰기 스킵 | category=insurance | persona=general
2026-06-24 19:16:37,747 [INFO] 처리 중: 2세미만 영유아 입원진료비 본인부담금 면제
2026-06-24 19:16:37,747 [INFO] [DRY] 글쓰기 스킵 | category=insurance | persona=general
2026-06-24 19:16:37,750 [INFO] 처리 중: 2세미만 영유아 입원진료비 본인부담금 면제
2026-06-24 19:16:37,750 [INFO] [DRY] 글쓰기 스킵 | category=insurance | persona=general
2026-06-24 19:16:37,752 [INFO] 처리 중: 2세미만 영유아 입원진료비 본인부담금 면제
2026-06-24 19:16:37,752 [INFO] [DRY] 글쓰기 스킵 | category=insurance | persona=general
2026-06-24 19:16:37,754 [INFO] 처리 중: 2세미만 영유아 입원진료비 본인부담금 면제
2026-06-24 19:16:37,754 [INFO] [DRY] 글쓰기 스킵 | category=insurance | persona=general
2026-06-24 19:16:37,756 [INFO] 처리 중: 2세미만 영유아 입원진료비 본인부담금 면제
2026-06-24 19:16:37,756 [INFO] [DRY] 글쓰기 스킵 | category=insurance | persona=general
2026-06-24 19:16:37,758 [INFO] 처리 중: 2세미만 영유아 입원진료비 본인부담금 면제
2026-06-24 19:16:37,758 [INFO] [DRY] 글쓰기 스킵 | category=insurance | persona=general
2026-06-24 19:16:37,761 [INFO] 처리 중: 2세미만 영유아 입원진료비 본인부담금 면제
2026-06-24 19:16:37,761 [INFO] [DRY] 글쓰기 스킵 | category=insurance | persona=general
2026-06-24 19:16:37,763 [INFO] 처리 중: 2세미만 영유아 입원진료비 본인부담금 면제
2026-06-24 19:16:37,763 [INFO] [DRY] 글쓰기 스킵 | category=insurance | persona=general
2026-06-24 19:16:37,765 [INFO] 처리 중: 2세미만 영유아 입원진료비 본인부담금 면제
2026-06-24 19:16:37,765 [INFO] [DRY] 글쓰기 스킵 | category=insurance | persona=general
2026-06-24 19:16:37,767 [INFO] 처리 중: 2세미만 영유아 입원진료비 본인부담금 면제
2026-06-24 19:16:37,767 [INFO] [DRY] 글쓰기 스킵 | category=insurance | persona=general
2026-06-24 19:16:37,769 [INFO] 처리 중: 2세미만 영유아 입원진료비 본인부담금 면제
2026-06-24 19:16:37,769 [INFO] [DRY] 글쓰기 스킵 | category=insurance | persona=general
2026-06-24 19:16:37,772 [INFO] 처리 중: 2세미만 영유아 입원진료비 본인부담금 면제
2026-06-24 19:16:37,772 [INFO] [DRY] 글쓰기 스킵 | category=insurance | persona=general
2026-06-24 19:16:37,774 [INFO] 처리 중: 2세미만 영유아 입원진료비 본인부담금 면제
2026-06-24 19:16:37,774 [INFO] [DRY] 글쓰기 스킵 | category=insurance | persona=general
2026-06-24 19:16:37,776 [INFO] 처리 중: 2세미만 영유아 입원진료비 본인부담금 면제
2026-06-24 19:16:37,776 [INFO] [DRY] 글쓰기 스킵 | category=insurance | persona=general
2026-06-24 19:16:37,778 [INFO] 처리 중: 2세미만 영유아 입원진료비 본인부담금 면제
2026-06-24 19:16:37,778 [INFO] [DRY] 글쓰기 스킵 | category=insurance | persona=general
2026-06-24 19:16:37,781 [INFO] 처리 중: 2세미만 영유아 입원진료비 본인부담금 면제
2026-06-24 19:16:37,781 [INFO] [DRY] 글쓰기 스킵 | category=insurance | persona=general
2026-06-24 19:16:37,783 [INFO] 처리 중: 2세미만 영유아 입원진료비 본인부담금 면제
2026-06-24 19:16:37,783 [INFO] [DRY] 글쓰기 스킵 | category=insurance | persona=general
2026-06-24 19:16:37,785 [INFO] 처리 중: 2세미만 영유아 입원진료비 본인부담금 면제
2026-06-24 19:16:37,785 [INFO] [DRY] 글쓰기 스킵 | category=insurance | persona=general
2026-06-24 19:16:37,787 [INFO] 처리 중: 2세미만 영유아 입원진료비 본인부담금 면제
2026-06-24 19:16:37,787 [INFO] [DRY] 글쓰기 스킵 | category=insurance | persona=general
2026-06-24 19:16:37,789 [INFO] 처리 중: 2세미만 영유아 입원진료비 본인부담금 면제
2026-06-24 19:16:37,789 [INFO] [DRY] 글쓰기 스킵 | category=insurance | persona=general
2026-06-24 19:16:37,791 [INFO] 처리 중: 2세미만 영유아 입원진료비 본인부담금 면제
2026-06-24 19:16:37,791 [INFO] [DRY] 글쓰기 스킵 | category=insurance | persona=general
2026-06-24 19:16:37,793 [INFO] 처리 중: 2세미만 영유아 입원진료비 본인부담금 면제
2026-06-24 19:16:37,793 [INFO] [DRY] 글쓰기 스킵 | category=insurance | persona=general
2026-06-24 19:16:37,796 [INFO] 처리 중: 2세미만 영유아 입원진료비 본인부담금 면제
2026-06-24 19:16:37,796 [INFO] [DRY] 글쓰기 스킵 | category=insurance | persona=general
2026-06-24 19:16:37,798 [INFO] 처리 중: 2세미만 영유아 입원진료비 본인부담금 면제
2026-06-24 19:16:37,798 [INFO] [DRY] 글쓰기 스킵 | category=insurance | persona=general
2026-06-24 19:16:37,800 [INFO] 처리 중: 2세미만 영유아 입원진료비 본인부담금 면제
2026-06-24 19:16:37,800 [INFO] [DRY] 글쓰기 스킵 | category=insurance | persona=general
2026-06-24 19:16:37,803 [INFO] 처리 중: 2세미만 영유아 입원진료비 본인부담금 면제
2026-06-24 19:16:37,803 [INFO] [DRY] 글쓰기 스킵 | category=insurance | persona=general
2026-06-24 19:16:37,805 [INFO] 처리 중: 2세미만 영유아 입원진료비 본인부담금 면제
2026-06-24 19:16:37,805 [INFO] [DRY] 글쓰기 스킵 | category=insurance | persona=general
2026-06-24 19:16:37,807 [INFO] 처리 중: 2세미만 영유아 입원진료비 본인부담금 면제
2026-06-24 19:16:37,807 [INFO] [DRY] 글쓰기 스킵 | category=insurance | persona=general
2026-06-24 19:16:37,809 [INFO] 처리 중: 2세미만 영유아 입원진료비 본인부담금 면제
2026-06-24 19:16:37,809 [INFO] [DRY] 글쓰기 스킵 | category=insurance | persona=general
2026-06-24 19:16:37,811 [INFO] 처리 중: 2세미만 영유아 입원진료비 본인부담금 면제
2026-06-24 19:16:37,811 [INFO] [DRY] 글쓰기 스킵 | category=insurance | persona=general
2026-06-24 19:16:37,814 [INFO] 처리 중: 2세미만 영유아 입원진료비 본인부담금 면제
2026-06-24 19:16:37,814 [INFO] [DRY] 글쓰기 스킵 | category=insurance | persona=general
2026-06-24 19:16:37,816 [INFO] 처리 중: 2세미만 영유아 입원진료비 본인부담금 면제
2026-06-24 19:16:37,817 [INFO] [DRY] 글쓰기 스킵 | category=insurance | persona=general
2026-06-24 19:16:37,819 [INFO] 처리 중: 2세미만 영유아 입원진료비 본인부담금 면제
2026-06-24 19:16:37,819 [INFO] [DRY] 글쓰기 스킵 | category=insurance | persona=general
2026-06-24 19:16:37,821 [INFO] 처리 중: 2세미만 영유아 입원진료비 본인부담금 면제
2026-06-24 19:16:37,821 [INFO] [DRY] 글쓰기 스킵 | category=insurance | persona=general
2026-06-24 19:16:37,823 [INFO] 처리 중: 2세미만 영유아 입원진료비 본인부담금 면제
2026-06-24 19:16:37,823 [INFO] [DRY] 글쓰기 스킵 | category=insurance | persona=general
2026-06-24 19:16:37,825 [INFO] 처리 중: 2세미만 영유아 입원진료비 본인부담금 면제
2026-06-24 19:16:37,825 [INFO] [DRY] 글쓰기 스킵 | category=insurance | persona=general
2026-06-24 19:16:37,827 [INFO] 처리 중: 2세미만 영유아 입원진료비 본인부담금 면제
2026-06-24 19:16:37,827 [INFO] [DRY] 글쓰기 스킵 | category=insurance | persona=general
2026-06-24 19:16:37,830 [INFO] 처리 중: 2세미만 영유아 입원진료비 본인부담금 면제
2026-06-24 19:16:37,830 [INFO] [DRY] 글쓰기 스킵 | category=insurance | persona=general
2026-06-24 19:16:37,832 [INFO] 처리 중: 2세미만 영유아 입원진료비 본인부담금 면제
2026-06-24 19:16:37,832 [INFO] [DRY] 글쓰기 스킵 | category=insurance | persona=general
2026-06-24 19:16:37,834 [INFO] 처리 중: 2세미만 영유아 입원진료비 본인부담금 면제
2026-06-24 19:16:37,834 [INFO] [DRY] 글쓰기 스킵 | category=insurance | persona=general
2026-06-24 19:16:37,836 [INFO] 처리 중: 2세미만 영유아 입원진료비 본인부담금 면제
2026-06-24 19:16:37,836 [INFO] [DRY] 글쓰기 스킵 | category=insurance | persona=general
2026-06-24 19:16:37,838 [INFO] 처리 중: 2세미만 영유아 입원진료비 본인부담금 면제
2026-06-24 19:16:37,838 [INFO] [DRY] 글쓰기 스킵 | category=insurance | persona=general
2026-06-24 19:16:37,840 [INFO] 처리 중: 2세미만 영유아 입원진료비 본인부담금 면제
2026-06-24 19:16:37,840 [INFO] [DRY] 글쓰기 스킵 | category=insurance | persona=general
2026-06-24 19:16:37,842 [INFO] 처리 중: 2세미만 영유아 입원진료비 본인부담금 면제
2026-06-24 19:16:37,842 [INFO] [DRY] 글쓰기 스킵 | category=insurance | persona=general
2026-06-24 19:16:37,844 [INFO] 처리 중: 2세미만 영유아 입원진료비 본인부담금 면제
2026-06-24 19:16:37,844 [INFO] [DRY] 글쓰기 스킵 | category=insurance | persona=general
2026-06-24 19:16:37,847 [INFO] 처리 중: 2세미만 영유아 입원진료비 본인부담금 면제
2026-06-24 19:16:37,847 [INFO] [DRY] 글쓰기 스킵 | category=insurance | persona=general
2026-06-24 19:16:37,849 [INFO] 처리 중: 2세미만 영유아 입원진료비 본인부담금 면제
2026-06-24 19:16:37,849 [INFO] [DRY] 글쓰기 스킵 | category=insurance | persona=general
2026-06-24 19:16:37,851 [INFO] 처리 중: 2세미만 영유아 입원진료비 본인부담금 면제
2026-06-24 19:16:37,851 [INFO] [DRY] 글쓰기 스킵 | category=insurance | persona=general
2026-06-24 19:16:37,853 [INFO] 처리 중: 2세미만 영유아 입원진료비 본인부담금 면제
2026-06-24 19:16:37,853 [INFO] [DRY] 글쓰기 스킵 | category=insurance | persona=general
2026-06-24 19:16:37,855 [INFO] 처리 중: 2세미만 영유아 입원진료비 본인부담금 면제
2026-06-24 19:16:37,855 [INFO] [DRY] 글쓰기 스킵 | category=insurance | persona=general
2026-06-24 19:16:37,857 [INFO] 처리 중: 2세미만 영유아 입원진료비 본인부담금 면제
2026-06-24 19:16:37,857 [INFO] [DRY] 글쓰기 스킵 | category=insurance | persona=general
2026-06-24 19:16:37,859 [INFO] 처리 중: 2세미만 영유아 입원진료비 본인부담금 면제
2026-06-24 19:16:37,859 [INFO] [DRY] 글쓰기 스킵 | category=insurance | persona=general
2026-06-24 19:16:37,862 [INFO] 처리 중: 2세미만 영유아 입원진료비 본인부담금 면제
2026-06-24 19:16:37,862 [INFO] [DRY] 글쓰기 스킵 | category=insurance | persona=general
2026-06-24 19:16:37,864 [INFO] 처리 중: 2세미만 영유아 입원진료비 본인부담금 면제
2026-06-24 19:16:37,864 [INFO] [DRY] 글쓰기 스킵 | category=insurance | persona=general
2026-06-24 19:16:37,867 [INFO] 처리 중: 2세미만 영유아 입원진료비 본인부담금 면제
2026-06-24 19:16:37,867 [INFO] [DRY] 글쓰기 스킵 | category=insurance | persona=general
2026-06-24 19:16:37,869 [INFO] 처리 중: 2세미만 영유아 입원진료비 본인부담금 면제
2026-06-24 19:16:37,869 [INFO] [DRY] 글쓰기 스킵 | category=insurance | persona=general
2026-06-24 19:16:37,871 [INFO] 처리 중: 2세미만 영유아 입원진료비 본인부담금 면제
2026-06-24 19:16:37,871 [INFO] [DRY] 글쓰기 스킵 | category=insurance | persona=general
2026-06-24 19:16:37,873 [INFO] 처리 중: 2세미만 영유아 입원진료비 본인부담금 면제
2026-06-24 19:16:37,873 [INFO] [DRY] 글쓰기 스킵 | category=insurance | persona=general
2026-06-24 19:16:37,875 [INFO] 처리 중: 2세미만 영유아 입원진료비 본인부담금 면제
2026-06-24 19:16:37,875 [INFO] [DRY] 글쓰기 스킵 | category=insurance | persona=general
2026-06-24 19:16:37,877 [INFO] 처리 중: 2세미만 영유아 입원진료비 본인부담금 면제
2026-06-24 19:16:37,877 [INFO] [DRY] 글쓰기 스킵 | category=insurance | persona=general
2026-06-24 19:16:37,880 [INFO] 처리 중: 2세미만 영유아 입원진료비 본인부담금 면제
2026-06-24 19:16:37,881 [INFO] [DRY] 글쓰기 스킵 | category=insurance | persona=general
2026-06-24 19:16:37,889 [INFO] 처리 중: 2세미만 영유아 입원진료비 본인부담금 면제
2026-06-24 19:16:37,889 [INFO] [DRY] 글쓰기 스킵 | category=insurance | persona=general
2026-06-24 19:16:37,892 [INFO] 처리 중: 2세미만 영유아 입원진료비 본인부담금 면제
2026-06-24 19:16:37,892 [INFO] [DRY] 글쓰기 스킵 | category=insurance | persona=general
2026-06-24 19:16:37,896 [INFO] 처리 중: 2세미만 영유아 입원진료비 본인부담금 면제
2026-06-24 19:16:37,896 [INFO] [DRY] 글쓰기 스킵 | category=insurance | persona=general
2026-06-24 19:16:37,901 [INFO] 처리 중: 2세미만 영유아 입원진료비 본인부담금 면제
2026-06-24 19:16:37,901 [INFO] [DRY] 글쓰기 스킵 | category=insurance | persona=general
2026-06-24 19:16:37,903 [INFO] 처리 중: 2세미만 영유아 입원진료비 본인부담금 면제
2026-06-24 19:16:37,903 [INFO] [DRY] 글쓰기 스킵 | category=insurance | persona=general
2026-06-24 19:16:37,905 [INFO] 처리 중: 2세미만 영유아 입원진료비 본인부담금 면제
2026-06-24 19:16:37,905 [INFO] [DRY] 글쓰기 스킵 | category=insurance | persona=general
2026-06-24 19:16:37,908 [INFO] 처리 중: 2세미만 영유아 입원진료비 본인부담금 면제
2026-06-24 19:16:37,908 [INFO] [DRY] 글쓰기 스킵 | category=insurance | persona=general
2026-06-24 19:16:37,910 [INFO] 처리 중: 2세미만 영유아 입원진료비 본인부담금 면제
2026-06-24 19:16:37,910 [INFO] [DRY] 글쓰기 스킵 | category=insurance | persona=general
2026-06-24 19:16:37,912 [INFO] 처리 중: 2세미만 영유아 입원진료비 본인부담금 면제
2026-06-24 19:16:37,912 [INFO] [DRY] 글쓰기 스킵 | category=insurance | persona=general
2026-06-24 19:16:37,914 [INFO] 처리 중: 2세미만 영유아 입원진료비 본인부담금 면제
2026-06-24 19:16:37,914 [INFO] [DRY] 글쓰기 스킵 | category=insurance | persona=general
2026-06-24 19:16:37,916 [INFO] 처리 중: 2세미만 영유아 입원진료비 본인부담금 면제
2026-06-24 19:16:37,916 [INFO] [DRY] 글쓰기 스킵 | category=insurance | persona=general
2026-06-24 19:16:37,919 [INFO] 처리 중: 2세미만 영유아 입원진료비 본인부담금 면제
2026-06-24 19:16:37,919 [INFO] [DRY] 글쓰기 스킵 | category=insurance | persona=general
2026-06-24 19:16:37,921 [INFO] 처리 중: 2세미만 영유아 입원진료비 본인부담금 면제
2026-06-24 19:16:37,921 [INFO] [DRY] 글쓰기 스킵 | category=insurance | persona=general
2026-06-24 19:16:37,923 [INFO] 처리 중: 2세미만 영유아 입원진료비 본인부담금 면제
2026-06-24 19:16:37,923 [INFO] [DRY] 글쓰기 스킵 | category=insurance | persona=general
2026-06-24 19:16:37,925 [INFO] 처리 중: 2세미만 영유아 입원진료비 본인부담금 면제
2026-06-24 19:16:37,925 [INFO] [DRY] 글쓰기 스킵 | category=insurance | persona=general
2026-06-24 19:16:37,927 [INFO] 처리 중: 2세미만 영유아 입원진료비 본인부담금 면제
2026-06-24 19:16:37,927 [INFO] [DRY] 글쓰기 스킵 | category=insurance | persona=general
2026-06-24 19:16:37,929 [INFO] 처리 중: 2세미만 영유아 입원진료비 본인부담금 면제
2026-06-24 19:16:37,929 [INFO] [DRY] 글쓰기 스킵 | category=insurance | persona=general
2026-06-24 19:16:37,932 [INFO] 처리 중: 2세미만 영유아 입원진료비 본인부담금 면제
2026-06-24 19:16:37,932 [INFO] [DRY] 글쓰기 스킵 | category=insurance | persona=general
2026-06-24 19:16:37,934 [INFO] 처리 중: 2세미만 영유아 입원진료비 본인부담금 면제
2026-06-24 19:16:37,934 [INFO] [DRY] 글쓰기 스킵 | category=insurance | persona=general
2026-06-24 19:16:37,936 [INFO] 처리 중: 2세미만 영유아 입원진료비 본인부담금 면제
2026-06-24 19:16:37,936 [INFO] [DRY] 글쓰기 스킵 | category=insurance | persona=general
2026-06-24 19:16:37,939 [INFO] 처리 중: 2세미만 영유아 입원진료비 본인부담금 면제
2026-06-24 19:16:37,939 [INFO] [DRY] 글쓰기 스킵 | category=insurance | persona=general
2026-06-24 19:16:37,941 [INFO] 처리 중: 2세미만 영유아 입원진료비 본인부담금 면제
2026-06-24 19:16:37,941 [INFO] [DRY] 글쓰기 스킵 | category=insurance | persona=general
2026-06-24 19:16:37,943 [INFO] 처리 중: 2세미만 영유아 입원진료비 본인부담금 면제
2026-06-24 19:16:37,943 [INFO] [DRY] 글쓰기 스킵 | category=insurance | persona=general
2026-06-24 19:16:37,945 [INFO] 처리 중: 2세미만 영유아 입원진료비 본인부담금 면제
2026-06-24 19:16:37,946 [INFO] [DRY] 글쓰기 스킵 | category=insurance | persona=general
2026-06-24 19:16:37,948 [INFO] 처리 중: 2세미만 영유아 입원진료비 본인부담금 면제
2026-06-24 19:16:37,948 [INFO] [DRY] 글쓰기 스킵 | category=insurance | persona=general
2026-06-24 19:16:37,950 [INFO] 처리 중: 2세미만 영유아 입원진료비 본인부담금 면제
2026-06-24 19:16:37,950 [INFO] [DRY] 글쓰기 스킵 | category=insurance | persona=general
2026-06-24 19:16:37,952 [INFO] 처리 중: 2세미만 영유아 입원진료비 본인부담금 면제
2026-06-24 19:16:37,952 [INFO] [DRY] 글쓰기 스킵 | category=insurance | persona=general
2026-06-24 19:16:37,955 [INFO] 처리 중: 2세미만 영유아 입원진료비 본인부담금 면제
2026-06-24 19:16:37,955 [INFO] [DRY] 글쓰기 스킵 | category=insurance | persona=general
2026-06-24 19:16:37,957 [INFO] 처리 중: 2세미만 영유아 입원진료비 본인부담금 면제
2026-06-24 19:16:37,957 [INFO] [DRY] 글쓰기 스킵 | category=insurance | persona=general
2026-06-24 19:16:37,959 [INFO] 처리 중: 2세미만 영유아 입원진료비 본인부담금 면제
2026-06-24 19:16:37,960 [INFO] [DRY] 글쓰기 스킵 | category=insurance | persona=general
2026-06-24 19:16:37,962 [INFO] 처리 중: 2세미만 영유아 입원진료비 본인부담금 면제
2026-06-24 19:16:37,962 [INFO] [DRY] 글쓰기 스킵 | category=insurance | persona=general
2026-06-24 19:16:37,964 [INFO] 처리 중: 2세미만 영유아 입원진료비 본인부담금 면제
2026-06-24 19:16:37,964 [INFO] [DRY] 글쓰기 스킵 | category=insurance | persona=general
2026-06-24 19:16:37,966 [INFO] 처리 중: 2세미만 영유아 입원진료비 본인부담금 면제
2026-06-24 19:16:37,967 [INFO] [DRY] 글쓰기 스킵 | category=insurance | persona=general
2026-06-24 19:16:37,969 [INFO] 처리 중: 2세미만 영유아 입원진료비 본인부담금 면제
2026-06-24 19:16:37,969 [INFO] [DRY] 글쓰기 스킵 | category=insurance | persona=general
2026-06-24 19:16:37,971 [INFO] 처리 중: 2세미만 영유아 입원진료비 본인부담금 면제
2026-06-24 19:16:37,971 [INFO] [DRY] 글쓰기 스킵 | category=insurance | persona=general
2026-06-24 19:16:37,973 [INFO] 처리 중: 2세미만 영유아 입원진료비 본인부담금 면제
2026-06-24 19:16:37,973 [INFO] [DRY] 글쓰기 스킵 | category=insurance | persona=general
2026-06-24 19:16:37,975 [INFO] 처리 중: 2세미만 영유아 입원진료비 본인부담금 면제
2026-06-24 19:16:37,976 [INFO] [DRY] 글쓰기 스킵 | category=insurance | persona=general
2026-06-24 19:16:37,978 [INFO] 처리 중: 2세미만 영유아 입원진료비 본인부담금 면제
2026-06-24 19:16:37,978 [INFO] [DRY] 글쓰기 스킵 | category=insurance | persona=general
2026-06-24 19:16:37,980 [INFO] 처리 중: 2세미만 영유아 입원진료비 본인부담금 면제
2026-06-24 19:16:37,980 [INFO] [DRY] 글쓰기 스킵 | category=insurance | persona=general
2026-06-24 19:16:37,982 [INFO] 처리 중: 2세미만 영유아 입원진료비 본인부담금 면제
2026-06-24 19:16:37,982 [INFO] [DRY] 글쓰기 스킵 | category=insurance | persona=general
2026-06-24 19:16:37,984 [INFO] 처리 중: 2세미만 영유아 입원진료비 본인부담금 면제
2026-06-24 19:16:37,984 [INFO] [DRY] 글쓰기 스킵 | category=insurance | persona=general
2026-06-24 19:16:37,986 [INFO] 처리 중: 2세미만 영유아 입원진료비 본인부담금 면제
2026-06-24 19:16:37,986 [INFO] [DRY] 글쓰기 스킵 | category=insurance | persona=general
2026-06-24 19:16:37,988 [INFO] 처리 중: 2세미만 영유아 입원진료비 본인부담금 면제
2026-06-24 19:16:37,988 [INFO] [DRY] 글쓰기 스킵 | category=insurance | persona=general
2026-06-24 19:16:37,990 [INFO] 처리 중: 2세미만 영유아 입원진료비 본인부담금 면제
2026-06-24 19:16:37,991 [INFO] [DRY] 글쓰기 스킵 | category=insurance | persona=general
2026-06-24 19:16:37,993 [INFO] 처리 중: 2세미만 영유아 입원진료비 본인부담금 면제
2026-06-24 19:16:37,993 [INFO] [DRY] 글쓰기 스킵 | category=insurance | persona=general
2026-06-24 19:16:37,995 [INFO] 처리 중: 2세미만 영유아 입원진료비 본인부담금 면제
2026-06-24 19:16:37,995 [INFO] [DRY] 글쓰기 스킵 | category=insurance | persona=general
2026-06-24 19:16:37,997 [INFO] 처리 중: 2세미만 영유아 입원진료비 본인부담금 면제
2026-06-24 19:16:37,997 [INFO] [DRY] 글쓰기 스킵 | category=insurance | persona=general
2026-06-24 19:16:38,000 [INFO] 처리 중: 2세미만 영유아 입원진료비 본인부담금 면제
2026-06-24 19:16:38,000 [INFO] [DRY] 글쓰기 스킵 | category=insurance | persona=general
2026-06-24 19:16:38,002 [INFO] 처리 중: 2세미만 영유아 입원진료비 본인부담금 면제
2026-06-24 19:16:38,002 [INFO] [DRY] 글쓰기 스킵 | category=insurance | persona=general
2026-06-24 19:16:38,004 [INFO] 처리 중: 2세미만 영유아 입원진료비 본인부담금 면제
2026-06-24 19:16:38,004 [INFO] [DRY] 글쓰기 스킵 | category=insurance | persona=general
2026-06-24 19:16:38,006 [INFO] 처리 중: 2세미만 영유아 입원진료비 본인부담금 면제
2026-06-24 19:16:38,006 [INFO] [DRY] 글쓰기 스킵 | category=insurance | persona=general
2026-06-24 19:16:38,008 [INFO] 처리 중: 2세미만 영유아 입원진료비 본인부담금 면제
2026-06-24 19:16:38,008 [INFO] [DRY] 글쓰기 스킵 | category=insurance | persona=general
2026-06-24 19:16:38,010 [INFO] 처리 중: 2세미만 영유아 입원진료비 본인부담금 면제
2026-06-24 19:16:38,011 [INFO] [DRY] 글쓰기 스킵 | category=insurance | persona=general
2026-06-24 19:16:38,013 [INFO] 처리 중: 2세미만 영유아 입원진료비 본인부담금 면제
2026-06-24 19:16:38,013 [INFO] [DRY] 글쓰기 스킵 | category=insurance | persona=general
2026-06-24 19:16:38,015 [INFO] 처리 중: 2세미만 영유아 입원진료비 본인부담금 면제
2026-06-24 19:16:38,015 [INFO] [DRY] 글쓰기 스킵 | category=insurance | persona=general
2026-06-24 19:16:38,017 [INFO] 처리 중: 2세미만 영유아 입원진료비 본인부담금 면제
2026-06-24 19:16:38,017 [INFO] [DRY] 글쓰기 스킵 | category=insurance | persona=general
2026-06-24 19:16:38,019 [INFO] 처리 중: 2세미만 영유아 입원진료비 본인부담금 면제
2026-06-24 19:16:38,019 [INFO] [DRY] 글쓰기 스킵 | category=insurance | persona=general
2026-06-24 19:16:38,021 [INFO] 처리 중: 2세미만 영유아 입원진료비 본인부담금 면제
2026-06-24 19:16:38,021 [INFO] [DRY] 글쓰기 스킵 | category=insurance | persona=general
2026-06-24 19:16:38,023 [INFO] 처리 중: 2세미만 영유아 입원진료비 본인부담금 면제
2026-06-24 19:16:38,023 [INFO] [DRY] 글쓰기 스킵 | category=insurance | persona=general
2026-06-24 19:16:38,025 [INFO] 처리 중: 2세미만 영유아 입원진료비 본인부담금 면제
2026-06-24 19:16:38,025 [INFO] [DRY] 글쓰기 스킵 | category=insurance | persona=general
2026-06-24 19:16:38,028 [INFO] 처리 중: 2세미만 영유아 입원진료비 본인부담금 면제
2026-06-24 19:16:38,028 [INFO] [DRY] 글쓰기 스킵 | category=insurance | persona=general
2026-06-24 19:16:38,030 [INFO] 처리 중: 2세미만 영유아 입원진료비 본인부담금 면제
2026-06-24 19:16:38,030 [INFO] [DRY] 글쓰기 스킵 | category=insurance | persona=general
2026-06-24 19:16:38,033 [INFO] 처리 중: 2세미만 영유아 입원진료비 본인부담금 면제
2026-06-24 19:16:38,033 [INFO] [DRY] 글쓰기 스킵 | category=insurance | persona=general
2026-06-24 19:16:38,035 [INFO] 처리 중: 2세미만 영유아 입원진료비 본인부담금 면제
2026-06-24 19:16:38,035 [INFO] [DRY] 글쓰기 스킵 | category=insurance | persona=general
2026-06-24 19:16:38,037 [INFO] 처리 중: 2세미만 영유아 입원진료비 본인부담금 면제
2026-06-24 19:16:38,037 [INFO] [DRY] 글쓰기 스킵 | category=insurance | persona=general
2026-06-24 19:16:38,039 [INFO] 처리 중: 2세미만 영유아 입원진료비 본인부담금 면제
2026-06-24 19:16:38,039 [INFO] [DRY] 글쓰기 스킵 | category=insurance | persona=general
2026-06-24 19:16:38,041 [INFO] 처리 중: 2세미만 영유아 입원진료비 본인부담금 면제
2026-06-24 19:16:38,041 [INFO] [DRY] 글쓰기 스킵 | category=insurance | persona=general
2026-06-24 19:16:38,043 [INFO] 처리 중: 2세미만 영유아 입원진료비 본인부담금 면제
2026-06-24 19:16:38,043 [INFO] [DRY] 글쓰기 스킵 | category=insurance | persona=general
2026-06-24 19:16:38,046 [INFO] 처리 중: 2세미만 영유아 입원진료비 본인부담금 면제
2026-06-24 19:16:38,046 [INFO] [DRY] 글쓰기 스킵 | category=insurance | persona=general
2026-06-24 19:16:38,048 [INFO] 처리 중: 2세미만 영유아 입원진료비 본인부담금 면제
2026-06-24 19:16:38,048 [INFO] [DRY] 글쓰기 스킵 | category=insurance | persona=general
2026-06-24 19:16:38,050 [INFO] 처리 중: 2세미만 영유아 입원진료비 본인부담금 면제
2026-06-24 19:16:38,050 [INFO] [DRY] 글쓰기 스킵 | category=insurance | persona=general
2026-06-24 19:16:38,052 [INFO] 처리 중: 2세미만 영유아 입원진료비 본인부담금 면제
2026-06-24 19:16:38,052 [INFO] [DRY] 글쓰기 스킵 | category=insurance | persona=general
2026-06-24 19:16:38,054 [INFO] 처리 중: 2세미만 영유아 입원진료비 본인부담금 면제
2026-06-24 19:16:38,054 [INFO] [DRY] 글쓰기 스킵 | category=insurance | persona=general
2026-06-24 19:16:38,056 [INFO] 처리 중: 2세미만 영유아 입원진료비 본인부담금 면제
2026-06-24 19:16:38,056 [INFO] [DRY] 글쓰기 스킵 | category=insurance | persona=general
2026-06-24 19:16:38,058 [INFO] 처리 중: 2세미만 영유아 입원진료비 본인부담금 면제
2026-06-24 19:16:38,058 [INFO] [DRY] 글쓰기 스킵 | category=insurance | persona=general
2026-06-24 19:16:38,061 [INFO] 처리 중: 2세미만 영유아 입원진료비 본인부담금 면제
2026-06-24 19:16:38,061 [INFO] [DRY] 글쓰기 스킵 | category=insurance | persona=general
2026-06-24 19:16:38,064 [INFO] 처리 중: 2세미만 영유아 입원진료비 본인부담금 면제
2026-06-24 19:16:38,064 [INFO] [DRY] 글쓰기 스킵 | category=insurance | persona=general
2026-06-24 19:16:38,066 [INFO] 처리 중: 2세미만 영유아 입원진료비 본인부담금 면제
2026-06-24 19:16:38,066 [INFO] [DRY] 글쓰기 스킵 | category=insurance | persona=general
2026-06-24 19:16:38,068 [INFO] 처리 중: 2세미만 영유아 입원진료비 본인부담금 면제
2026-06-24 19:16:38,068 [INFO] [DRY] 글쓰기 스킵 | category=insurance | persona=general
2026-06-24 19:16:38,070 [INFO] 처리 중: 2세미만 영유아 입원진료비 본인부담금 면제
2026-06-24 19:16:38,070 [INFO] [DRY] 글쓰기 스킵 | category=insurance | persona=general
2026-06-24 19:16:38,072 [INFO] 처리 중: 2세미만 영유아 입원진료비 본인부담금 면제
2026-06-24 19:16:38,072 [INFO] [DRY] 글쓰기 스킵 | category=insurance | persona=general
2026-06-24 19:16:38,075 [INFO] 처리 중: 2세미만 영유아 입원진료비 본인부담금 면제
2026-06-24 19:16:38,075 [INFO] [DRY] 글쓰기 스킵 | category=insurance | persona=general
2026-06-24 19:16:38,077 [INFO] 처리 중: 2세미만 영유아 입원진료비 본인부담금 면제
2026-06-24 19:16:38,077 [INFO] [DRY] 글쓰기 스킵 | category=insurance | persona=general
2026-06-24 19:16:38,079 [INFO] 처리 중: 2세미만 영유아 입원진료비 본인부담금 면제
2026-06-24 19:16:38,080 [INFO] [DRY] 글쓰기 스킵 | category=insurance | persona=general
2026-06-24 19:16:38,082 [INFO] 처리 중: 2세미만 영유아 입원진료비 본인부담금 면제
2026-06-24 19:16:38,082 [INFO] [DRY] 글쓰기 스킵 | category=insurance | persona=general
2026-06-24 19:16:38,084 [INFO] 처리 중: 2세미만 영유아 입원진료비 본인부담금 면제
2026-06-24 19:16:38,084 [INFO] [DRY] 글쓰기 스킵 | category=insurance | persona=general
2026-06-24 19:16:38,086 [INFO] 처리 중: 2세미만 영유아 입원진료비 본인부담금 면제
2026-06-24 19:16:38,086 [INFO] [DRY] 글쓰기 스킵 | category=insurance | persona=general
2026-06-24 19:16:38,089 [INFO] 처리 중: 2세미만 영유아 입원진료비 본인부담금 면제
2026-06-24 19:16:38,089 [INFO] [DRY] 글쓰기 스킵 | category=insurance | persona=general
2026-06-24 19:16:38,091 [INFO] 처리 중: 2세미만 영유아 입원진료비 본인부담금 면제
2026-06-24 19:16:38,091 [INFO] [DRY] 글쓰기 스킵 | category=insurance | persona=general
2026-06-24 19:16:38,093 [INFO] 처리 중: 2세미만 영유아 입원진료비 본인부담금 면제
2026-06-24 19:16:38,093 [INFO] [DRY] 글쓰기 스킵 | category=insurance | persona=general
2026-06-24 19:16:38,095 [INFO] 처리 중: 2세미만 영유아 입원진료비 본인부담금 면제
2026-06-24 19:16:38,095 [INFO] [DRY] 글쓰기 스킵 | category=insurance | persona=general
2026-06-24 19:16:38,097 [INFO] 처리 중: 2세미만 영유아 입원진료비 본인부담금 면제
2026-06-24 19:16:38,097 [INFO] [DRY] 글쓰기 스킵 | category=insurance | persona=general
2026-06-24 19:16:38,099 [INFO] 처리 중: 2세미만 영유아 입원진료비 본인부담금 면제
2026-06-24 19:16:38,099 [INFO] [DRY] 글쓰기 스킵 | category=insurance | persona=general
2026-06-24 19:16:38,101 [INFO] 처리 중: 2세미만 영유아 입원진료비 본인부담금 면제
2026-06-24 19:16:38,101 [INFO] [DRY] 글쓰기 스킵 | category=insurance | persona=general
2026-06-24 19:16:38,104 [INFO] 처리 중: 2세미만 영유아 입원진료비 본인부담금 면제
2026-06-24 19:16:38,104 [INFO] [DRY] 글쓰기 스킵 | category=insurance | persona=general
2026-06-24 19:16:38,106 [INFO] 처리 중: 2세미만 영유아 입원진료비 본인부담금 면제
2026-06-24 19:16:38,106 [INFO] [DRY] 글쓰기 스킵 | category=insurance | persona=general
2026-06-24 19:16:38,108 [INFO] 처리 중: 2세미만 영유아 입원진료비 본인부담금 면제
2026-06-24 19:16:38,108 [INFO] [DRY] 글쓰기 스킵 | category=insurance | persona=general
2026-06-24 19:16:38,110 [INFO] 처리 중: 2세미만 영유아 입원진료비 본인부담금 면제
2026-06-24 19:16:38,110 [INFO] [DRY] 글쓰기 스킵 | category=insurance | persona=general
2026-06-24 19:16:38,112 [INFO] 처리 중: 2세미만 영유아 입원진료비 본인부담금 면제
2026-06-24 19:16:38,113 [INFO] [DRY] 글쓰기 스킵 | category=insurance | persona=general
2026-06-24 19:16:38,115 [INFO] 처리 중: 2세미만 영유아 입원진료비 본인부담금 면제
2026-06-24 19:16:38,115 [INFO] [DRY] 글쓰기 스킵 | category=insurance | persona=general
2026-06-24 19:16:38,117 [INFO] 처리 중: 2세미만 영유아 입원진료비 본인부담금 면제
2026-06-24 19:16:38,117 [INFO] [DRY] 글쓰기 스킵 | category=insurance | persona=general
2026-06-24 19:16:38,119 [INFO] 처리 중: 2세미만 영유아 입원진료비 본인부담금 면제
2026-06-24 19:16:38,119 [INFO] [DRY] 글쓰기 스킵 | category=insurance | persona=general
2026-06-24 19:16:38,121 [INFO] 처리 중: 2세미만 영유아 입원진료비 본인부담금 면제
2026-06-24 19:16:38,121 [INFO] [DRY] 글쓰기 스킵 | category=insurance | persona=general
2026-06-24 19:16:38,124 [INFO] 처리 중: 2세미만 영유아 입원진료비 본인부담금 면제
2026-06-24 19:16:38,124 [INFO] [DRY] 글쓰기 스킵 | category=insurance | persona=general
2026-06-24 19:16:38,126 [INFO] 처리 중: 2세미만 영유아 입원진료비 본인부담금 면제
2026-06-24 19:16:38,126 [INFO] [DRY] 글쓰기 스킵 | category=insurance | persona=general
2026-06-24 19:16:38,128 [INFO] 처리 중: 2세미만 영유아 입원진료비 본인부담금 면제
2026-06-24 19:16:38,128 [INFO] [DRY] 글쓰기 스킵 | category=insurance | persona=general
2026-06-24 19:16:38,130 [INFO] 처리 중: 2세미만 영유아 입원진료비 본인부담금 면제
2026-06-24 19:16:38,130 [INFO] [DRY] 글쓰기 스킵 | category=insurance | persona=general
2026-06-24 19:16:38,132 [INFO] 처리 중: 2세미만 영유아 입원진료비 본인부담금 면제
2026-06-24 19:16:38,132 [INFO] [DRY] 글쓰기 스킵 | category=insurance | persona=general
2026-06-24 19:16:38,134 [INFO] 처리 중: 2세미만 영유아 입원진료비 본인부담금 면제
2026-06-24 19:16:38,134 [INFO] [DRY] 글쓰기 스킵 | category=insurance | persona=general
2026-06-24 19:16:38,137 [INFO] 처리 중: 2세미만 영유아 입원진료비 본인부담금 면제
2026-06-24 19:16:38,137 [INFO] [DRY] 글쓰기 스킵 | category=insurance | persona=general
2026-06-24 19:16:38,139 [INFO] 처리 중: 2세미만 영유아 입원진료비 본인부담금 면제
2026-06-24 19:16:38,139 [INFO] [DRY] 글쓰기 스킵 | category=insurance | persona=general
2026-06-24 19:16:38,141 [INFO] 처리 중: 2세미만 영유아 입원진료비 본인부담금 면제
2026-06-24 19:16:38,141 [INFO] [DRY] 글쓰기 스킵 | category=insurance | persona=general
2026-06-24 19:16:38,143 [INFO] 처리 중: 2세미만 영유아 입원진료비 본인부담금 면제
2026-06-24 19:16:38,143 [INFO] [DRY] 글쓰기 스킵 | category=insurance | persona=general
2026-06-24 19:16:38,146 [INFO] 처리 중: 2세미만 영유아 입원진료비 본인부담금 면제
2026-06-24 19:16:38,146 [INFO] [DRY] 글쓰기 스킵 | category=insurance | persona=general
2026-06-24 19:16:38,148 [INFO] 처리 중: 2세미만 영유아 입원진료비 본인부담금 면제
2026-06-24 19:16:38,148 [INFO] [DRY] 글쓰기 스킵 | category=insurance | persona=general
2026-06-24 19:16:38,150 [INFO] 처리 중: 2세미만 영유아 입원진료비 본인부담금 면제
2026-06-24 19:16:38,150 [INFO] [DRY] 글쓰기 스킵 | category=insurance | persona=general
2026-06-24 19:16:38,152 [INFO] 처리 중: 2세미만 영유아 입원진료비 본인부담금 면제
2026-06-24 19:16:38,152 [INFO] [DRY] 글쓰기 스킵 | category=insurance | persona=general
2026-06-24 19:16:38,155 [INFO] 처리 중: 2세미만 영유아 입원진료비 본인부담금 면제
2026-06-24 19:16:38,155 [INFO] [DRY] 글쓰기 스킵 | category=insurance | persona=general
2026-06-24 19:16:38,157 [INFO] 처리 중: 2세미만 영유아 입원진료비 본인부담금 면제
2026-06-24 19:16:38,157 [INFO] [DRY] 글쓰기 스킵 | category=insurance | persona=general
2026-06-24 19:16:38,159 [INFO] 처리 중: 2세미만 영유아 입원진료비 본인부담금 면제
2026-06-24 19:16:38,159 [INFO] [DRY] 글쓰기 스킵 | category=insurance | persona=general
2026-06-24 19:16:38,162 [INFO] 처리 중: 2세미만 영유아 입원진료비 본인부담금 면제
2026-06-24 19:16:38,162 [INFO] [DRY] 글쓰기 스킵 | category=insurance | persona=general
2026-06-24 19:16:38,164 [INFO] 처리 중: 2세미만 영유아 입원진료비 본인부담금 면제
2026-06-24 19:16:38,164 [INFO] [DRY] 글쓰기 스킵 | category=insurance | persona=general
2026-06-24 19:16:38,166 [INFO] 처리 중: 2세미만 영유아 입원진료비 본인부담금 면제
2026-06-24 19:16:38,166 [INFO] [DRY] 글쓰기 스킵 | category=insurance | persona=general
2026-06-24 19:16:38,168 [INFO] 처리 중: 2세미만 영유아 입원진료비 본인부담금 면제
2026-06-24 19:16:38,168 [INFO] [DRY] 글쓰기 스킵 | category=insurance | persona=general
2026-06-24 19:16:38,171 [INFO] 처리 중: 2세미만 영유아 입원진료비 본인부담금 면제
2026-06-24 19:16:38,171 [INFO] [DRY] 글쓰기 스킵 | category=insurance | persona=general
2026-06-24 19:16:38,173 [INFO] 처리 중: 2세미만 영유아 입원진료비 본인부담금 면제
2026-06-24 19:16:38,173 [INFO] [DRY] 글쓰기 스킵 | category=insurance | persona=general
2026-06-24 19:16:38,175 [INFO] 처리 중: 2세미만 영유아 입원진료비 본인부담금 면제
2026-06-24 19:16:38,175 [INFO] [DRY] 글쓰기 스킵 | category=insurance | persona=general
2026-06-24 19:16:38,177 [INFO] 처리 중: 2세미만 영유아 입원진료비 본인부담금 면제
2026-06-24 19:16:38,177 [INFO] [DRY] 글쓰기 스킵 | category=insurance | persona=general
2026-06-24 19:16:38,179 [INFO] 처리 중: 2세미만 영유아 입원진료비 본인부담금 면제
2026-06-24 19:16:38,179 [INFO] [DRY] 글쓰기 스킵 | category=insurance | persona=general
2026-06-24 19:16:38,181 [INFO] 처리 중: 2세미만 영유아 입원진료비 본인부담금 면제
2026-06-24 19:16:38,181 [INFO] [DRY] 글쓰기 스킵 | category=insurance | persona=general
2026-06-24 19:16:38,183 [INFO] 처리 중: 2세미만 영유아 입원진료비 본인부담금 면제
2026-06-24 19:16:38,183 [INFO] [DRY] 글쓰기 스킵 | category=insurance | persona=general
2026-06-24 19:16:38,186 [INFO] 처리 중: 2세미만 영유아 입원진료비 본인부담금 면제
2026-06-24 19:16:38,186 [INFO] [DRY] 글쓰기 스킵 | category=insurance | persona=general
2026-06-24 19:16:38,188 [INFO] 처리 중: 2세미만 영유아 입원진료비 본인부담금 면제
2026-06-24 19:16:38,188 [INFO] [DRY] 글쓰기 스킵 | category=insurance | persona=general
2026-06-24 19:16:38,190 [INFO] 처리 중: 2세미만 영유아 입원진료비 본인부담금 면제
2026-06-24 19:16:38,190 [INFO] [DRY] 글쓰기 스킵 | category=insurance | persona=general
2026-06-24 19:16:38,192 [INFO] 처리 중: 2세미만 영유아 입원진료비 본인부담금 면제
2026-06-24 19:16:38,192 [INFO] [DRY] 글쓰기 스킵 | category=insurance | persona=general
2026-06-24 19:16:38,195 [INFO] 처리 중: 2세미만 영유아 입원진료비 본인부담금 면제
2026-06-24 19:16:38,195 [INFO] [DRY] 글쓰기 스킵 | category=insurance | persona=general
2026-06-24 19:16:38,197 [INFO] 처리 중: 2세미만 영유아 입원진료비 본인부담금 면제
2026-06-24 19:16:38,197 [INFO] [DRY] 글쓰기 스킵 | category=insurance | persona=general
2026-06-24 19:16:38,199 [INFO] 처리 중: 2세미만 영유아 입원진료비 본인부담금 면제
2026-06-24 19:16:38,199 [INFO] [DRY] 글쓰기 스킵 | category=insurance | persona=general
2026-06-24 19:16:38,201 [INFO] 처리 중: 2세미만 영유아 입원진료비 본인부담금 면제
2026-06-24 19:16:38,201 [INFO] [DRY] 글쓰기 스킵 | category=insurance | persona=general
2026-06-24 19:16:38,203 [INFO] 처리 중: 2세미만 영유아 입원진료비 본인부담금 면제
2026-06-24 19:16:38,203 [INFO] [DRY] 글쓰기 스킵 | category=insurance | persona=general
2026-06-24 19:16:38,206 [INFO] 처리 중: 2세미만 영유아 입원진료비 본인부담금 면제
2026-06-24 19:16:38,206 [INFO] [DRY] 글쓰기 스킵 | category=insurance | persona=general
2026-06-24 19:16:38,208 [INFO] 처리 중: 2세미만 영유아 입원진료비 본인부담금 면제
2026-06-24 19:16:38,208 [INFO] [DRY] 글쓰기 스킵 | category=insurance | persona=general
2026-06-24 19:16:38,210 [INFO] 처리 중: 2세미만 영유아 입원진료비 본인부담금 면제
2026-06-24 19:16:38,210 [INFO] [DRY] 글쓰기 스킵 | category=insurance | persona=general
2026-06-24 19:16:38,213 [INFO] 처리 중: 2세미만 영유아 입원진료비 본인부담금 면제
2026-06-24 19:16:38,213 [INFO] [DRY] 글쓰기 스킵 | category=insurance | persona=general
2026-06-24 19:16:38,215 [INFO] 처리 중: 2세미만 영유아 입원진료비 본인부담금 면제
2026-06-24 19:16:38,215 [INFO] [DRY] 글쓰기 스킵 | category=insurance | persona=general
2026-06-24 19:16:38,217 [INFO] 처리 중: 2세미만 영유아 입원진료비 본인부담금 면제
2026-06-24 19:16:38,217 [INFO] [DRY] 글쓰기 스킵 | category=insurance | persona=general
2026-06-24 19:16:38,219 [INFO] 처리 중: 2세미만 영유아 입원진료비 본인부담금 면제
2026-06-24 19:16:38,219 [INFO] [DRY] 글쓰기 스킵 | category=insurance | persona=general
2026-06-24 19:16:38,221 [INFO] 처리 중: 2세미만 영유아 입원진료비 본인부담금 면제
2026-06-24 19:16:38,221 [INFO] [DRY] 글쓰기 스킵 | category=insurance | persona=general
2026-06-24 19:16:38,223 [INFO] 처리 중: 2세미만 영유아 입원진료비 본인부담금 면제
2026-06-24 19:16:38,223 [INFO] [DRY] 글쓰기 스킵 | category=insurance | persona=general
2026-06-24 19:16:38,225 [INFO] 처리 중: 2세미만 영유아 입원진료비 본인부담금 면제
2026-06-24 19:16:38,225 [INFO] [DRY] 글쓰기 스킵 | category=insurance | persona=general
2026-06-24 19:16:38,228 [INFO] 처리 중: 2세미만 영유아 입원진료비 본인부담금 면제
2026-06-24 19:16:38,228 [INFO] [DRY] 글쓰기 스킵 | category=insurance | persona=general
2026-06-24 19:16:38,230 [INFO] 처리 중: 2세미만 영유아 입원진료비 본인부담금 면제
2026-06-24 19:16:38,230 [INFO] [DRY] 글쓰기 스킵 | category=insurance | persona=general
2026-06-24 19:16:38,232 [INFO] 처리 중: 2세미만 영유아 입원진료비 본인부담금 면제
2026-06-24 19:16:38,232 [INFO] [DRY] 글쓰기 스킵 | category=insurance | persona=general
2026-06-24 19:16:38,235 [INFO] 처리 중: 2세미만 영유아 입원진료비 본인부담금 면제
2026-06-24 19:16:38,235 [INFO] [DRY] 글쓰기 스킵 | category=insurance | persona=general
2026-06-24 19:16:38,237 [INFO] 처리 중: 2세미만 영유아 입원진료비 본인부담금 면제
2026-06-24 19:16:38,237 [INFO] [DRY] 글쓰기 스킵 | category=insurance | persona=general
2026-06-24 19:16:38,239 [INFO] 처리 중: 2세미만 영유아 입원진료비 본인부담금 면제
2026-06-24 19:16:38,239 [INFO] [DRY] 글쓰기 스킵 | category=insurance | persona=general
2026-06-24 19:16:38,241 [INFO] 처리 중: 2세미만 영유아 입원진료비 본인부담금 면제
2026-06-24 19:16:38,241 [INFO] [DRY] 글쓰기 스킵 | category=insurance | persona=general
2026-06-24 19:16:38,243 [INFO] 처리 중: 2세미만 영유아 입원진료비 본인부담금 면제
2026-06-24 19:16:38,243 [INFO] [DRY] 글쓰기 스킵 | category=insurance | persona=general
2026-06-24 19:16:38,246 [INFO] 처리 중: 2세미만 영유아 입원진료비 본인부담금 면제
2026-06-24 19:16:38,246 [INFO] [DRY] 글쓰기 스킵 | category=insurance | persona=general
2026-06-24 19:16:38,248 [INFO] 처리 중: 2세미만 영유아 입원진료비 본인부담금 면제
2026-06-24 19:16:38,248 [INFO] [DRY] 글쓰기 스킵 | category=insurance | persona=general
2026-06-24 19:16:38,250 [INFO] 처리 중: 2세미만 영유아 입원진료비 본인부담금 면제
2026-06-24 19:16:38,250 [INFO] [DRY] 글쓰기 스킵 | category=insurance | persona=general
2026-06-24 19:16:38,252 [INFO] 처리 중: 2세미만 영유아 입원진료비 본인부담금 면제
2026-06-24 19:16:38,252 [INFO] [DRY] 글쓰기 스킵 | category=insurance | persona=general
2026-06-24 19:16:38,255 [INFO] 처리 중: 2세미만 영유아 입원진료비 본인부담금 면제
2026-06-24 19:16:38,255 [INFO] [DRY] 글쓰기 스킵 | category=insurance | persona=general
2026-06-24 19:16:38,257 [INFO] 처리 중: 2세미만 영유아 입원진료비 본인부담금 면제
2026-06-24 19:16:38,257 [INFO] [DRY] 글쓰기 스킵 | category=insurance | persona=general
2026-06-24 19:16:38,259 [INFO] 처리 중: 2세미만 영유아 입원진료비 본인부담금 면제
2026-06-24 19:16:38,259 [INFO] [DRY] 글쓰기 스킵 | category=insurance | persona=general
2026-06-24 19:16:38,261 [INFO] 처리 중: 2세미만 영유아 입원진료비 본인부담금 면제
2026-06-24 19:16:38,261 [INFO] [DRY] 글쓰기 스킵 | category=insurance | persona=general
2026-06-24 19:16:38,263 [INFO] 처리 중: 2세미만 영유아 입원진료비 본인부담금 면제
2026-06-24 19:16:38,263 [INFO] [DRY] 글쓰기 스킵 | category=insurance | persona=general
2026-06-24 19:16:38,265 [INFO] 처리 중: 2세미만 영유아 입원진료비 본인부담금 면제
2026-06-24 19:16:38,265 [INFO] [DRY] 글쓰기 스킵 | category=insurance | persona=general
2026-06-24 19:16:38,267 [INFO] 처리 중: 2세미만 영유아 입원진료비 본인부담금 면제
2026-06-24 19:16:38,267 [INFO] [DRY] 글쓰기 스킵 | category=insurance | persona=general
2026-06-24 19:16:38,269 [INFO] 처리 중: 2세미만 영유아 입원진료비 본인부담금 면제
2026-06-24 19:16:38,269 [INFO] [DRY] 글쓰기 스킵 | category=insurance | persona=general
2026-06-24 19:16:38,272 [INFO] 처리 중: 2세미만 영유아 입원진료비 본인부담금 면제
2026-06-24 19:16:38,272 [INFO] [DRY] 글쓰기 스킵 | category=insurance | persona=general
2026-06-24 19:16:38,274 [INFO] 처리 중: 2세미만 영유아 입원진료비 본인부담금 면제
2026-06-24 19:16:38,274 [INFO] [DRY] 글쓰기 스킵 | category=insurance | persona=general
2026-06-24 19:16:38,276 [INFO] 처리 중: 2세미만 영유아 입원진료비 본인부담금 면제
2026-06-24 19:16:38,276 [INFO] [DRY] 글쓰기 스킵 | category=insurance | persona=general
2026-06-24 19:16:38,278 [INFO] 처리 중: 2세미만 영유아 입원진료비 본인부담금 면제
2026-06-24 19:16:38,279 [INFO] [DRY] 글쓰기 스킵 | category=insurance | persona=general
2026-06-24 19:16:38,281 [INFO] 처리 중: 2세미만 영유아 입원진료비 본인부담금 면제
2026-06-24 19:16:38,281 [INFO] [DRY] 글쓰기 스킵 | category=insurance | persona=general
2026-06-24 19:16:38,283 [INFO] 처리 중: 2세미만 영유아 입원진료비 본인부담금 면제
2026-06-24 19:16:38,283 [INFO] [DRY] 글쓰기 스킵 | category=insurance | persona=general
2026-06-24 19:16:38,285 [INFO] 처리 중: 2세미만 영유아 입원진료비 본인부담금 면제
2026-06-24 19:16:38,285 [INFO] [DRY] 글쓰기 스킵 | category=insurance | persona=general
2026-06-24 19:16:38,287 [INFO] 처리 중: 2세미만 영유아 입원진료비 본인부담금 면제
2026-06-24 19:16:38,287 [INFO] [DRY] 글쓰기 스킵 | category=insurance | persona=general
2026-06-24 19:16:38,289 [INFO] 처리 중: 2세미만 영유아 입원진료비 본인부담금 면제
2026-06-24 19:16:38,289 [INFO] [DRY] 글쓰기 스킵 | category=insurance | persona=general
2026-06-24 19:16:38,292 [INFO] 처리 중: 2세미만 영유아 입원진료비 본인부담금 면제
2026-06-24 19:16:38,292 [INFO] [DRY] 글쓰기 스킵 | category=insurance | persona=general
2026-06-24 19:16:38,294 [INFO] 처리 중: 2세미만 영유아 입원진료비 본인부담금 면제
2026-06-24 19:16:38,294 [INFO] [DRY] 글쓰기 스킵 | category=insurance | persona=general
2026-06-24 19:16:38,296 [INFO] 처리 중: 2세미만 영유아 입원진료비 본인부담금 면제
2026-06-24 19:16:38,296 [INFO] [DRY] 글쓰기 스킵 | category=insurance | persona=general
2026-06-24 19:16:38,298 [INFO] 처리 중: 2세미만 영유아 입원진료비 본인부담금 면제
2026-06-24 19:16:38,298 [INFO] [DRY] 글쓰기 스킵 | category=insurance | persona=general
2026-06-24 19:16:38,300 [INFO] 처리 중: 2세미만 영유아 입원진료비 본인부담금 면제
2026-06-24 19:16:38,301 [INFO] [DRY] 글쓰기 스킵 | category=insurance | persona=general
2026-06-24 19:16:38,303 [INFO] 처리 중: 2세미만 영유아 입원진료비 본인부담금 면제
2026-06-24 19:16:38,303 [INFO] [DRY] 글쓰기 스킵 | category=insurance | persona=general
2026-06-24 19:16:38,305 [INFO] 처리 중: 2세미만 영유아 입원진료비 본인부담금 면제
2026-06-24 19:16:38,305 [INFO] [DRY] 글쓰기 스킵 | category=insurance | persona=general
2026-06-24 19:16:38,307 [INFO] 처리 중: 2세미만 영유아 입원진료비 본인부담금 면제
2026-06-24 19:16:38,307 [INFO] [DRY] 글쓰기 스킵 | category=insurance | persona=general
2026-06-24 19:16:38,309 [INFO] 처리 중: 2세미만 영유아 입원진료비 본인부담금 면제
2026-06-24 19:16:38,309 [INFO] [DRY] 글쓰기 스킵 | category=insurance | persona=general
2026-06-24 19:16:38,311 [INFO] 처리 중: 2세미만 영유아 입원진료비 본인부담금 면제
2026-06-24 19:16:38,311 [INFO] [DRY] 글쓰기 스킵 | category=insurance | persona=general
2026-06-24 19:16:38,314 [INFO] 처리 중: 2세미만 영유아 입원진료비 본인부담금 면제
2026-06-24 19:16:38,314 [INFO] [DRY] 글쓰기 스킵 | category=insurance | persona=general
2026-06-24 19:16:38,316 [INFO] 처리 중: 2세미만 영유아 입원진료비 본인부담금 면제
2026-06-24 19:16:38,316 [INFO] [DRY] 글쓰기 스킵 | category=insurance | persona=general
2026-06-24 19:16:38,318 [INFO] 처리 중: 2세미만 영유아 입원진료비 본인부담금 면제
2026-06-24 19:16:38,318 [INFO] [DRY] 글쓰기 스킵 | category=insurance | persona=general
2026-06-24 19:16:38,320 [INFO] 처리 중: 2세미만 영유아 입원진료비 본인부담금 면제
2026-06-24 19:16:38,320 [INFO] [DRY] 글쓰기 스킵 | category=insurance | persona=general
2026-06-24 19:16:38,322 [INFO] 처리 중: 2세미만 영유아 입원진료비 본인부담금 면제
2026-06-24 19:16:38,323 [INFO] [DRY] 글쓰기 스킵 | category=insurance | persona=general
2026-06-24 19:16:38,325 [INFO] 처리 중: 2세미만 영유아 입원진료비 본인부담금 면제
2026-06-24 19:16:38,325 [INFO] [DRY] 글쓰기 스킵 | category=insurance | persona=general
2026-06-24 19:16:38,327 [INFO] 처리 중: 2세미만 영유아 입원진료비 본인부담금 면제
2026-06-24 19:16:38,327 [INFO] [DRY] 글쓰기 스킵 | category=insurance | persona=general
2026-06-24 19:16:38,329 [INFO] 처리 중: 2세미만 영유아 입원진료비 본인부담금 면제
2026-06-24 19:16:38,329 [INFO] [DRY] 글쓰기 스킵 | category=insurance | persona=general
2026-06-24 19:16:38,332 [INFO] 처리 중: 2세미만 영유아 입원진료비 본인부담금 면제
2026-06-24 19:16:38,332 [INFO] [DRY] 글쓰기 스킵 | category=insurance | persona=general
2026-06-24 19:16:38,334 [INFO] 처리 중: 2세미만 영유아 입원진료비 본인부담금 면제
2026-06-24 19:16:38,334 [INFO] [DRY] 글쓰기 스킵 | category=insurance | persona=general
2026-06-24 19:16:38,336 [INFO] 처리 중: 2세미만 영유아 입원진료비 본인부담금 면제
2026-06-24 19:16:38,336 [INFO] [DRY] 글쓰기 스킵 | category=insurance | persona=general
2026-06-24 19:16:38,338 [INFO] 처리 중: 2세미만 영유아 입원진료비 본인부담금 면제
2026-06-24 19:16:38,338 [INFO] [DRY] 글쓰기 스킵 | category=insurance | persona=general
2026-06-24 19:16:38,340 [INFO] 처리 중: 2세미만 영유아 입원진료비 본인부담금 면제
2026-06-24 19:16:38,340 [INFO] [DRY] 글쓰기 스킵 | category=insurance | persona=general
2026-06-24 19:16:38,342 [INFO] 처리 중: 2세미만 영유아 입원진료비 본인부담금 면제
2026-06-24 19:16:38,342 [INFO] [DRY] 글쓰기 스킵 | category=insurance | persona=general
2026-06-24 19:16:38,344 [INFO] 처리 중: 2세미만 영유아 입원진료비 본인부담금 면제
2026-06-24 19:16:38,345 [INFO] [DRY] 글쓰기 스킵 | category=insurance | persona=general
2026-06-24 19:16:38,347 [INFO] 처리 중: 2세미만 영유아 입원진료비 본인부담금 면제
2026-06-24 19:16:38,347 [INFO] [DRY] 글쓰기 스킵 | category=insurance | persona=general
2026-06-24 19:16:38,349 [INFO] 처리 중: 2세미만 영유아 입원진료비 본인부담금 면제
2026-06-24 19:16:38,349 [INFO] [DRY] 글쓰기 스킵 | category=insurance | persona=general
2026-06-24 19:16:38,351 [INFO] 처리 중: 2세미만 영유아 입원진료비 본인부담금 면제
2026-06-24 19:16:38,351 [INFO] [DRY] 글쓰기 스킵 | category=insurance | persona=general
2026-06-24 19:16:38,353 [INFO] 처리 중: 2세미만 영유아 입원진료비 본인부담금 면제
2026-06-24 19:16:38,353 [INFO] [DRY] 글쓰기 스킵 | category=insurance | persona=general
2026-06-24 19:16:38,355 [INFO] 처리 중: 2세미만 영유아 입원진료비 본인부담금 면제
2026-06-24 19:16:38,355 [INFO] [DRY] 글쓰기 스킵 | category=insurance | persona=general
2026-06-24 19:16:38,357 [INFO] 처리 중: 2세미만 영유아 입원진료비 본인부담금 면제
2026-06-24 19:16:38,357 [INFO] [DRY] 글쓰기 스킵 | category=insurance | persona=general
2026-06-24 19:16:38,359 [INFO] 처리 중: 2세미만 영유아 입원진료비 본인부담금 면제
2026-06-24 19:16:38,359 [INFO] [DRY] 글쓰기 스킵 | category=insurance | persona=general
2026-06-24 19:16:38,361 [INFO] 처리 중: 2세미만 영유아 입원진료비 본인부담금 면제
2026-06-24 19:16:38,361 [INFO] [DRY] 글쓰기 스킵 | category=insurance | persona=general
2026-06-24 19:16:38,364 [INFO] 처리 중: 2세미만 영유아 입원진료비 본인부담금 면제
2026-06-24 19:16:38,364 [INFO] [DRY] 글쓰기 스킵 | category=insurance | persona=general
2026-06-24 19:16:38,366 [INFO] 처리 중: 2세미만 영유아 입원진료비 본인부담금 면제
2026-06-24 19:16:38,366 [INFO] [DRY] 글쓰기 스킵 | category=insurance | persona=general
2026-06-24 19:16:38,368 [INFO] 처리 중: 2세미만 영유아 입원진료비 본인부담금 면제
2026-06-24 19:16:38,368 [INFO] [DRY] 글쓰기 스킵 | category=insurance | persona=general
2026-06-24 19:16:38,370 [INFO] 처리 중: 2세미만 영유아 입원진료비 본인부담금 면제
2026-06-24 19:16:38,371 [INFO] [DRY] 글쓰기 스킵 | category=insurance | persona=general
2026-06-24 19:16:38,373 [INFO] 처리 중: 2세미만 영유아 입원진료비 본인부담금 면제
2026-06-24 19:16:38,373 [INFO] [DRY] 글쓰기 스킵 | category=insurance | persona=general
2026-06-24 19:16:38,375 [INFO] 처리 중: 2세미만 영유아 입원진료비 본인부담금 면제
2026-06-24 19:16:38,375 [INFO] [DRY] 글쓰기 스킵 | category=insurance | persona=general
2026-06-24 19:16:38,377 [INFO] 처리 중: 2세미만 영유아 입원진료비 본인부담금 면제
2026-06-24 19:16:38,377 [INFO] [DRY] 글쓰기 스킵 | category=insurance | persona=general
2026-06-24 19:16:38,379 [INFO] 처리 중: 2세미만 영유아 입원진료비 본인부담금 면제
2026-06-24 19:16:38,379 [INFO] [DRY] 글쓰기 스킵 | category=insurance | persona=general
2026-06-24 19:16:38,381 [INFO] 처리 중: 2세미만 영유아 입원진료비 본인부담금 면제
2026-06-24 19:16:38,381 [INFO] [DRY] 글쓰기 스킵 | category=insurance | persona=general
2026-06-24 19:16:38,384 [INFO] 처리 중: 2세미만 영유아 입원진료비 본인부담금 면제
2026-06-24 19:16:38,384 [INFO] [DRY] 글쓰기 스킵 | category=insurance | persona=general
2026-06-24 19:16:38,386 [INFO] 처리 중: 2세미만 영유아 입원진료비 본인부담금 면제
2026-06-24 19:16:38,386 [INFO] [DRY] 글쓰기 스킵 | category=insurance | persona=general
2026-06-24 19:16:38,388 [INFO] 처리 중: 2세미만 영유아 입원진료비 본인부담금 면제
2026-06-24 19:16:38,388 [INFO] [DRY] 글쓰기 스킵 | category=insurance | persona=general
2026-06-24 19:16:38,390 [INFO] 처리 중: 2세미만 영유아 입원진료비 본인부담금 면제
2026-06-24 19:16:38,390 [INFO] [DRY] 글쓰기 스킵 | category=insurance | persona=general
2026-06-24 19:16:38,392 [INFO] 처리 중: 2세미만 영유아 입원진료비 본인부담금 면제
2026-06-24 19:16:38,392 [INFO] [DRY] 글쓰기 스킵 | category=insurance | persona=general
2026-06-24 19:16:38,394 [INFO] 처리 중: 2세미만 영유아 입원진료비 본인부담금 면제
2026-06-24 19:16:38,394 [INFO] [DRY] 글쓰기 스킵 | category=insurance | persona=general
2026-06-24 19:16:38,396 [INFO] 처리 중: 2세미만 영유아 입원진료비 본인부담금 면제
2026-06-24 19:16:38,396 [INFO] [DRY] 글쓰기 스킵 | category=insurance | persona=general
2026-06-24 19:16:38,399 [INFO] 처리 중: 2세미만 영유아 입원진료비 본인부담금 면제
2026-06-24 19:16:38,399 [INFO] [DRY] 글쓰기 스킵 | category=insurance | persona=general
2026-06-24 19:16:38,401 [INFO] 처리 중: 2세미만 영유아 입원진료비 본인부담금 면제
2026-06-24 19:16:38,401 [INFO] [DRY] 글쓰기 스킵 | category=insurance | persona=general
2026-06-24 19:16:38,403 [INFO] 처리 중: 2세미만 영유아 입원진료비 본인부담금 면제
2026-06-24 19:16:38,403 [INFO] [DRY] 글쓰기 스킵 | category=insurance | persona=general
2026-06-24 19:16:38,405 [INFO] 처리 중: 2세미만 영유아 입원진료비 본인부담금 면제
2026-06-24 19:16:38,405 [INFO] [DRY] 글쓰기 스킵 | category=insurance | persona=general
2026-06-24 19:16:38,408 [INFO] 처리 중: 2세미만 영유아 입원진료비 본인부담금 면제
2026-06-24 19:16:38,408 [INFO] [DRY] 글쓰기 스킵 | category=insurance | persona=general
2026-06-24 19:16:38,410 [INFO] 처리 중: 2세미만 영유아 입원진료비 본인부담금 면제
2026-06-24 19:16:38,410 [INFO] [DRY] 글쓰기 스킵 | category=insurance | persona=general
2026-06-24 19:16:38,412 [INFO] 처리 중: 2세미만 영유아 입원진료비 본인부담금 면제
2026-06-24 19:16:38,412 [INFO] [DRY] 글쓰기 스킵 | category=insurance | persona=general
2026-06-24 19:16:38,418 [INFO] 처리 중: 2세미만 영유아 입원진료비 본인부담금 면제
2026-06-24 19:16:38,418 [INFO] [DRY] 글쓰기 스킵 | category=insurance | persona=general
2026-06-24 19:16:38,428 [INFO] 처리 중: 2세미만 영유아 입원진료비 본인부담금 면제
2026-06-24 19:16:38,428 [INFO] [DRY] 글쓰기 스킵 | category=insurance | persona=general
2026-06-24 19:16:38,433 [INFO] 처리 중: 2세미만 영유아 입원진료비 본인부담금 면제
2026-06-24 19:16:38,433 [INFO] [DRY] 글쓰기 스킵 | category=insurance | persona=general
2026-06-24 19:16:38,435 [INFO] 처리 중: 2세미만 영유아 입원진료비 본인부담금 면제
2026-06-24 19:16:38,435 [INFO] [DRY] 글쓰기 스킵 | category=insurance | persona=general
2026-06-24 19:16:38,437 [INFO] 처리 중: 2세미만 영유아 입원진료비 본인부담금 면제
2026-06-24 19:16:38,437 [INFO] [DRY] 글쓰기 스킵 | category=insurance | persona=general
2026-06-24 19:16:38,440 [INFO] 처리 중: 2세미만 영유아 입원진료비 본인부담금 면제
2026-06-24 19:16:38,440 [INFO] [DRY] 글쓰기 스킵 | category=insurance | persona=general
2026-06-24 19:16:38,442 [INFO] 처리 중: 2세미만 영유아 입원진료비 본인부담금 면제
2026-06-24 19:16:38,442 [INFO] [DRY] 글쓰기 스킵 | category=insurance | persona=general
2026-06-24 19:16:38,444 [INFO] 처리 중: 2세미만 영유아 입원진료비 본인부담금 면제
2026-06-24 19:16:38,444 [INFO] [DRY] 글쓰기 스킵 | category=insurance | persona=general
2026-06-24 19:16:38,446 [INFO] 처리 중: 2세미만 영유아 입원진료비 본인부담금 면제
2026-06-24 19:16:38,446 [INFO] [DRY] 글쓰기 스킵 | category=insurance | persona=general
2026-06-24 19:16:38,448 [INFO] 처리 중: 2세미만 영유아 입원진료비 본인부담금 면제
2026-06-24 19:16:38,449 [INFO] [DRY] 글쓰기 스킵 | category=insurance | persona=general
2026-06-24 19:16:38,451 [INFO] 처리 중: 2세미만 영유아 입원진료비 본인부담금 면제
2026-06-24 19:16:38,451 [INFO] [DRY] 글쓰기 스킵 | category=insurance | persona=general
2026-06-24 19:16:38,453 [INFO] 처리 중: 2세미만 영유아 입원진료비 본인부담금 면제
2026-06-24 19:16:38,453 [INFO] [DRY] 글쓰기 스킵 | category=insurance | persona=general
2026-06-24 19:16:38,455 [INFO] 처리 중: 2세미만 영유아 입원진료비 본인부담금 면제
2026-06-24 19:16:38,455 [INFO] [DRY] 글쓰기 스킵 | category=insurance | persona=general
2026-06-24 19:16:38,458 [INFO] 처리 중: 2세미만 영유아 입원진료비 본인부담금 면제
2026-06-24 19:16:38,458 [INFO] [DRY] 글쓰기 스킵 | category=insurance | persona=general
2026-06-24 19:16:38,460 [INFO] 처리 중: 2세미만 영유아 입원진료비 본인부담금 면제
2026-06-24 19:16:38,460 [INFO] [DRY] 글쓰기 스킵 | category=insurance | persona=general
2026-06-24 19:16:38,462 [INFO] 처리 중: 2세미만 영유아 입원진료비 본인부담금 면제
2026-06-24 19:16:38,462 [INFO] [DRY] 글쓰기 스킵 | category=insurance | persona=general
2026-06-24 19:16:38,464 [INFO] 처리 중: 2세미만 영유아 입원진료비 본인부담금 면제
2026-06-24 19:16:38,464 [INFO] [DRY] 글쓰기 스킵 | category=insurance | persona=general
2026-06-24 19:16:38,467 [INFO] 처리 중: 2세미만 영유아 입원진료비 본인부담금 면제
2026-06-24 19:16:38,467 [INFO] [DRY] 글쓰기 스킵 | category=insurance | persona=general
2026-06-24 19:16:38,469 [INFO] 처리 중: 2세미만 영유아 입원진료비 본인부담금 면제
2026-06-24 19:16:38,469 [INFO] [DRY] 글쓰기 스킵 | category=insurance | persona=general
2026-06-24 19:16:38,471 [INFO] 처리 중: 2세미만 영유아 입원진료비 본인부담금 면제
2026-06-24 19:16:38,471 [INFO] [DRY] 글쓰기 스킵 | category=insurance | persona=general
2026-06-24 19:16:38,473 [INFO] 처리 중: 2세미만 영유아 입원진료비 본인부담금 면제
2026-06-24 19:16:38,473 [INFO] [DRY] 글쓰기 스킵 | category=insurance | persona=general
2026-06-24 19:16:38,475 [INFO] 처리 중: 2세미만 영유아 입원진료비 본인부담금 면제
2026-06-24 19:16:38,475 [INFO] [DRY] 글쓰기 스킵 | category=insurance | persona=general
2026-06-24 19:16:38,477 [INFO] 처리 중: 2세미만 영유아 입원진료비 본인부담금 면제
2026-06-24 19:16:38,477 [INFO] [DRY] 글쓰기 스킵 | category=insurance | persona=general
2026-06-24 19:16:38,480 [INFO] 처리 중: 2세미만 영유아 입원진료비 본인부담금 면제
2026-06-24 19:16:38,480 [INFO] [DRY] 글쓰기 스킵 | category=insurance | persona=general
2026-06-24 19:16:38,482 [INFO] 처리 중: 2세미만 영유아 입원진료비 본인부담금 면제
2026-06-24 19:16:38,482 [INFO] [DRY] 글쓰기 스킵 | category=insurance | persona=general
2026-06-24 19:16:38,484 [INFO] 처리 중: 2세미만 영유아 입원진료비 본인부담금 면제
2026-06-24 19:16:38,484 [INFO] [DRY] 글쓰기 스킵 | category=insurance | persona=general
2026-06-24 19:16:38,487 [INFO] 처리 중: 2세미만 영유아 입원진료비 본인부담금 면제
2026-06-24 19:16:38,487 [INFO] [DRY] 글쓰기 스킵 | category=insurance | persona=general
2026-06-24 19:16:38,489 [INFO] 처리 중: 2세미만 영유아 입원진료비 본인부담금 면제
2026-06-24 19:16:38,489 [INFO] [DRY] 글쓰기 스킵 | category=insurance | persona=general
2026-06-24 19:16:38,491 [INFO] 처리 중: 2세미만 영유아 입원진료비 본인부담금 면제
2026-06-24 19:16:38,491 [INFO] [DRY] 글쓰기 스킵 | category=insurance | persona=general
2026-06-24 19:16:38,493 [INFO] 처리 중: 2세미만 영유아 입원진료비 본인부담금 면제
2026-06-24 19:16:38,493 [INFO] [DRY] 글쓰기 스킵 | category=insurance | persona=general
2026-06-24 19:16:38,495 [INFO] 처리 중: 2세미만 영유아 입원진료비 본인부담금 면제
2026-06-24 19:16:38,495 [INFO] [DRY] 글쓰기 스킵 | category=insurance | persona=general
2026-06-24 19:16:38,498 [INFO] 처리 중: 2세미만 영유아 입원진료비 본인부담금 면제
2026-06-24 19:16:38,498 [INFO] [DRY] 글쓰기 스킵 | category=insurance | persona=general
2026-06-24 19:16:38,500 [INFO] 처리 중: 2세미만 영유아 입원진료비 본인부담금 면제
2026-06-24 19:16:38,500 [INFO] [DRY] 글쓰기 스킵 | category=insurance | persona=general
2026-06-24 19:16:38,502 [INFO] 처리 중: 2세미만 영유아 입원진료비 본인부담금 면제
2026-06-24 19:16:38,502 [INFO] [DRY] 글쓰기 스킵 | category=insurance | persona=general
2026-06-24 19:16:38,505 [INFO] 처리 중: 2세미만 영유아 입원진료비 본인부담금 면제
2026-06-24 19:16:38,505 [INFO] [DRY] 글쓰기 스킵 | category=insurance | persona=general
2026-06-24 19:16:38,507 [INFO] 처리 중: 2세미만 영유아 입원진료비 본인부담금 면제
2026-06-24 19:16:38,507 [INFO] [DRY] 글쓰기 스킵 | category=insurance | persona=general
2026-06-24 19:16:38,509 [INFO] 처리 중: 2세미만 영유아 입원진료비 본인부담금 면제
2026-06-24 19:16:38,509 [INFO] [DRY] 글쓰기 스킵 | category=insurance | persona=general
2026-06-24 19:16:38,511 [INFO] 처리 중: 2세미만 영유아 입원진료비 본인부담금 면제
2026-06-24 19:16:38,511 [INFO] [DRY] 글쓰기 스킵 | category=insurance | persona=general
2026-06-24 19:16:38,513 [INFO] 처리 중: 2세미만 영유아 입원진료비 본인부담금 면제
2026-06-24 19:16:38,513 [INFO] [DRY] 글쓰기 스킵 | category=insurance | persona=general
2026-06-24 19:16:38,515 [INFO] 처리 중: 2세미만 영유아 입원진료비 본인부담금 면제
2026-06-24 19:16:38,515 [INFO] [DRY] 글쓰기 스킵 | category=insurance | persona=general
2026-06-24 19:16:38,517 [INFO] 처리 중: 2세미만 영유아 입원진료비 본인부담금 면제
2026-06-24 19:16:38,517 [INFO] [DRY] 글쓰기 스킵 | category=insurance | persona=general
2026-06-24 19:16:38,520 [INFO] 처리 중: 2세미만 영유아 입원진료비 본인부담금 면제
2026-06-24 19:16:38,520 [INFO] [DRY] 글쓰기 스킵 | category=insurance | persona=general
2026-06-24 19:16:38,522 [INFO] 처리 중: 2세미만 영유아 입원진료비 본인부담금 면제
2026-06-24 19:16:38,522 [INFO] [DRY] 글쓰기 스킵 | category=insurance | persona=general
2026-06-24 19:16:38,524 [INFO] 처리 중: 2세미만 영유아 입원진료비 본인부담금 면제
2026-06-24 19:16:38,524 [INFO] [DRY] 글쓰기 스킵 | category=insurance | persona=general
2026-06-24 19:16:38,526 [INFO] 처리 중: 2세미만 영유아 입원진료비 본인부담금 면제
2026-06-24 19:16:38,526 [INFO] [DRY] 글쓰기 스킵 | category=insurance | persona=general
2026-06-24 19:16:38,528 [INFO] 처리 중: 2세미만 영유아 입원진료비 본인부담금 면제
2026-06-24 19:16:38,528 [INFO] [DRY] 글쓰기 스킵 | category=insurance | persona=general
2026-06-24 19:16:38,530 [INFO] 처리 중: 2세미만 영유아 입원진료비 본인부담금 면제
2026-06-24 19:16:38,530 [INFO] [DRY] 글쓰기 스킵 | category=insurance | persona=general
2026-06-24 19:16:38,533 [INFO] 처리 중: 2세미만 영유아 입원진료비 본인부담금 면제
2026-06-24 19:16:38,533 [INFO] [DRY] 글쓰기 스킵 | category=insurance | persona=general
2026-06-24 19:16:38,535 [INFO] 처리 중: 2세미만 영유아 입원진료비 본인부담금 면제
2026-06-24 19:16:38,535 [INFO] [DRY] 글쓰기 스킵 | category=insurance | persona=general
2026-06-24 19:16:38,537 [INFO] 처리 중: 2세미만 영유아 입원진료비 본인부담금 면제
2026-06-24 19:16:38,537 [INFO] [DRY] 글쓰기 스킵 | category=insurance | persona=general
2026-06-24 19:16:38,540 [INFO] 처리 중: 2세미만 영유아 입원진료비 본인부담금 면제
2026-06-24 19:16:38,540 [INFO] [DRY] 글쓰기 스킵 | category=insurance | persona=general
2026-06-24 19:16:38,542 [INFO] 처리 중: 2세미만 영유아 입원진료비 본인부담금 면제
2026-06-24 19:16:38,542 [INFO] [DRY] 글쓰기 스킵 | category=insurance | persona=general
2026-06-24 19:16:38,544 [INFO] 처리 중: 2세미만 영유아 입원진료비 본인부담금 면제
2026-06-24 19:16:38,544 [INFO] [DRY] 글쓰기 스킵 | category=insurance | persona=general
2026-06-24 19:16:38,546 [INFO] 처리 중: 2세미만 영유아 입원진료비 본인부담금 면제
2026-06-24 19:16:38,546 [INFO] [DRY] 글쓰기 스킵 | category=insurance | persona=general
2026-06-24 19:16:38,548 [INFO] 처리 중: 2세미만 영유아 입원진료비 본인부담금 면제
2026-06-24 19:16:38,548 [INFO] [DRY] 글쓰기 스킵 | category=insurance | persona=general
2026-06-24 19:16:38,550 [INFO] 처리 중: 2세미만 영유아 입원진료비 본인부담금 면제
2026-06-24 19:16:38,550 [INFO] [DRY] 글쓰기 스킵 | category=insurance | persona=general
2026-06-24 19:16:38,553 [INFO] 처리 중: 2세미만 영유아 입원진료비 본인부담금 면제
2026-06-24 19:16:38,553 [INFO] [DRY] 글쓰기 스킵 | category=insurance | persona=general
2026-06-24 19:16:38,555 [INFO] 처리 중: 2세미만 영유아 입원진료비 본인부담금 면제
2026-06-24 19:16:38,555 [INFO] [DRY] 글쓰기 스킵 | category=insurance | persona=general
2026-06-24 19:16:38,557 [INFO] 처리 중: 2세미만 영유아 입원진료비 본인부담금 면제
2026-06-24 19:16:38,557 [INFO] [DRY] 글쓰기 스킵 | category=insurance | persona=general
2026-06-24 19:16:38,559 [INFO] 처리 중: 2세미만 영유아 입원진료비 본인부담금 면제
2026-06-24 19:16:38,559 [INFO] [DRY] 글쓰기 스킵 | category=insurance | persona=general
2026-06-24 19:16:38,561 [INFO] 처리 중: 2세미만 영유아 입원진료비 본인부담금 면제
2026-06-24 19:16:38,561 [INFO] [DRY] 글쓰기 스킵 | category=insurance | persona=general
2026-06-24 19:16:38,563 [INFO] 처리 중: 2세미만 영유아 입원진료비 본인부담금 면제
2026-06-24 19:16:38,563 [INFO] [DRY] 글쓰기 스킵 | category=insurance | persona=general
2026-06-24 19:16:38,566 [INFO] 처리 중: 2세미만 영유아 입원진료비 본인부담금 면제
2026-06-24 19:16:38,566 [INFO] [DRY] 글쓰기 스킵 | category=insurance | persona=general
2026-06-24 19:16:38,568 [INFO] 처리 중: 2세미만 영유아 입원진료비 본인부담금 면제
2026-06-24 19:16:38,568 [INFO] [DRY] 글쓰기 스킵 | category=insurance | persona=general
2026-06-24 19:16:38,570 [INFO] 처리 중: 2세미만 영유아 입원진료비 본인부담금 면제
2026-06-24 19:16:38,570 [INFO] [DRY] 글쓰기 스킵 | category=insurance | persona=general
2026-06-24 19:16:38,572 [INFO] 처리 중: 2세미만 영유아 입원진료비 본인부담금 면제
2026-06-24 19:16:38,572 [INFO] [DRY] 글쓰기 스킵 | category=insurance | persona=general
2026-06-24 19:16:38,574 [INFO] 처리 중: 2세미만 영유아 입원진료비 본인부담금 면제
2026-06-24 19:16:38,574 [INFO] [DRY] 글쓰기 스킵 | category=insurance | persona=general
2026-06-24 19:16:38,577 [INFO] 처리 중: 2세미만 영유아 입원진료비 본인부담금 면제
2026-06-24 19:16:38,577 [INFO] [DRY] 글쓰기 스킵 | category=insurance | persona=general
2026-06-24 19:16:38,579 [INFO] 처리 중: 2세미만 영유아 입원진료비 본인부담금 면제
2026-06-24 19:16:38,579 [INFO] [DRY] 글쓰기 스킵 | category=insurance | persona=general
2026-06-24 19:16:38,581 [INFO] 처리 중: 2세미만 영유아 입원진료비 본인부담금 면제
2026-06-24 19:16:38,581 [INFO] [DRY] 글쓰기 스킵 | category=insurance | persona=general
2026-06-24 19:16:38,583 [INFO] 처리 중: 2세미만 영유아 입원진료비 본인부담금 면제
2026-06-24 19:16:38,583 [INFO] [DRY] 글쓰기 스킵 | category=insurance | persona=general
2026-06-24 19:16:38,585 [INFO] 처리 중: 2세미만 영유아 입원진료비 본인부담금 면제
2026-06-24 19:16:38,585 [INFO] [DRY] 글쓰기 스킵 | category=insurance | persona=general
2026-06-24 19:16:38,587 [INFO] 처리 중: 2세미만 영유아 입원진료비 본인부담금 면제
2026-06-24 19:16:38,587 [INFO] [DRY] 글쓰기 스킵 | category=insurance | persona=general
2026-06-24 19:16:38,589 [INFO] 처리 중: 2세미만 영유아 입원진료비 본인부담금 면제
2026-06-24 19:16:38,589 [INFO] [DRY] 글쓰기 스킵 | category=insurance | persona=general
2026-06-24 19:16:38,591 [INFO] 처리 중: 2세미만 영유아 입원진료비 본인부담금 면제
2026-06-24 19:16:38,591 [INFO] [DRY] 글쓰기 스킵 | category=insurance | persona=general
2026-06-24 19:16:38,594 [INFO] 처리 중: 2세미만 영유아 입원진료비 본인부담금 면제
2026-06-24 19:16:38,594 [INFO] [DRY] 글쓰기 스킵 | category=insurance | persona=general
2026-06-24 19:16:38,596 [INFO] 처리 중: 2세미만 영유아 입원진료비 본인부담금 면제
2026-06-24 19:16:38,596 [INFO] [DRY] 글쓰기 스킵 | category=insurance | persona=general
2026-06-24 19:16:38,598 [INFO] 처리 중: 2세미만 영유아 입원진료비 본인부담금 면제
2026-06-24 19:16:38,598 [INFO] [DRY] 글쓰기 스킵 | category=insurance | persona=general
2026-06-24 19:16:38,600 [INFO] 처리 중: 2세미만 영유아 입원진료비 본인부담금 면제
2026-06-24 19:16:38,600 [INFO] [DRY] 글쓰기 스킵 | category=insurance | persona=general
2026-06-24 19:16:38,602 [INFO] 처리 중: 2세미만 영유아 입원진료비 본인부담금 면제
2026-06-24 19:16:38,602 [INFO] [DRY] 글쓰기 스킵 | category=insurance | persona=general
2026-06-24 19:16:38,604 [INFO] 처리 중: 2세미만 영유아 입원진료비 본인부담금 면제
2026-06-24 19:16:38,604 [INFO] [DRY] 글쓰기 스킵 | category=insurance | persona=general
2026-06-24 19:16:38,606 [INFO] 처리 중: 2세미만 영유아 입원진료비 본인부담금 면제
2026-06-24 19:16:38,606 [INFO] [DRY] 글쓰기 스킵 | category=insurance | persona=general
2026-06-24 19:16:38,608 [INFO] 처리 중: 2세미만 영유아 입원진료비 본인부담금 면제
2026-06-24 19:16:38,608 [INFO] [DRY] 글쓰기 스킵 | category=insurance | persona=general
2026-06-24 19:16:38,611 [INFO] 처리 중: 2세미만 영유아 입원진료비 본인부담금 면제
2026-06-24 19:16:38,611 [INFO] [DRY] 글쓰기 스킵 | category=insurance | persona=general
2026-06-24 19:16:38,613 [INFO] 처리 중: 2세미만 영유아 입원진료비 본인부담금 면제
2026-06-24 19:16:38,613 [INFO] [DRY] 글쓰기 스킵 | category=insurance | persona=general
2026-06-24 19:16:38,615 [INFO] 처리 중: 2세미만 영유아 입원진료비 본인부담금 면제
2026-06-24 19:16:38,615 [INFO] [DRY] 글쓰기 스킵 | category=insurance | persona=general
2026-06-24 19:16:38,617 [INFO] 처리 중: 2세미만 영유아 입원진료비 본인부담금 면제
2026-06-24 19:16:38,617 [INFO] [DRY] 글쓰기 스킵 | category=insurance | persona=general
2026-06-24 19:16:38,619 [INFO] 처리 중: 2세미만 영유아 입원진료비 본인부담금 면제
2026-06-24 19:16:38,619 [INFO] [DRY] 글쓰기 스킵 | category=insurance | persona=general
2026-06-24 19:16:38,621 [INFO] 처리 중: 2세미만 영유아 입원진료비 본인부담금 면제
2026-06-24 19:16:38,621 [INFO] [DRY] 글쓰기 스킵 | category=insurance | persona=general
2026-06-24 19:16:38,623 [INFO] 처리 중: 2세미만 영유아 입원진료비 본인부담금 면제
2026-06-24 19:16:38,623 [INFO] [DRY] 글쓰기 스킵 | category=insurance | persona=general
2026-06-24 19:16:38,625 [INFO] 처리 중: 2세미만 영유아 입원진료비 본인부담금 면제
2026-06-24 19:16:38,625 [INFO] [DRY] 글쓰기 스킵 | category=insurance | persona=general
2026-06-24 19:16:38,628 [INFO] 처리 중: 2세미만 영유아 입원진료비 본인부담금 면제
2026-06-24 19:16:38,628 [INFO] [DRY] 글쓰기 스킵 | category=insurance | persona=general
2026-06-24 19:16:38,630 [INFO] 처리 중: 2세미만 영유아 입원진료비 본인부담금 면제
2026-06-24 19:16:38,630 [INFO] [DRY] 글쓰기 스킵 | category=insurance | persona=general
2026-06-24 19:16:38,633 [INFO] 처리 중: 2세미만 영유아 입원진료비 본인부담금 면제
2026-06-24 19:16:38,633 [INFO] [DRY] 글쓰기 스킵 | category=insurance | persona=general
2026-06-24 19:16:38,635 [INFO] 처리 중: 2세미만 영유아 입원진료비 본인부담금 면제
2026-06-24 19:16:38,635 [INFO] [DRY] 글쓰기 스킵 | category=insurance | persona=general
2026-06-24 19:16:38,637 [INFO] 처리 중: 2세미만 영유아 입원진료비 본인부담금 면제
2026-06-24 19:16:38,637 [INFO] [DRY] 글쓰기 스킵 | category=insurance | persona=general
2026-06-24 19:16:38,639 [INFO] 처리 중: 2세미만 영유아 입원진료비 본인부담금 면제
2026-06-24 19:16:38,639 [INFO] [DRY] 글쓰기 스킵 | category=insurance | persona=general
2026-06-24 19:16:38,641 [INFO] 처리 중: 2세미만 영유아 입원진료비 본인부담금 면제
2026-06-24 19:16:38,641 [INFO] [DRY] 글쓰기 스킵 | category=insurance | persona=general
2026-06-24 19:16:38,643 [INFO] 처리 중: 2세미만 영유아 입원진료비 본인부담금 면제
2026-06-24 19:16:38,643 [INFO] [DRY] 글쓰기 스킵 | category=insurance | persona=general
2026-06-24 19:16:38,645 [INFO] 처리 중: 2세미만 영유아 입원진료비 본인부담금 면제
2026-06-24 19:16:38,645 [INFO] [DRY] 글쓰기 스킵 | category=insurance | persona=general
2026-06-24 19:16:38,648 [INFO] 처리 중: 2세미만 영유아 입원진료비 본인부담금 면제
2026-06-24 19:16:38,648 [INFO] [DRY] 글쓰기 스킵 | category=insurance | persona=general
2026-06-24 19:16:38,650 [INFO] 처리 중: 2세미만 영유아 입원진료비 본인부담금 면제
2026-06-24 19:16:38,650 [INFO] [DRY] 글쓰기 스킵 | category=insurance | persona=general
2026-06-24 19:16:38,653 [INFO] 처리 중: 2세미만 영유아 입원진료비 본인부담금 면제
2026-06-24 19:16:38,653 [INFO] [DRY] 글쓰기 스킵 | category=insurance | persona=general
2026-06-24 19:16:38,655 [INFO] 처리 중: 2세미만 영유아 입원진료비 본인부담금 면제
2026-06-24 19:16:38,655 [INFO] [DRY] 글쓰기 스킵 | category=insurance | persona=general
2026-06-24 19:16:38,657 [INFO] 처리 중: 2세미만 영유아 입원진료비 본인부담금 면제
2026-06-24 19:16:38,657 [INFO] [DRY] 글쓰기 스킵 | category=insurance | persona=general
2026-06-24 19:16:38,659 [INFO] 처리 중: 2세미만 영유아 입원진료비 본인부담금 면제
2026-06-24 19:16:38,659 [INFO] [DRY] 글쓰기 스킵 | category=insurance | persona=general
2026-06-24 19:16:38,661 [INFO] 처리 중: 2세미만 영유아 입원진료비 본인부담금 면제
2026-06-24 19:16:38,661 [INFO] [DRY] 글쓰기 스킵 | category=insurance | persona=general
2026-06-24 19:16:38,663 [INFO] 처리 중: 2세미만 영유아 입원진료비 본인부담금 면제
2026-06-24 19:16:38,663 [INFO] [DRY] 글쓰기 스킵 | category=insurance | persona=general
2026-06-24 19:16:38,666 [INFO] 처리 중: 2세미만 영유아 입원진료비 본인부담금 면제
2026-06-24 19:16:38,666 [INFO] [DRY] 글쓰기 스킵 | category=insurance | persona=general
2026-06-24 19:16:38,668 [INFO] 처리 중: 2세미만 영유아 입원진료비 본인부담금 면제
2026-06-24 19:16:38,668 [INFO] [DRY] 글쓰기 스킵 | category=insurance | persona=general
2026-06-24 19:16:38,670 [INFO] 처리 중: 2세미만 영유아 입원진료비 본인부담금 면제
2026-06-24 19:16:38,670 [INFO] [DRY] 글쓰기 스킵 | category=insurance | persona=general
2026-06-24 19:16:38,673 [INFO] 처리 중: 2세미만 영유아 입원진료비 본인부담금 면제
2026-06-24 19:16:38,673 [INFO] [DRY] 글쓰기 스킵 | category=insurance | persona=general
2026-06-24 19:16:38,675 [INFO] 처리 중: 2세미만 영유아 입원진료비 본인부담금 면제
2026-06-24 19:16:38,675 [INFO] [DRY] 글쓰기 스킵 | category=insurance | persona=general
2026-06-24 19:16:38,677 [INFO] 처리 중: 2세미만 영유아 입원진료비 본인부담금 면제
2026-06-24 19:16:38,677 [INFO] [DRY] 글쓰기 스킵 | category=insurance | persona=general
2026-06-24 19:16:38,679 [INFO] 처리 중: 2세미만 영유아 입원진료비 본인부담금 면제
2026-06-24 19:16:38,679 [INFO] [DRY] 글쓰기 스킵 | category=insurance | persona=general
2026-06-24 19:16:38,681 [INFO] 처리 중: 2세미만 영유아 입원진료비 본인부담금 면제
2026-06-24 19:16:38,681 [INFO] [DRY] 글쓰기 스킵 | category=insurance | persona=general
2026-06-24 19:16:38,683 [INFO] 처리 중: 2세미만 영유아 입원진료비 본인부담금 면제
2026-06-24 19:16:38,683 [INFO] [DRY] 글쓰기 스킵 | category=insurance | persona=general
2026-06-24 19:16:38,685 [INFO] 처리 중: 2세미만 영유아 입원진료비 본인부담금 면제
2026-06-24 19:16:38,685 [INFO] [DRY] 글쓰기 스킵 | category=insurance | persona=general
2026-06-24 19:16:38,687 [INFO] 처리 중: 2세미만 영유아 입원진료비 본인부담금 면제
2026-06-24 19:16:38,687 [INFO] [DRY] 글쓰기 스킵 | category=insurance | persona=general
2026-06-24 19:16:38,690 [INFO] 처리 중: 2세미만 영유아 입원진료비 본인부담금 면제
2026-06-24 19:16:38,690 [INFO] [DRY] 글쓰기 스킵 | category=insurance | persona=general
2026-06-24 19:16:38,692 [INFO] 처리 중: 2세미만 영유아 입원진료비 본인부담금 면제
2026-06-24 19:16:38,692 [INFO] [DRY] 글쓰기 스킵 | category=insurance | persona=general
2026-06-24 19:16:38,694 [INFO] 처리 중: 2세미만 영유아 입원진료비 본인부담금 면제
2026-06-24 19:16:38,694 [INFO] [DRY] 글쓰기 스킵 | category=insurance | persona=general
2026-06-24 19:16:38,696 [INFO] 처리 중: 2세미만 영유아 입원진료비 본인부담금 면제
2026-06-24 19:16:38,696 [INFO] [DRY] 글쓰기 스킵 | category=insurance | persona=general
2026-06-24 19:16:38,698 [INFO] 처리 중: 2세미만 영유아 입원진료비 본인부담금 면제
2026-06-24 19:16:38,698 [INFO] [DRY] 글쓰기 스킵 | category=insurance | persona=general
2026-06-24 19:16:38,700 [INFO] 처리 중: 2세미만 영유아 입원진료비 본인부담금 면제
2026-06-24 19:16:38,700 [INFO] [DRY] 글쓰기 스킵 | category=insurance | persona=general
2026-06-24 19:16:38,703 [INFO] 처리 중: 2세미만 영유아 입원진료비 본인부담금 면제
2026-06-24 19:16:38,703 [INFO] [DRY] 글쓰기 스킵 | category=insurance | persona=general
2026-06-24 19:16:38,705 [INFO] 처리 중: 2세미만 영유아 입원진료비 본인부담금 면제
2026-06-24 19:16:38,705 [INFO] [DRY] 글쓰기 스킵 | category=insurance | persona=general
2026-06-24 19:16:38,708 [INFO] 처리 중: 2세미만 영유아 입원진료비 본인부담금 면제
2026-06-24 19:16:38,708 [INFO] [DRY] 글쓰기 스킵 | category=insurance | persona=general
2026-06-24 19:16:38,710 [INFO] 처리 중: 2세미만 영유아 입원진료비 본인부담금 면제
2026-06-24 19:16:38,710 [INFO] [DRY] 글쓰기 스킵 | category=insurance | persona=general
2026-06-24 19:16:38,712 [INFO] 처리 중: 2세미만 영유아 입원진료비 본인부담금 면제
2026-06-24 19:16:38,712 [INFO] [DRY] 글쓰기 스킵 | category=insurance | persona=general
2026-06-24 19:16:38,715 [INFO] 처리 중: 2세미만 영유아 입원진료비 본인부담금 면제
2026-06-24 19:16:38,715 [INFO] [DRY] 글쓰기 스킵 | category=insurance | persona=general
2026-06-24 19:16:38,717 [INFO] 처리 중: 2세미만 영유아 입원진료비 본인부담금 면제
2026-06-24 19:16:38,717 [INFO] [DRY] 글쓰기 스킵 | category=insurance | persona=general
2026-06-24 19:16:38,719 [INFO] 처리 중: 2세미만 영유아 입원진료비 본인부담금 면제
2026-06-24 19:16:38,719 [INFO] [DRY] 글쓰기 스킵 | category=insurance | persona=general
2026-06-24 19:16:38,721 [INFO] 처리 중: 2세미만 영유아 입원진료비 본인부담금 면제
2026-06-24 19:16:38,721 [INFO] [DRY] 글쓰기 스킵 | category=insurance | persona=general
2026-06-24 19:16:38,723 [INFO] 처리 중: 2세미만 영유아 입원진료비 본인부담금 면제
2026-06-24 19:16:38,724 [INFO] [DRY] 글쓰기 스킵 | category=insurance | persona=general
2026-06-24 19:16:38,726 [INFO] 처리 중: 2세미만 영유아 입원진료비 본인부담금 면제
2026-06-24 19:16:38,726 [INFO] [DRY] 글쓰기 스킵 | category=insurance | persona=general
2026-06-24 19:16:38,728 [INFO] 처리 중: 2세미만 영유아 입원진료비 본인부담금 면제
2026-06-24 19:16:38,728 [INFO] [DRY] 글쓰기 스킵 | category=insurance | persona=general
2026-06-24 19:16:38,730 [INFO] 처리 중: 2세미만 영유아 입원진료비 본인부담금 면제
2026-06-24 19:16:38,730 [INFO] [DRY] 글쓰기 스킵 | category=insurance | persona=general
2026-06-24 19:16:38,733 [INFO] 처리 중: 2세미만 영유아 입원진료비 본인부담금 면제
2026-06-24 19:16:38,733 [INFO] [DRY] 글쓰기 스킵 | category=insurance | persona=general
2026-06-24 19:16:38,735 [INFO] 처리 중: 2세미만 영유아 입원진료비 본인부담금 면제
2026-06-24 19:16:38,735 [INFO] [DRY] 글쓰기 스킵 | category=insurance | persona=general
2026-06-24 19:16:38,737 [INFO] 처리 중: 2세미만 영유아 입원진료비 본인부담금 면제
2026-06-24 19:16:38,737 [INFO] [DRY] 글쓰기 스킵 | category=insurance | persona=general
2026-06-24 19:16:38,739 [INFO] 처리 중: 2세미만 영유아 입원진료비 본인부담금 면제
2026-06-24 19:16:38,739 [INFO] [DRY] 글쓰기 스킵 | category=insurance | persona=general
2026-06-24 19:16:38,741 [INFO] 처리 중: 2세미만 영유아 입원진료비 본인부담금 면제
2026-06-24 19:16:38,741 [INFO] [DRY] 글쓰기 스킵 | category=insurance | persona=general
2026-06-24 19:16:38,744 [INFO] 처리 중: 2세미만 영유아 입원진료비 본인부담금 면제
2026-06-24 19:16:38,744 [INFO] [DRY] 글쓰기 스킵 | category=insurance | persona=general
2026-06-24 19:16:38,746 [INFO] 처리 중: 2세미만 영유아 입원진료비 본인부담금 면제
2026-06-24 19:16:38,746 [INFO] [DRY] 글쓰기 스킵 | category=insurance | persona=general
2026-06-24 19:16:38,748 [INFO] 처리 중: 2세미만 영유아 입원진료비 본인부담금 면제
2026-06-24 19:16:38,748 [INFO] [DRY] 글쓰기 스킵 | category=insurance | persona=general
2026-06-24 19:16:38,750 [INFO] 처리 중: 2세미만 영유아 입원진료비 본인부담금 면제
2026-06-24 19:16:38,750 [INFO] [DRY] 글쓰기 스킵 | category=insurance | persona=general
2026-06-24 19:16:38,752 [INFO] 처리 중: 2세미만 영유아 입원진료비 본인부담금 면제
2026-06-24 19:16:38,752 [INFO] [DRY] 글쓰기 스킵 | category=insurance | persona=general
2026-06-24 19:16:38,754 [INFO] 처리 중: 2세미만 영유아 입원진료비 본인부담금 면제
2026-06-24 19:16:38,754 [INFO] [DRY] 글쓰기 스킵 | category=insurance | persona=general
2026-06-24 19:16:38,756 [INFO] 처리 중: 2세미만 영유아 입원진료비 본인부담금 면제
2026-06-24 19:16:38,756 [INFO] [DRY] 글쓰기 스킵 | category=insurance | persona=general
2026-06-24 19:16:38,759 [INFO] 처리 중: 2세미만 영유아 입원진료비 본인부담금 면제
2026-06-24 19:16:38,759 [INFO] [DRY] 글쓰기 스킵 | category=insurance | persona=general
2026-06-24 19:16:38,761 [INFO] 처리 중: 2세미만 영유아 입원진료비 본인부담금 면제
2026-06-24 19:16:38,761 [INFO] [DRY] 글쓰기 스킵 | category=insurance | persona=general
2026-06-24 19:16:38,763 [INFO] 처리 중: 2세미만 영유아 입원진료비 본인부담금 면제
2026-06-24 19:16:38,763 [INFO] [DRY] 글쓰기 스킵 | category=insurance | persona=general
2026-06-24 19:16:38,765 [INFO] 처리 중: 2세미만 영유아 입원진료비 본인부담금 면제
2026-06-24 19:16:38,765 [INFO] [DRY] 글쓰기 스킵 | category=insurance | persona=general
2026-06-24 19:16:38,768 [INFO] 처리 중: 2세미만 영유아 입원진료비 본인부담금 면제
2026-06-24 19:16:38,768 [INFO] [DRY] 글쓰기 스킵 | category=insurance | persona=general
2026-06-24 19:16:38,770 [INFO] 처리 중: 2세미만 영유아 입원진료비 본인부담금 면제
2026-06-24 19:16:38,770 [INFO] [DRY] 글쓰기 스킵 | category=insurance | persona=general
2026-06-24 19:16:38,772 [INFO] 처리 중: 2세미만 영유아 입원진료비 본인부담금 면제
2026-06-24 19:16:38,772 [INFO] [DRY] 글쓰기 스킵 | category=insurance | persona=general
2026-06-24 19:16:38,774 [INFO] 처리 중: 2세미만 영유아 입원진료비 본인부담금 면제
2026-06-24 19:16:38,774 [INFO] [DRY] 글쓰기 스킵 | category=insurance | persona=general
2026-06-24 19:16:38,776 [INFO] 처리 중: 2세미만 영유아 입원진료비 본인부담금 면제
2026-06-24 19:16:38,776 [INFO] [DRY] 글쓰기 스킵 | category=insurance | persona=general
2026-06-24 19:16:38,778 [INFO] 처리 중: 2세미만 영유아 입원진료비 본인부담금 면제
2026-06-24 19:16:38,778 [INFO] [DRY] 글쓰기 스킵 | category=insurance | persona=general
2026-06-24 19:16:38,781 [INFO] 처리 중: 2세미만 영유아 입원진료비 본인부담금 면제
2026-06-24 19:16:38,781 [INFO] [DRY] 글쓰기 스킵 | category=insurance | persona=general
2026-06-24 19:16:38,783 [INFO] 처리 중: 2세미만 영유아 입원진료비 본인부담금 면제
2026-06-24 19:16:38,783 [INFO] [DRY] 글쓰기 스킵 | category=insurance | persona=general
2026-06-24 19:16:38,785 [INFO] 처리 중: 2세미만 영유아 입원진료비 본인부담금 면제
2026-06-24 19:16:38,785 [INFO] [DRY] 글쓰기 스킵 | category=insurance | persona=general
2026-06-24 19:16:38,787 [INFO] 처리 중: 2세미만 영유아 입원진료비 본인부담금 면제
2026-06-24 19:16:38,787 [INFO] [DRY] 글쓰기 스킵 | category=insurance | persona=general
2026-06-24 19:16:38,789 [INFO] 처리 중: 2세미만 영유아 입원진료비 본인부담금 면제
2026-06-24 19:16:38,789 [INFO] [DRY] 글쓰기 스킵 | category=insurance | persona=general
2026-06-24 19:16:38,791 [INFO] 처리 중: 2세미만 영유아 입원진료비 본인부담금 면제
2026-06-24 19:16:38,791 [INFO] [DRY] 글쓰기 스킵 | category=insurance | persona=general
2026-06-24 19:16:38,793 [INFO] 처리 중: 2세미만 영유아 입원진료비 본인부담금 면제
2026-06-24 19:16:38,793 [INFO] [DRY] 글쓰기 스킵 | category=insurance | persona=general
2026-06-24 19:16:38,796 [INFO] 처리 중: 2세미만 영유아 입원진료비 본인부담금 면제
2026-06-24 19:16:38,796 [INFO] [DRY] 글쓰기 스킵 | category=insurance | persona=general
2026-06-24 19:16:38,798 [INFO] 처리 중: 2세미만 영유아 입원진료비 본인부담금 면제
2026-06-24 19:16:38,798 [INFO] [DRY] 글쓰기 스킵 | category=insurance | persona=general
2026-06-24 19:16:38,800 [INFO] 처리 중: 2세미만 영유아 입원진료비 본인부담금 면제
2026-06-24 19:16:38,800 [INFO] [DRY] 글쓰기 스킵 | category=insurance | persona=general
2026-06-24 19:16:38,803 [INFO] 처리 중: 2세미만 영유아 입원진료비 본인부담금 면제
2026-06-24 19:16:38,803 [INFO] [DRY] 글쓰기 스킵 | category=insurance | persona=general
2026-06-24 19:16:38,805 [INFO] 처리 중: 2세미만 영유아 입원진료비 본인부담금 면제
2026-06-24 19:16:38,805 [INFO] [DRY] 글쓰기 스킵 | category=insurance | persona=general
2026-06-24 19:16:38,807 [INFO] 처리 중: 2세미만 영유아 입원진료비 본인부담금 면제
2026-06-24 19:16:38,807 [INFO] [DRY] 글쓰기 스킵 | category=insurance | persona=general
2026-06-24 19:16:38,809 [INFO] 처리 중: 2세미만 영유아 입원진료비 본인부담금 면제
2026-06-24 19:16:38,809 [INFO] [DRY] 글쓰기 스킵 | category=insurance | persona=general
2026-06-24 19:16:38,811 [INFO] 처리 중: 2세미만 영유아 입원진료비 본인부담금 면제
2026-06-24 19:16:38,811 [INFO] [DRY] 글쓰기 스킵 | category=insurance | persona=general
2026-06-24 19:16:38,814 [INFO] 처리 중: 2세미만 영유아 입원진료비 본인부담금 면제
2026-06-24 19:16:38,814 [INFO] [DRY] 글쓰기 스킵 | category=insurance | persona=general
2026-06-24 19:16:38,816 [INFO] 처리 중: 2세미만 영유아 입원진료비 본인부담금 면제
2026-06-24 19:16:38,816 [INFO] [DRY] 글쓰기 스킵 | category=insurance | persona=general
2026-06-24 19:16:38,819 [INFO] 처리 중: 2세미만 영유아 입원진료비 본인부담금 면제
2026-06-24 19:16:38,819 [INFO] [DRY] 글쓰기 스킵 | category=insurance | persona=general
2026-06-24 19:16:38,821 [INFO] 처리 중: 2세미만 영유아 입원진료비 본인부담금 면제
2026-06-24 19:16:38,821 [INFO] [DRY] 글쓰기 스킵 | category=insurance | persona=general
2026-06-24 19:16:38,823 [INFO] 처리 중: 2세미만 영유아 입원진료비 본인부담금 면제
2026-06-24 19:16:38,823 [INFO] [DRY] 글쓰기 스킵 | category=insurance | persona=general
2026-06-24 19:16:38,825 [INFO] 처리 중: 2세미만 영유아 입원진료비 본인부담금 면제
2026-06-24 19:16:38,825 [INFO] [DRY] 글쓰기 스킵 | category=insurance | persona=general
2026-06-24 19:16:38,827 [INFO] 처리 중: 2세미만 영유아 입원진료비 본인부담금 면제
2026-06-24 19:16:38,828 [INFO] [DRY] 글쓰기 스킵 | category=insurance | persona=general
2026-06-24 19:16:38,830 [INFO] 처리 중: 2세미만 영유아 입원진료비 본인부담금 면제
2026-06-24 19:16:38,830 [INFO] [DRY] 글쓰기 스킵 | category=insurance | persona=general
2026-06-24 19:16:38,832 [INFO] 처리 중: 2세미만 영유아 입원진료비 본인부담금 면제
2026-06-24 19:16:38,832 [INFO] [DRY] 글쓰기 스킵 | category=insurance | persona=general
2026-06-24 19:16:38,834 [INFO] 처리 중: 2세미만 영유아 입원진료비 본인부담금 면제
2026-06-24 19:16:38,834 [INFO] [DRY] 글쓰기 스킵 | category=insurance | persona=general
2026-06-24 19:16:38,836 [INFO] 처리 중: 2세미만 영유아 입원진료비 본인부담금 면제
2026-06-24 19:16:38,836 [INFO] [DRY] 글쓰기 스킵 | category=insurance | persona=general
2026-06-24 19:16:38,838 [INFO] 처리 중: 2세미만 영유아 입원진료비 본인부담금 면제
2026-06-24 19:16:38,838 [INFO] [DRY] 글쓰기 스킵 | category=insurance | persona=general
2026-06-24 19:16:38,841 [INFO] 처리 중: 2세미만 영유아 입원진료비 본인부담금 면제
2026-06-24 19:16:38,841 [INFO] [DRY] 글쓰기 스킵 | category=insurance | persona=general
2026-06-24 19:16:38,843 [INFO] 처리 중: 2세미만 영유아 입원진료비 본인부담금 면제
2026-06-24 19:16:38,843 [INFO] [DRY] 글쓰기 스킵 | category=insurance | persona=general
2026-06-24 19:16:38,845 [INFO] 처리 중: 2세미만 영유아 입원진료비 본인부담금 면제
2026-06-24 19:16:38,845 [INFO] [DRY] 글쓰기 스킵 | category=insurance | persona=general
2026-06-24 19:16:38,847 [INFO] 처리 중: 2세미만 영유아 입원진료비 본인부담금 면제
2026-06-24 19:16:38,847 [INFO] [DRY] 글쓰기 스킵 | category=insurance | persona=general
2026-06-24 19:16:38,850 [INFO] 처리 중: 2세미만 영유아 입원진료비 본인부담금 면제
2026-06-24 19:16:38,850 [INFO] [DRY] 글쓰기 스킵 | category=insurance | persona=general
2026-06-24 19:16:38,852 [INFO] 처리 중: 2세미만 영유아 입원진료비 본인부담금 면제
2026-06-24 19:16:38,852 [INFO] [DRY] 글쓰기 스킵 | category=insurance | persona=general
2026-06-24 19:16:38,854 [INFO] 처리 중: 2세미만 영유아 입원진료비 본인부담금 면제
2026-06-24 19:16:38,854 [INFO] [DRY] 글쓰기 스킵 | category=insurance | persona=general
2026-06-24 19:16:38,856 [INFO] 처리 중: 2세미만 영유아 입원진료비 본인부담금 면제
2026-06-24 19:16:38,856 [INFO] [DRY] 글쓰기 스킵 | category=insurance | persona=general
2026-06-24 19:16:38,858 [INFO] 처리 중: 2세미만 영유아 입원진료비 본인부담금 면제
2026-06-24 19:16:38,858 [INFO] [DRY] 글쓰기 스킵 | category=insurance | persona=general
2026-06-24 19:16:38,861 [INFO] 처리 중: 2세미만 영유아 입원진료비 본인부담금 면제
2026-06-24 19:16:38,861 [INFO] [DRY] 글쓰기 스킵 | category=insurance | persona=general
2026-06-24 19:16:38,863 [INFO] 처리 중: 2세미만 영유아 입원진료비 본인부담금 면제
2026-06-24 19:16:38,863 [INFO] [DRY] 글쓰기 스킵 | category=insurance | persona=general
2026-06-24 19:16:38,865 [INFO] 처리 중: 2세미만 영유아 입원진료비 본인부담금 면제
2026-06-24 19:16:38,865 [INFO] [DRY] 글쓰기 스킵 | category=insurance | persona=general
2026-06-24 19:16:38,867 [INFO] 처리 중: 2세미만 영유아 입원진료비 본인부담금 면제
2026-06-24 19:16:38,867 [INFO] [DRY] 글쓰기 스킵 | category=insurance | persona=general
2026-06-24 19:16:38,869 [INFO] 처리 중: 2세미만 영유아 입원진료비 본인부담금 면제
2026-06-24 19:16:38,869 [INFO] [DRY] 글쓰기 스킵 | category=insurance | persona=general
2026-06-24 19:16:38,871 [INFO] 처리 중: 2세미만 영유아 입원진료비 본인부담금 면제
2026-06-24 19:16:38,872 [INFO] [DRY] 글쓰기 스킵 | category=insurance | persona=general
2026-06-24 19:16:38,874 [INFO] 처리 중: 2세미만 영유아 입원진료비 본인부담금 면제
2026-06-24 19:16:38,874 [INFO] [DRY] 글쓰기 스킵 | category=insurance | persona=general
2026-06-24 19:16:38,876 [INFO] 처리 중: 2세미만 영유아 입원진료비 본인부담금 면제
2026-06-24 19:16:38,876 [INFO] [DRY] 글쓰기 스킵 | category=insurance | persona=general
2026-06-24 19:16:38,878 [INFO] 처리 중: 2세미만 영유아 입원진료비 본인부담금 면제
2026-06-24 19:16:38,878 [INFO] [DRY] 글쓰기 스킵 | category=insurance | persona=general
2026-06-24 19:16:38,880 [INFO] 처리 중: 2세미만 영유아 입원진료비 본인부담금 면제
2026-06-24 19:16:38,881 [INFO] [DRY] 글쓰기 스킵 | category=insurance | persona=general
2026-06-24 19:16:38,883 [INFO] 처리 중: 2세미만 영유아 입원진료비 본인부담금 면제
2026-06-24 19:16:38,883 [INFO] [DRY] 글쓰기 스킵 | category=insurance | persona=general
2026-06-24 19:16:38,885 [INFO] 처리 중: 2세미만 영유아 입원진료비 본인부담금 면제
2026-06-24 19:16:38,885 [INFO] [DRY] 글쓰기 스킵 | category=insurance | persona=general
2026-06-24 19:16:38,887 [INFO] 처리 중: 2세미만 영유아 입원진료비 본인부담금 면제
2026-06-24 19:16:38,887 [INFO] [DRY] 글쓰기 스킵 | category=insurance | persona=general
2026-06-24 19:16:38,890 [INFO] 처리 중: 2세미만 영유아 입원진료비 본인부담금 면제
2026-06-24 19:16:38,890 [INFO] [DRY] 글쓰기 스킵 | category=insurance | persona=general
2026-06-24 19:16:38,892 [INFO] 처리 중: 2세미만 영유아 입원진료비 본인부담금 면제
2026-06-24 19:16:38,892 [INFO] [DRY] 글쓰기 스킵 | category=insurance | persona=general
2026-06-24 19:16:38,894 [INFO] 처리 중: 2세미만 영유아 입원진료비 본인부담금 면제
2026-06-24 19:16:38,894 [INFO] [DRY] 글쓰기 스킵 | category=insurance | persona=general
2026-06-24 19:16:38,896 [INFO] 처리 중: 2세미만 영유아 입원진료비 본인부담금 면제
2026-06-24 19:16:38,896 [INFO] [DRY] 글쓰기 스킵 | category=insurance | persona=general
2026-06-24 19:16:38,899 [INFO] 처리 중: 2세미만 영유아 입원진료비 본인부담금 면제
2026-06-24 19:16:38,899 [INFO] [DRY] 글쓰기 스킵 | category=insurance | persona=general
2026-06-24 19:16:38,901 [INFO] 처리 중: 2세미만 영유아 입원진료비 본인부담금 면제
2026-06-24 19:16:38,901 [INFO] [DRY] 글쓰기 스킵 | category=insurance | persona=general
2026-06-24 19:16:38,903 [INFO] 처리 중: 2세미만 영유아 입원진료비 본인부담금 면제
2026-06-24 19:16:38,903 [INFO] [DRY] 글쓰기 스킵 | category=insurance | persona=general
2026-06-24 19:16:38,905 [INFO] 처리 중: 2세미만 영유아 입원진료비 본인부담금 면제
2026-06-24 19:16:38,905 [INFO] [DRY] 글쓰기 스킵 | category=insurance | persona=general
2026-06-24 19:16:38,908 [INFO] 처리 중: 2세미만 영유아 입원진료비 본인부담금 면제
2026-06-24 19:16:38,908 [INFO] [DRY] 글쓰기 스킵 | category=insurance | persona=general
2026-06-24 19:16:38,910 [INFO] 처리 중: 2세미만 영유아 입원진료비 본인부담금 면제
2026-06-24 19:16:38,910 [INFO] [DRY] 글쓰기 스킵 | category=insurance | persona=general
2026-06-24 19:16:38,912 [INFO] 처리 중: 2세미만 영유아 입원진료비 본인부담금 면제
2026-06-24 19:16:38,912 [INFO] [DRY] 글쓰기 스킵 | category=insurance | persona=general
2026-06-24 19:16:38,914 [INFO] 처리 중: 2세미만 영유아 입원진료비 본인부담금 면제
2026-06-24 19:16:38,914 [INFO] [DRY] 글쓰기 스킵 | category=insurance | persona=general
2026-06-24 19:16:38,916 [INFO] 처리 중: 2세미만 영유아 입원진료비 본인부담금 면제
2026-06-24 19:16:38,916 [INFO] [DRY] 글쓰기 스킵 | category=insurance | persona=general
2026-06-24 19:16:38,918 [INFO] 처리 중: 2세미만 영유아 입원진료비 본인부담금 면제
2026-06-24 19:16:38,918 [INFO] [DRY] 글쓰기 스킵 | category=insurance | persona=general
2026-06-24 19:16:38,921 [INFO] 처리 중: 2세미만 영유아 입원진료비 본인부담금 면제
2026-06-24 19:16:38,921 [INFO] [DRY] 글쓰기 스킵 | category=insurance | persona=general
2026-06-24 19:16:38,923 [INFO] 처리 중: 2세미만 영유아 입원진료비 본인부담금 면제
2026-06-24 19:16:38,923 [INFO] [DRY] 글쓰기 스킵 | category=insurance | persona=general
2026-06-24 19:16:38,925 [INFO] 처리 중: 2세미만 영유아 입원진료비 본인부담금 면제
2026-06-24 19:16:38,926 [INFO] [DRY] 글쓰기 스킵 | category=insurance | persona=general
2026-06-24 19:16:38,928 [INFO] 처리 중: 2세미만 영유아 입원진료비 본인부담금 면제
2026-06-24 19:16:38,928 [INFO] [DRY] 글쓰기 스킵 | category=insurance | persona=general
2026-06-24 19:16:38,930 [INFO] 처리 중: 2세미만 영유아 입원진료비 본인부담금 면제
2026-06-24 19:16:38,930 [INFO] [DRY] 글쓰기 스킵 | category=insurance | persona=general
2026-06-24 19:16:38,932 [INFO] 처리 중: 2세미만 영유아 입원진료비 본인부담금 면제
2026-06-24 19:16:38,932 [INFO] [DRY] 글쓰기 스킵 | category=insurance | persona=general
2026-06-24 19:16:38,934 [INFO] 처리 중: 2세미만 영유아 입원진료비 본인부담금 면제
2026-06-24 19:16:38,934 [INFO] [DRY] 글쓰기 스킵 | category=insurance | persona=general
2026-06-24 19:16:38,937 [INFO] 처리 중: 2세미만 영유아 입원진료비 본인부담금 면제
2026-06-24 19:16:38,937 [INFO] [DRY] 글쓰기 스킵 | category=insurance | persona=general
2026-06-24 19:16:38,939 [INFO] 처리 중: 2세미만 영유아 입원진료비 본인부담금 면제
2026-06-24 19:16:38,939 [INFO] [DRY] 글쓰기 스킵 | category=insurance | persona=general
2026-06-24 19:16:38,941 [INFO] 처리 중: 2세미만 영유아 입원진료비 본인부담금 면제
2026-06-24 19:16:38,941 [INFO] [DRY] 글쓰기 스킵 | category=insurance | persona=general
2026-06-24 19:16:38,944 [INFO] 처리 중: 2세미만 영유아 입원진료비 본인부담금 면제
2026-06-24 19:16:38,944 [INFO] [DRY] 글쓰기 스킵 | category=insurance | persona=general
2026-06-24 19:16:38,946 [INFO] 처리 중: 2세미만 영유아 입원진료비 본인부담금 면제
2026-06-24 19:16:38,946 [INFO] [DRY] 글쓰기 스킵 | category=insurance | persona=general
2026-06-24 19:16:38,948 [INFO] 처리 중: 2세미만 영유아 입원진료비 본인부담금 면제
2026-06-24 19:16:38,948 [INFO] [DRY] 글쓰기 스킵 | category=insurance | persona=general
2026-06-24 19:16:38,950 [INFO] 처리 중: 2세미만 영유아 입원진료비 본인부담금 면제
2026-06-24 19:16:38,950 [INFO] [DRY] 글쓰기 스킵 | category=insurance | persona=general
2026-06-24 19:16:38,952 [INFO] 처리 중: 2세미만 영유아 입원진료비 본인부담금 면제
2026-06-24 19:16:38,952 [INFO] [DRY] 글쓰기 스킵 | category=insurance | persona=general
2026-06-24 19:16:38,954 [INFO] 처리 중: 2세미만 영유아 입원진료비 본인부담금 면제
2026-06-24 19:16:38,954 [INFO] [DRY] 글쓰기 스킵 | category=insurance | persona=general
2026-06-24 19:16:38,957 [INFO] 처리 중: 2세미만 영유아 입원진료비 본인부담금 면제
2026-06-24 19:16:38,957 [INFO] [DRY] 글쓰기 스킵 | category=insurance | persona=general
2026-06-24 19:16:38,959 [INFO] 처리 중: 2세미만 영유아 입원진료비 본인부담금 면제
2026-06-24 19:16:38,959 [INFO] [DRY] 글쓰기 스킵 | category=insurance | persona=general
2026-06-24 19:16:38,962 [INFO] 처리 중: 2세미만 영유아 입원진료비 본인부담금 면제
2026-06-24 19:16:38,962 [INFO] [DRY] 글쓰기 스킵 | category=insurance | persona=general
2026-06-24 19:16:38,966 [INFO] 처리 중: 2세미만 영유아 입원진료비 본인부담금 면제
2026-06-24 19:16:38,966 [INFO] [DRY] 글쓰기 스킵 | category=insurance | persona=general
2026-06-24 19:16:38,977 [INFO] 처리 중: 2세미만 영유아 입원진료비 본인부담금 면제
2026-06-24 19:16:38,977 [INFO] [DRY] 글쓰기 스킵 | category=insurance | persona=general
2026-06-24 19:16:38,981 [INFO] 처리 중: 2세미만 영유아 입원진료비 본인부담금 면제
2026-06-24 19:16:38,981 [INFO] [DRY] 글쓰기 스킵 | category=insurance | persona=general
2026-06-24 19:16:38,984 [INFO] 처리 중: 2세미만 영유아 입원진료비 본인부담금 면제
2026-06-24 19:16:38,984 [INFO] [DRY] 글쓰기 스킵 | category=insurance | persona=general
2026-06-24 19:16:38,986 [INFO] 처리 중: 2세미만 영유아 입원진료비 본인부담금 면제
2026-06-24 19:16:38,986 [INFO] [DRY] 글쓰기 스킵 | category=insurance | persona=general
2026-06-24 19:16:38,988 [INFO] 처리 중: 2세미만 영유아 입원진료비 본인부담금 면제
2026-06-24 19:16:38,988 [INFO] [DRY] 글쓰기 스킵 | category=insurance | persona=general
2026-06-24 19:16:38,990 [INFO] 처리 중: 2세미만 영유아 입원진료비 본인부담금 면제
2026-06-24 19:16:38,990 [INFO] [DRY] 글쓰기 스킵 | category=insurance | persona=general
2026-06-24 19:16:38,993 [INFO] 처리 중: 2세미만 영유아 입원진료비 본인부담금 면제
2026-06-24 19:16:38,993 [INFO] [DRY] 글쓰기 스킵 | category=insurance | persona=general
2026-06-24 19:16:38,995 [INFO] 처리 중: 2세미만 영유아 입원진료비 본인부담금 면제
2026-06-24 19:16:38,995 [INFO] [DRY] 글쓰기 스킵 | category=insurance | persona=general
2026-06-24 19:16:38,998 [INFO] 처리 중: 2세미만 영유아 입원진료비 본인부담금 면제
2026-06-24 19:16:38,998 [INFO] [DRY] 글쓰기 스킵 | category=insurance | persona=general
2026-06-24 19:16:39,000 [INFO] 처리 중: 2세미만 영유아 입원진료비 본인부담금 면제
2026-06-24 19:16:39,000 [INFO] [DRY] 글쓰기 스킵 | category=insurance | persona=general
2026-06-24 19:16:39,002 [INFO] 처리 중: 2세미만 영유아 입원진료비 본인부담금 면제
2026-06-24 19:16:39,002 [INFO] [DRY] 글쓰기 스킵 | category=insurance | persona=general
2026-06-24 19:16:39,005 [INFO] 처리 중: 2세미만 영유아 입원진료비 본인부담금 면제
2026-06-24 19:16:39,005 [INFO] [DRY] 글쓰기 스킵 | category=insurance | persona=general
2026-06-24 19:16:39,007 [INFO] 처리 중: 2세미만 영유아 입원진료비 본인부담금 면제
2026-06-24 19:16:39,007 [INFO] [DRY] 글쓰기 스킵 | category=insurance | persona=general
2026-06-24 19:16:39,009 [INFO] 처리 중: 2세미만 영유아 입원진료비 본인부담금 면제
2026-06-24 19:16:39,009 [INFO] [DRY] 글쓰기 스킵 | category=insurance | persona=general
2026-06-24 19:16:39,011 [INFO] 처리 중: 2세미만 영유아 입원진료비 본인부담금 면제
2026-06-24 19:16:39,011 [INFO] [DRY] 글쓰기 스킵 | category=insurance | persona=general
2026-06-24 19:16:39,013 [INFO] 처리 중: 2세미만 영유아 입원진료비 본인부담금 면제
2026-06-24 19:16:39,014 [INFO] [DRY] 글쓰기 스킵 | category=insurance | persona=general
2026-06-24 19:16:39,016 [INFO] 처리 중: 2세미만 영유아 입원진료비 본인부담금 면제
2026-06-24 19:16:39,016 [INFO] [DRY] 글쓰기 스킵 | category=insurance | persona=general
2026-06-24 19:16:39,018 [INFO] 처리 중: 2세미만 영유아 입원진료비 본인부담금 면제
2026-06-24 19:16:39,018 [INFO] [DRY] 글쓰기 스킵 | category=insurance | persona=general
2026-06-24 19:16:39,020 [INFO] 처리 중: 2세미만 영유아 입원진료비 본인부담금 면제
2026-06-24 19:16:39,020 [INFO] [DRY] 글쓰기 스킵 | category=insurance | persona=general
2026-06-24 19:16:39,022 [INFO] 처리 중: 2세미만 영유아 입원진료비 본인부담금 면제
2026-06-24 19:16:39,022 [INFO] [DRY] 글쓰기 스킵 | category=insurance | persona=general
2026-06-24 19:16:39,024 [INFO] 처리 중: 2세미만 영유아 입원진료비 본인부담금 면제
2026-06-24 19:16:39,024 [INFO] [DRY] 글쓰기 스킵 | category=insurance | persona=general
2026-06-24 19:16:39,026 [INFO] 처리 중: 2세미만 영유아 입원진료비 본인부담금 면제
2026-06-24 19:16:39,026 [INFO] [DRY] 글쓰기 스킵 | category=insurance | persona=general
2026-06-24 19:16:39,029 [INFO] 처리 중: 2세미만 영유아 입원진료비 본인부담금 면제
2026-06-24 19:16:39,029 [INFO] [DRY] 글쓰기 스킵 | category=insurance | persona=general
2026-06-24 19:16:39,031 [INFO] 처리 중: 2세미만 영유아 입원진료비 본인부담금 면제
2026-06-24 19:16:39,031 [INFO] [DRY] 글쓰기 스킵 | category=insurance | persona=general
2026-06-24 19:16:39,033 [INFO] 처리 중: 2세미만 영유아 입원진료비 본인부담금 면제
2026-06-24 19:16:39,033 [INFO] [DRY] 글쓰기 스킵 | category=insurance | persona=general
2026-06-24 19:16:39,035 [INFO] 처리 중: 2세미만 영유아 입원진료비 본인부담금 면제
2026-06-24 19:16:39,035 [INFO] [DRY] 글쓰기 스킵 | category=insurance | persona=general
2026-06-24 19:16:39,037 [INFO] 처리 중: 2세미만 영유아 입원진료비 본인부담금 면제
2026-06-24 19:16:39,037 [INFO] [DRY] 글쓰기 스킵 | category=insurance | persona=general
2026-06-24 19:16:39,039 [INFO] 처리 중: 2세미만 영유아 입원진료비 본인부담금 면제
2026-06-24 19:16:39,039 [INFO] [DRY] 글쓰기 스킵 | category=insurance | persona=general
2026-06-24 19:16:39,042 [INFO] 처리 중: 2세미만 영유아 입원진료비 본인부담금 면제
2026-06-24 19:16:39,042 [INFO] [DRY] 글쓰기 스킵 | category=insurance | persona=general
2026-06-24 19:16:39,044 [INFO] 처리 중: 2세미만 영유아 입원진료비 본인부담금 면제
2026-06-24 19:16:39,044 [INFO] [DRY] 글쓰기 스킵 | category=insurance | persona=general
2026-06-24 19:16:39,046 [INFO] 처리 중: 2세미만 영유아 입원진료비 본인부담금 면제
2026-06-24 19:16:39,046 [INFO] [DRY] 글쓰기 스킵 | category=insurance | persona=general
2026-06-24 19:16:39,048 [INFO] 처리 중: 2세미만 영유아 입원진료비 본인부담금 면제
2026-06-24 19:16:39,048 [INFO] [DRY] 글쓰기 스킵 | category=insurance | persona=general
2026-06-24 19:16:39,051 [INFO] 처리 중: 2세미만 영유아 입원진료비 본인부담금 면제
2026-06-24 19:16:39,051 [INFO] [DRY] 글쓰기 스킵 | category=insurance | persona=general
2026-06-24 19:16:39,053 [INFO] 처리 중: 2세미만 영유아 입원진료비 본인부담금 면제
2026-06-24 19:16:39,053 [INFO] [DRY] 글쓰기 스킵 | category=insurance | persona=general
2026-06-24 19:16:39,055 [INFO] 처리 중: 2세미만 영유아 입원진료비 본인부담금 면제
2026-06-24 19:16:39,055 [INFO] [DRY] 글쓰기 스킵 | category=insurance | persona=general
2026-06-24 19:16:39,057 [INFO] 처리 중: 2세미만 영유아 입원진료비 본인부담금 면제
2026-06-24 19:16:39,057 [INFO] [DRY] 글쓰기 스킵 | category=insurance | persona=general
2026-06-24 19:16:39,060 [INFO] 처리 중: 2세미만 영유아 입원진료비 본인부담금 면제
2026-06-24 19:16:39,060 [INFO] [DRY] 글쓰기 스킵 | category=insurance | persona=general
2026-06-24 19:16:39,062 [INFO] 처리 중: 2세미만 영유아 입원진료비 본인부담금 면제
2026-06-24 19:16:39,062 [INFO] [DRY] 글쓰기 스킵 | category=insurance | persona=general
2026-06-24 19:16:39,065 [INFO] 처리 중: 2세미만 영유아 입원진료비 본인부담금 면제
2026-06-24 19:16:39,065 [INFO] [DRY] 글쓰기 스킵 | category=insurance | persona=general
2026-06-24 19:16:39,067 [INFO] 처리 중: 2세미만 영유아 입원진료비 본인부담금 면제
2026-06-24 19:16:39,067 [INFO] [DRY] 글쓰기 스킵 | category=insurance | persona=general
2026-06-24 19:16:39,069 [INFO] 처리 중: 2세미만 영유아 입원진료비 본인부담금 면제
2026-06-24 19:16:39,069 [INFO] [DRY] 글쓰기 스킵 | category=insurance | persona=general
2026-06-24 19:16:39,071 [INFO] 처리 중: 2세미만 영유아 입원진료비 본인부담금 면제
2026-06-24 19:16:39,071 [INFO] [DRY] 글쓰기 스킵 | category=insurance | persona=general
2026-06-24 19:16:39,074 [INFO] 처리 중: 2세미만 영유아 입원진료비 본인부담금 면제
2026-06-24 19:16:39,074 [INFO] [DRY] 글쓰기 스킵 | category=insurance | persona=general
2026-06-24 19:16:39,076 [INFO] 처리 중: 2세미만 영유아 입원진료비 본인부담금 면제
2026-06-24 19:16:39,076 [INFO] [DRY] 글쓰기 스킵 | category=insurance | persona=general
2026-06-24 19:16:39,078 [INFO] 처리 중: 2세미만 영유아 입원진료비 본인부담금 면제
2026-06-24 19:16:39,078 [INFO] [DRY] 글쓰기 스킵 | category=insurance | persona=general
2026-06-24 19:16:39,080 [INFO] 처리 중: 2세미만 영유아 입원진료비 본인부담금 면제
2026-06-24 19:16:39,080 [INFO] [DRY] 글쓰기 스킵 | category=insurance | persona=general
2026-06-24 19:16:39,082 [INFO] 처리 중: 2세미만 영유아 입원진료비 본인부담금 면제
2026-06-24 19:16:39,082 [INFO] [DRY] 글쓰기 스킵 | category=insurance | persona=general
2026-06-24 19:16:39,085 [INFO] 처리 중: 2세미만 영유아 입원진료비 본인부담금 면제
2026-06-24 19:16:39,085 [INFO] [DRY] 글쓰기 스킵 | category=insurance | persona=general
2026-06-24 19:16:39,087 [INFO] 처리 중: 2세미만 영유아 입원진료비 본인부담금 면제
2026-06-24 19:16:39,087 [INFO] [DRY] 글쓰기 스킵 | category=insurance | persona=general
2026-06-24 19:16:39,089 [INFO] 처리 중: 2세미만 영유아 입원진료비 본인부담금 면제
2026-06-24 19:16:39,089 [INFO] [DRY] 글쓰기 스킵 | category=insurance | persona=general
2026-06-24 19:16:39,091 [INFO] 처리 중: 2세미만 영유아 입원진료비 본인부담금 면제
2026-06-24 19:16:39,091 [INFO] [DRY] 글쓰기 스킵 | category=insurance | persona=general
2026-06-24 19:16:39,093 [INFO] 처리 중: 2세미만 영유아 입원진료비 본인부담금 면제
2026-06-24 19:16:39,093 [INFO] [DRY] 글쓰기 스킵 | category=insurance | persona=general
2026-06-24 19:16:39,096 [INFO] 처리 중: 2세미만 영유아 입원진료비 본인부담금 면제
2026-06-24 19:16:39,096 [INFO] [DRY] 글쓰기 스킵 | category=insurance | persona=general
2026-06-24 19:16:39,098 [INFO] 처리 중: 2세미만 영유아 입원진료비 본인부담금 면제
2026-06-24 19:16:39,098 [INFO] [DRY] 글쓰기 스킵 | category=insurance | persona=general
2026-06-24 19:16:39,100 [INFO] 처리 중: 2세미만 영유아 입원진료비 본인부담금 면제
2026-06-24 19:16:39,100 [INFO] [DRY] 글쓰기 스킵 | category=insurance | persona=general
2026-06-24 19:16:39,103 [INFO] 처리 중: 2세미만 영유아 입원진료비 본인부담금 면제
2026-06-24 19:16:39,103 [INFO] [DRY] 글쓰기 스킵 | category=insurance | persona=general
2026-06-24 19:16:39,105 [INFO] 처리 중: 2세미만 영유아 입원진료비 본인부담금 면제
2026-06-24 19:16:39,105 [INFO] [DRY] 글쓰기 스킵 | category=insurance | persona=general
2026-06-24 19:16:39,107 [INFO] 처리 중: 2세미만 영유아 입원진료비 본인부담금 면제
2026-06-24 19:16:39,107 [INFO] [DRY] 글쓰기 스킵 | category=insurance | persona=general
2026-06-24 19:16:39,109 [INFO] 처리 중: 2세미만 영유아 입원진료비 본인부담금 면제
2026-06-24 19:16:39,109 [INFO] [DRY] 글쓰기 스킵 | category=insurance | persona=general
2026-06-24 19:16:39,111 [INFO] 처리 중: 2세미만 영유아 입원진료비 본인부담금 면제
2026-06-24 19:16:39,111 [INFO] [DRY] 글쓰기 스킵 | category=insurance | persona=general
2026-06-24 19:16:39,111 [INFO] 발행 없음
2026-06-24 19:16:39,111 [INFO] 파이프라인 종료 2026-06-24 19:16:39
2026-06-24 19:16:39,111 [INFO] 스케줄러 정상 종료
2026-06-24 19:16:45,205 [INFO] [DRY-RUN] 스케줄러 시작
2026-06-24 19:16:45,546 [INFO] 파이프라인 시작 2026-06-24 19:16:45
2026-06-24 19:16:45,546 [INFO] 오늘 65건 발행됨, 934건 남음
2026-06-24 19:16:45,550 [INFO] 처리 중: 2세미만 영유아 입원진료비 본인부담금 면제
2026-06-24 19:16:45,550 [INFO] [DRY] 글쓰기 스킵 | category=insurance | persona=general
2026-06-24 19:16:45,552 [INFO] 처리 중: 2세미만 영유아 입원진료비 본인부담금 면제
2026-06-24 19:16:45,552 [INFO] [DRY] 글쓰기 스킵 | category=insurance | persona=general
2026-06-24 19:16:45,554 [INFO] 처리 중: 2세미만 영유아 입원진료비 본인부담금 면제
2026-06-24 19:16:45,554 [INFO] [DRY] 글쓰기 스킵 | category=insurance | persona=general
2026-06-24 19:16:45,556 [INFO] 처리 중: 2세미만 영유아 입원진료비 본인부담금 면제
2026-06-24 19:16:45,556 [INFO] [DRY] 글쓰기 스킵 | category=insurance | persona=general
2026-06-24 19:16:45,558 [INFO] 처리 중: 2세미만 영유아 입원진료비 본인부담금 면제
2026-06-24 19:16:45,559 [INFO] [DRY] 글쓰기 스킵 | category=insurance | persona=general
2026-06-24 19:16:45,561 [INFO] 처리 중: 2세미만 영유아 입원진료비 본인부담금 면제
2026-06-24 19:16:45,561 [INFO] [DRY] 글쓰기 스킵 | category=insurance | persona=general
2026-06-24 19:16:45,563 [INFO] 처리 중: 2세미만 영유아 입원진료비 본인부담금 면제
2026-06-24 19:16:45,563 [INFO] [DRY] 글쓰기 스킵 | category=insurance | persona=general
2026-06-24 19:16:45,566 [INFO] 처리 중: 2세미만 영유아 입원진료비 본인부담금 면제
2026-06-24 19:16:45,566 [INFO] [DRY] 글쓰기 스킵 | category=insurance | persona=general
2026-06-24 19:16:45,568 [INFO] 처리 중: 2세미만 영유아 입원진료비 본인부담금 면제
2026-06-24 19:16:45,568 [INFO] [DRY] 글쓰기 스킵 | category=insurance | persona=general
2026-06-24 19:16:45,570 [INFO] 처리 중: 2세미만 영유아 입원진료비 본인부담금 면제
2026-06-24 19:16:45,570 [INFO] [DRY] 글쓰기 스킵 | category=insurance | persona=general
2026-06-24 19:16:45,573 [INFO] 처리 중: 2세미만 영유아 입원진료비 본인부담금 면제
2026-06-24 19:16:45,573 [INFO] [DRY] 글쓰기 스킵 | category=insurance | persona=general
2026-06-24 19:16:45,575 [INFO] 처리 중: 2세미만 영유아 입원진료비 본인부담금 면제
2026-06-24 19:16:45,575 [INFO] [DRY] 글쓰기 스킵 | category=insurance | persona=general
2026-06-24 19:16:45,577 [INFO] 처리 중: 2세미만 영유아 입원진료비 본인부담금 면제
2026-06-24 19:16:45,577 [INFO] [DRY] 글쓰기 스킵 | category=insurance | persona=general
2026-06-24 19:16:45,580 [INFO] 처리 중: 2세미만 영유아 입원진료비 본인부담금 면제
2026-06-24 19:16:45,580 [INFO] [DRY] 글쓰기 스킵 | category=insurance | persona=general
2026-06-24 19:16:45,582 [INFO] 처리 중: 2세미만 영유아 입원진료비 본인부담금 면제
2026-06-24 19:16:45,582 [INFO] [DRY] 글쓰기 스킵 | category=insurance | persona=general
2026-06-24 19:16:45,584 [INFO] 처리 중: 2세미만 영유아 입원진료비 본인부담금 면제
2026-06-24 19:16:45,584 [INFO] [DRY] 글쓰기 스킵 | category=insurance | persona=general
2026-06-24 19:16:45,586 [INFO] 처리 중: 2세미만 영유아 입원진료비 본인부담금 면제
2026-06-24 19:16:45,587 [INFO] [DRY] 글쓰기 스킵 | category=insurance | persona=general
2026-06-24 19:16:45,589 [INFO] 처리 중: 2세미만 영유아 입원진료비 본인부담금 면제
2026-06-24 19:16:45,589 [INFO] [DRY] 글쓰기 스킵 | category=insurance | persona=general
2026-06-24 19:16:45,591 [INFO] 처리 중: 2세미만 영유아 입원진료비 본인부담금 면제
2026-06-24 19:16:45,591 [INFO] [DRY] 글쓰기 스킵 | category=insurance | persona=general
2026-06-24 19:16:45,593 [INFO] 처리 중: 2세미만 영유아 입원진료비 본인부담금 면제
2026-06-24 19:16:45,593 [INFO] [DRY] 글쓰기 스킵 | category=insurance | persona=general
2026-06-24 19:16:45,595 [INFO] 처리 중: 2세미만 영유아 입원진료비 본인부담금 면제
2026-06-24 19:16:45,595 [INFO] [DRY] 글쓰기 스킵 | category=insurance | persona=general
2026-06-24 19:16:45,598 [INFO] 처리 중: 2세미만 영유아 입원진료비 본인부담금 면제
2026-06-24 19:16:45,598 [INFO] [DRY] 글쓰기 스킵 | category=insurance | persona=general
2026-06-24 19:16:45,600 [INFO] 처리 중: 2세미만 영유아 입원진료비 본인부담금 면제
2026-06-24 19:16:45,600 [INFO] [DRY] 글쓰기 스킵 | category=insurance | persona=general
2026-06-24 19:16:45,603 [INFO] 처리 중: 2세미만 영유아 입원진료비 본인부담금 면제
2026-06-24 19:16:45,603 [INFO] [DRY] 글쓰기 스킵 | category=insurance | persona=general
2026-06-24 19:16:45,605 [INFO] 처리 중: 2세미만 영유아 입원진료비 본인부담금 면제
2026-06-24 19:16:45,605 [INFO] [DRY] 글쓰기 스킵 | category=insurance | persona=general
2026-06-24 19:16:45,607 [INFO] 처리 중: 2세미만 영유아 입원진료비 본인부담금 면제
2026-06-24 19:16:45,607 [INFO] [DRY] 글쓰기 스킵 | category=insurance | persona=general
2026-06-24 19:16:45,609 [INFO] 처리 중: 2세미만 영유아 입원진료비 본인부담금 면제
2026-06-24 19:16:45,609 [INFO] [DRY] 글쓰기 스킵 | category=insurance | persona=general
2026-06-24 19:16:45,611 [INFO] 처리 중: 2세미만 영유아 입원진료비 본인부담금 면제
2026-06-24 19:16:45,611 [INFO] [DRY] 글쓰기 스킵 | category=insurance | persona=general
2026-06-24 19:16:45,614 [INFO] 처리 중: 2세미만 영유아 입원진료비 본인부담금 면제
2026-06-24 19:16:45,614 [INFO] [DRY] 글쓰기 스킵 | category=insurance | persona=general
2026-06-24 19:16:45,616 [INFO] 처리 중: 2세미만 영유아 입원진료비 본인부담금 면제
2026-06-24 19:16:45,617 [INFO] [DRY] 글쓰기 스킵 | category=insurance | persona=general
2026-06-24 19:16:45,619 [INFO] 처리 중: 2세미만 영유아 입원진료비 본인부담금 면제
2026-06-24 19:16:45,619 [INFO] [DRY] 글쓰기 스킵 | category=insurance | persona=general
2026-06-24 19:16:45,621 [INFO] 처리 중: 2세미만 영유아 입원진료비 본인부담금 면제
2026-06-24 19:16:45,621 [INFO] [DRY] 글쓰기 스킵 | category=insurance | persona=general
2026-06-24 19:16:45,623 [INFO] 처리 중: 2세미만 영유아 입원진료비 본인부담금 면제
2026-06-24 19:16:45,623 [INFO] [DRY] 글쓰기 스킵 | category=insurance | persona=general
2026-06-24 19:16:45,625 [INFO] 처리 중: 2세미만 영유아 입원진료비 본인부담금 면제
2026-06-24 19:16:45,625 [INFO] [DRY] 글쓰기 스킵 | category=insurance | persona=general
2026-06-24 19:16:45,627 [INFO] 처리 중: 2세미만 영유아 입원진료비 본인부담금 면제
2026-06-24 19:16:45,627 [INFO] [DRY] 글쓰기 스킵 | category=insurance | persona=general
2026-06-24 19:16:45,629 [INFO] 처리 중: 2세미만 영유아 입원진료비 본인부담금 면제
2026-06-24 19:16:45,629 [INFO] [DRY] 글쓰기 스킵 | category=insurance | persona=general
2026-06-24 19:16:45,632 [INFO] 처리 중: 2세미만 영유아 입원진료비 본인부담금 면제
2026-06-24 19:16:45,632 [INFO] [DRY] 글쓰기 스킵 | category=insurance | persona=general
2026-06-24 19:16:45,634 [INFO] 처리 중: 2세미만 영유아 입원진료비 본인부담금 면제
2026-06-24 19:16:45,634 [INFO] [DRY] 글쓰기 스킵 | category=insurance | persona=general
2026-06-24 19:16:45,636 [INFO] 처리 중: 2세미만 영유아 입원진료비 본인부담금 면제
2026-06-24 19:16:45,636 [INFO] [DRY] 글쓰기 스킵 | category=insurance | persona=general
2026-06-24 19:16:45,638 [INFO] 처리 중: 2세미만 영유아 입원진료비 본인부담금 면제
2026-06-24 19:16:45,638 [INFO] [DRY] 글쓰기 스킵 | category=insurance | persona=general
2026-06-24 19:16:45,640 [INFO] 처리 중: 2세미만 영유아 입원진료비 본인부담금 면제
2026-06-24 19:16:45,640 [INFO] [DRY] 글쓰기 스킵 | category=insurance | persona=general
2026-06-24 19:16:45,642 [INFO] 처리 중: 2세미만 영유아 입원진료비 본인부담금 면제
2026-06-24 19:16:45,642 [INFO] [DRY] 글쓰기 스킵 | category=insurance | persona=general
2026-06-24 19:16:45,644 [INFO] 처리 중: 2세미만 영유아 입원진료비 본인부담금 면제
2026-06-24 19:16:45,644 [INFO] [DRY] 글쓰기 스킵 | category=insurance | persona=general
2026-06-24 19:16:45,646 [INFO] 처리 중: 2세미만 영유아 입원진료비 본인부담금 면제
2026-06-24 19:16:45,646 [INFO] [DRY] 글쓰기 스킵 | category=insurance | persona=general
2026-06-24 19:16:45,649 [INFO] 처리 중: 2세미만 영유아 입원진료비 본인부담금 면제
2026-06-24 19:16:45,649 [INFO] [DRY] 글쓰기 스킵 | category=insurance | persona=general
2026-06-24 19:16:45,651 [INFO] 처리 중: 2세미만 영유아 입원진료비 본인부담금 면제
2026-06-24 19:16:45,651 [INFO] [DRY] 글쓰기 스킵 | category=insurance | persona=general
2026-06-24 19:16:45,653 [INFO] 처리 중: 2세미만 영유아 입원진료비 본인부담금 면제
2026-06-24 19:16:45,653 [INFO] [DRY] 글쓰기 스킵 | category=insurance | persona=general
2026-06-24 19:16:45,656 [INFO] 처리 중: 2세미만 영유아 입원진료비 본인부담금 면제
2026-06-24 19:16:45,656 [INFO] [DRY] 글쓰기 스킵 | category=insurance | persona=general
2026-06-24 19:16:45,658 [INFO] 처리 중: 2세미만 영유아 입원진료비 본인부담금 면제
2026-06-24 19:16:45,658 [INFO] [DRY] 글쓰기 스킵 | category=insurance | persona=general
2026-06-24 19:16:45,660 [INFO] 처리 중: 2세미만 영유아 입원진료비 본인부담금 면제
2026-06-24 19:16:45,660 [INFO] [DRY] 글쓰기 스킵 | category=insurance | persona=general
2026-06-24 19:16:45,663 [INFO] 처리 중: 2세미만 영유아 입원진료비 본인부담금 면제
2026-06-24 19:16:45,663 [INFO] [DRY] 글쓰기 스킵 | category=insurance | persona=general
2026-06-24 19:16:45,665 [INFO] 처리 중: 2세미만 영유아 입원진료비 본인부담금 면제
2026-06-24 19:16:45,665 [INFO] [DRY] 글쓰기 스킵 | category=insurance | persona=general
2026-06-24 19:16:45,667 [INFO] 처리 중: 2세미만 영유아 입원진료비 본인부담금 면제
2026-06-24 19:16:45,667 [INFO] [DRY] 글쓰기 스킵 | category=insurance | persona=general
2026-06-24 19:16:45,669 [INFO] 처리 중: 2세미만 영유아 입원진료비 본인부담금 면제
2026-06-24 19:16:45,669 [INFO] [DRY] 글쓰기 스킵 | category=insurance | persona=general
2026-06-24 19:16:45,672 [INFO] 처리 중: 2세미만 영유아 입원진료비 본인부담금 면제
2026-06-24 19:16:45,672 [INFO] [DRY] 글쓰기 스킵 | category=insurance | persona=general
2026-06-24 19:16:45,674 [INFO] 처리 중: 2세미만 영유아 입원진료비 본인부담금 면제
2026-06-24 19:16:45,674 [INFO] [DRY] 글쓰기 스킵 | category=insurance | persona=general
2026-06-24 19:16:45,677 [INFO] 처리 중: 2세미만 영유아 입원진료비 본인부담금 면제
2026-06-24 19:16:45,677 [INFO] [DRY] 글쓰기 스킵 | category=insurance | persona=general
2026-06-24 19:16:45,680 [INFO] 처리 중: 2세미만 영유아 입원진료비 본인부담금 면제
2026-06-24 19:16:45,680 [INFO] [DRY] 글쓰기 스킵 | category=insurance | persona=general
2026-06-24 19:16:45,683 [INFO] 처리 중: 2세미만 영유아 입원진료비 본인부담금 면제
2026-06-24 19:16:45,683 [INFO] [DRY] 글쓰기 스킵 | category=insurance | persona=general
2026-06-24 19:16:45,686 [INFO] 처리 중: 2세미만 영유아 입원진료비 본인부담금 면제
2026-06-24 19:16:45,686 [INFO] [DRY] 글쓰기 스킵 | category=insurance | persona=general
2026-06-24 19:16:45,688 [INFO] 처리 중: 2세미만 영유아 입원진료비 본인부담금 면제
2026-06-24 19:16:45,688 [INFO] [DRY] 글쓰기 스킵 | category=insurance | persona=general
2026-06-24 19:16:45,691 [INFO] 처리 중: 2세미만 영유아 입원진료비 본인부담금 면제
2026-06-24 19:16:45,691 [INFO] [DRY] 글쓰기 스킵 | category=insurance | persona=general
2026-06-24 19:16:45,693 [INFO] 처리 중: 2세미만 영유아 입원진료비 본인부담금 면제
2026-06-24 19:16:45,694 [INFO] [DRY] 글쓰기 스킵 | category=insurance | persona=general
2026-06-24 19:16:45,696 [INFO] 처리 중: 2세미만 영유아 입원진료비 본인부담금 면제
2026-06-24 19:16:45,696 [INFO] [DRY] 글쓰기 스킵 | category=insurance | persona=general
2026-06-24 19:16:45,699 [INFO] 처리 중: 2세미만 영유아 입원진료비 본인부담금 면제
2026-06-24 19:16:45,699 [INFO] [DRY] 글쓰기 스킵 | category=insurance | persona=general
2026-06-24 19:16:45,702 [INFO] 처리 중: 2세미만 영유아 입원진료비 본인부담금 면제
2026-06-24 19:16:45,702 [INFO] [DRY] 글쓰기 스킵 | category=insurance | persona=general
2026-06-24 19:16:45,704 [INFO] 처리 중: 2세미만 영유아 입원진료비 본인부담금 면제
2026-06-24 19:16:45,704 [INFO] [DRY] 글쓰기 스킵 | category=insurance | persona=general
2026-06-24 19:16:45,707 [INFO] 처리 중: 2세미만 영유아 입원진료비 본인부담금 면제
2026-06-24 19:16:45,707 [INFO] [DRY] 글쓰기 스킵 | category=insurance | persona=general
2026-06-24 19:16:45,710 [INFO] 처리 중: 2세미만 영유아 입원진료비 본인부담금 면제
2026-06-24 19:16:45,710 [INFO] [DRY] 글쓰기 스킵 | category=insurance | persona=general
2026-06-24 19:16:45,712 [INFO] 처리 중: 2세미만 영유아 입원진료비 본인부담금 면제
2026-06-24 19:16:45,712 [INFO] [DRY] 글쓰기 스킵 | category=insurance | persona=general
2026-06-24 19:16:45,715 [INFO] 처리 중: 2세미만 영유아 입원진료비 본인부담금 면제
2026-06-24 19:16:45,715 [INFO] [DRY] 글쓰기 스킵 | category=insurance | persona=general
2026-06-24 19:16:45,717 [INFO] 처리 중: 2세미만 영유아 입원진료비 본인부담금 면제
2026-06-24 19:16:45,717 [INFO] [DRY] 글쓰기 스킵 | category=insurance | persona=general
2026-06-24 19:16:45,720 [INFO] 처리 중: 2세미만 영유아 입원진료비 본인부담금 면제
2026-06-24 19:16:45,720 [INFO] [DRY] 글쓰기 스킵 | category=insurance | persona=general
2026-06-24 19:16:45,723 [INFO] 처리 중: 2세미만 영유아 입원진료비 본인부담금 면제
2026-06-24 19:16:45,723 [INFO] [DRY] 글쓰기 스킵 | category=insurance | persona=general
2026-06-24 19:16:45,725 [INFO] 처리 중: 2세미만 영유아 입원진료비 본인부담금 면제
2026-06-24 19:16:45,725 [INFO] [DRY] 글쓰기 스킵 | category=insurance | persona=general
2026-06-24 19:16:45,728 [INFO] 처리 중: 2세미만 영유아 입원진료비 본인부담금 면제
2026-06-24 19:16:45,728 [INFO] [DRY] 글쓰기 스킵 | category=insurance | persona=general
2026-06-24 19:16:45,730 [INFO] 처리 중: 2세미만 영유아 입원진료비 본인부담금 면제
2026-06-24 19:16:45,730 [INFO] [DRY] 글쓰기 스킵 | category=insurance | persona=general
2026-06-24 19:16:45,733 [INFO] 처리 중: 2세미만 영유아 입원진료비 본인부담금 면제
2026-06-24 19:16:45,733 [INFO] [DRY] 글쓰기 스킵 | category=insurance | persona=general
2026-06-24 19:16:45,736 [INFO] 처리 중: 2세미만 영유아 입원진료비 본인부담금 면제
2026-06-24 19:16:45,736 [INFO] [DRY] 글쓰기 스킵 | category=insurance | persona=general
2026-06-24 19:16:45,738 [INFO] 처리 중: 2세미만 영유아 입원진료비 본인부담금 면제
2026-06-24 19:16:45,738 [INFO] [DRY] 글쓰기 스킵 | category=insurance | persona=general
2026-06-24 19:16:45,741 [INFO] 처리 중: 2세미만 영유아 입원진료비 본인부담금 면제
2026-06-24 19:16:45,741 [INFO] [DRY] 글쓰기 스킵 | category=insurance | persona=general
2026-06-24 19:16:45,744 [INFO] 처리 중: 2세미만 영유아 입원진료비 본인부담금 면제
2026-06-24 19:16:45,744 [INFO] [DRY] 글쓰기 스킵 | category=insurance | persona=general
2026-06-24 19:16:45,746 [INFO] 처리 중: 2세미만 영유아 입원진료비 본인부담금 면제
2026-06-24 19:16:45,747 [INFO] [DRY] 글쓰기 스킵 | category=insurance | persona=general
2026-06-24 19:16:45,749 [INFO] 처리 중: 2세미만 영유아 입원진료비 본인부담금 면제
2026-06-24 19:16:45,749 [INFO] [DRY] 글쓰기 스킵 | category=insurance | persona=general
2026-06-24 19:16:45,752 [INFO] 처리 중: 2세미만 영유아 입원진료비 본인부담금 면제
2026-06-24 19:16:45,752 [INFO] [DRY] 글쓰기 스킵 | category=insurance | persona=general
2026-06-24 19:16:45,754 [INFO] 처리 중: 2세미만 영유아 입원진료비 본인부담금 면제
2026-06-24 19:16:45,754 [INFO] [DRY] 글쓰기 스킵 | category=insurance | persona=general
2026-06-24 19:16:45,757 [INFO] 처리 중: 2세미만 영유아 입원진료비 본인부담금 면제
2026-06-24 19:16:45,757 [INFO] [DRY] 글쓰기 스킵 | category=insurance | persona=general
2026-06-24 19:16:45,760 [INFO] 처리 중: 2세미만 영유아 입원진료비 본인부담금 면제
2026-06-24 19:16:45,760 [INFO] [DRY] 글쓰기 스킵 | category=insurance | persona=general
2026-06-24 19:16:45,762 [INFO] 처리 중: 2세미만 영유아 입원진료비 본인부담금 면제
2026-06-24 19:16:45,762 [INFO] [DRY] 글쓰기 스킵 | category=insurance | persona=general
2026-06-24 19:16:45,765 [INFO] 처리 중: 2세미만 영유아 입원진료비 본인부담금 면제
2026-06-24 19:16:45,765 [INFO] [DRY] 글쓰기 스킵 | category=insurance | persona=general
2026-06-24 19:16:45,767 [INFO] 처리 중: 2세미만 영유아 입원진료비 본인부담금 면제
2026-06-24 19:16:45,768 [INFO] [DRY] 글쓰기 스킵 | category=insurance | persona=general
2026-06-24 19:16:45,770 [INFO] 처리 중: 2세미만 영유아 입원진료비 본인부담금 면제
2026-06-24 19:16:45,770 [INFO] [DRY] 글쓰기 스킵 | category=insurance | persona=general
2026-06-24 19:16:45,773 [INFO] 처리 중: 2세미만 영유아 입원진료비 본인부담금 면제
2026-06-24 19:16:45,773 [INFO] [DRY] 글쓰기 스킵 | category=insurance | persona=general
2026-06-24 19:16:45,776 [INFO] 처리 중: 2세미만 영유아 입원진료비 본인부담금 면제
2026-06-24 19:16:45,776 [INFO] [DRY] 글쓰기 스킵 | category=insurance | persona=general
2026-06-24 19:16:45,778 [INFO] 처리 중: 2세미만 영유아 입원진료비 본인부담금 면제
2026-06-24 19:16:45,778 [INFO] [DRY] 글쓰기 스킵 | category=insurance | persona=general
2026-06-24 19:16:45,781 [INFO] 처리 중: 2세미만 영유아 입원진료비 본인부담금 면제
2026-06-24 19:16:45,781 [INFO] [DRY] 글쓰기 스킵 | category=insurance | persona=general
2026-06-24 19:16:45,784 [INFO] 처리 중: 2세미만 영유아 입원진료비 본인부담금 면제
2026-06-24 19:16:45,784 [INFO] [DRY] 글쓰기 스킵 | category=insurance | persona=general
2026-06-24 19:16:45,786 [INFO] 처리 중: 2세미만 영유아 입원진료비 본인부담금 면제
2026-06-24 19:16:45,786 [INFO] [DRY] 글쓰기 스킵 | category=insurance | persona=general
2026-06-24 19:16:45,788 [INFO] 처리 중: 2세미만 영유아 입원진료비 본인부담금 면제
2026-06-24 19:16:45,788 [INFO] [DRY] 글쓰기 스킵 | category=insurance | persona=general
2026-06-24 19:16:45,790 [INFO] 처리 중: 2세미만 영유아 입원진료비 본인부담금 면제
2026-06-24 19:16:45,790 [INFO] [DRY] 글쓰기 스킵 | category=insurance | persona=general
2026-06-24 19:16:45,793 [INFO] 처리 중: 2세미만 영유아 입원진료비 본인부담금 면제
2026-06-24 19:16:45,793 [INFO] [DRY] 글쓰기 스킵 | category=insurance | persona=general
2026-06-24 19:16:45,795 [INFO] 처리 중: 2세미만 영유아 입원진료비 본인부담금 면제
2026-06-24 19:16:45,795 [INFO] [DRY] 글쓰기 스킵 | category=insurance | persona=general
2026-06-24 19:16:45,797 [INFO] 처리 중: 2세미만 영유아 입원진료비 본인부담금 면제
2026-06-24 19:16:45,797 [INFO] [DRY] 글쓰기 스킵 | category=insurance | persona=general
2026-06-24 19:16:45,799 [INFO] 처리 중: 2세미만 영유아 입원진료비 본인부담금 면제
2026-06-24 19:16:45,799 [INFO] [DRY] 글쓰기 스킵 | category=insurance | persona=general
2026-06-24 19:16:45,801 [INFO] 처리 중: 2세미만 영유아 입원진료비 본인부담금 면제
2026-06-24 19:16:45,802 [INFO] [DRY] 글쓰기 스킵 | category=insurance | persona=general
2026-06-24 19:16:45,804 [INFO] 처리 중: 2세미만 영유아 입원진료비 본인부담금 면제
2026-06-24 19:16:45,804 [INFO] [DRY] 글쓰기 스킵 | category=insurance | persona=general
2026-06-24 19:16:45,806 [INFO] 처리 중: 2세미만 영유아 입원진료비 본인부담금 면제
2026-06-24 19:16:45,806 [INFO] [DRY] 글쓰기 스킵 | category=insurance | persona=general
2026-06-24 19:16:45,808 [INFO] 처리 중: 2세미만 영유아 입원진료비 본인부담금 면제
2026-06-24 19:16:45,808 [INFO] [DRY] 글쓰기 스킵 | category=insurance | persona=general
2026-06-24 19:16:45,810 [INFO] 처리 중: 2세미만 영유아 입원진료비 본인부담금 면제
2026-06-24 19:16:45,810 [INFO] [DRY] 글쓰기 스킵 | category=insurance | persona=general
2026-06-24 19:16:45,812 [INFO] 처리 중: 2세미만 영유아 입원진료비 본인부담금 면제
2026-06-24 19:16:45,813 [INFO] [DRY] 글쓰기 스킵 | category=insurance | persona=general
2026-06-24 19:16:45,815 [INFO] 처리 중: 2세미만 영유아 입원진료비 본인부담금 면제
2026-06-24 19:16:45,815 [INFO] [DRY] 글쓰기 스킵 | category=insurance | persona=general
2026-06-24 19:16:45,817 [INFO] 처리 중: 2세미만 영유아 입원진료비 본인부담금 면제
2026-06-24 19:16:45,817 [INFO] [DRY] 글쓰기 스킵 | category=insurance | persona=general
2026-06-24 19:16:45,819 [INFO] 처리 중: 2세미만 영유아 입원진료비 본인부담금 면제
2026-06-24 19:16:45,820 [INFO] [DRY] 글쓰기 스킵 | category=insurance | persona=general
2026-06-24 19:16:45,822 [INFO] 처리 중: 2세미만 영유아 입원진료비 본인부담금 면제
2026-06-24 19:16:45,822 [INFO] [DRY] 글쓰기 스킵 | category=insurance | persona=general
2026-06-24 19:16:45,824 [INFO] 처리 중: 2세미만 영유아 입원진료비 본인부담금 면제
2026-06-24 19:16:45,824 [INFO] [DRY] 글쓰기 스킵 | category=insurance | persona=general
2026-06-24 19:16:45,826 [INFO] 처리 중: 2세미만 영유아 입원진료비 본인부담금 면제
2026-06-24 19:16:45,826 [INFO] [DRY] 글쓰기 스킵 | category=insurance | persona=general
2026-06-24 19:16:45,828 [INFO] 처리 중: 2세미만 영유아 입원진료비 본인부담금 면제
2026-06-24 19:16:45,828 [INFO] [DRY] 글쓰기 스킵 | category=insurance | persona=general
2026-06-24 19:16:45,831 [INFO] 처리 중: 2세미만 영유아 입원진료비 본인부담금 면제
2026-06-24 19:16:45,831 [INFO] [DRY] 글쓰기 스킵 | category=insurance | persona=general
2026-06-24 19:16:45,833 [INFO] 처리 중: 2세미만 영유아 입원진료비 본인부담금 면제
2026-06-24 19:16:45,833 [INFO] [DRY] 글쓰기 스킵 | category=insurance | persona=general
2026-06-24 19:16:45,835 [INFO] 처리 중: 2세미만 영유아 입원진료비 본인부담금 면제
2026-06-24 19:16:45,835 [INFO] [DRY] 글쓰기 스킵 | category=insurance | persona=general
2026-06-24 19:16:45,837 [INFO] 처리 중: 2세미만 영유아 입원진료비 본인부담금 면제
2026-06-24 19:16:45,838 [INFO] [DRY] 글쓰기 스킵 | category=insurance | persona=general
2026-06-24 19:16:45,840 [INFO] 처리 중: 2세미만 영유아 입원진료비 본인부담금 면제
2026-06-24 19:16:45,840 [INFO] [DRY] 글쓰기 스킵 | category=insurance | persona=general
2026-06-24 19:16:45,842 [INFO] 처리 중: 2세미만 영유아 입원진료비 본인부담금 면제
2026-06-24 19:16:45,842 [INFO] [DRY] 글쓰기 스킵 | category=insurance | persona=general
2026-06-24 19:16:45,844 [INFO] 처리 중: 2세미만 영유아 입원진료비 본인부담금 면제
2026-06-24 19:16:45,844 [INFO] [DRY] 글쓰기 스킵 | category=insurance | persona=general
2026-06-24 19:16:45,846 [INFO] 처리 중: 2세미만 영유아 입원진료비 본인부담금 면제
2026-06-24 19:16:45,846 [INFO] [DRY] 글쓰기 스킵 | category=insurance | persona=general
2026-06-24 19:16:45,848 [INFO] 처리 중: 2세미만 영유아 입원진료비 본인부담금 면제
2026-06-24 19:16:45,848 [INFO] [DRY] 글쓰기 스킵 | category=insurance | persona=general
2026-06-24 19:16:45,851 [INFO] 처리 중: 2세미만 영유아 입원진료비 본인부담금 면제
2026-06-24 19:16:45,851 [INFO] [DRY] 글쓰기 스킵 | category=insurance | persona=general
2026-06-24 19:16:45,853 [INFO] 처리 중: 2세미만 영유아 입원진료비 본인부담금 면제
2026-06-24 19:16:45,853 [INFO] [DRY] 글쓰기 스킵 | category=insurance | persona=general
2026-06-24 19:16:45,856 [INFO] 처리 중: 2세미만 영유아 입원진료비 본인부담금 면제
2026-06-24 19:16:45,856 [INFO] [DRY] 글쓰기 스킵 | category=insurance | persona=general
2026-06-24 19:16:45,858 [INFO] 처리 중: 2세미만 영유아 입원진료비 본인부담금 면제
2026-06-24 19:16:45,858 [INFO] [DRY] 글쓰기 스킵 | category=insurance | persona=general
2026-06-24 19:16:45,860 [INFO] 처리 중: 2세미만 영유아 입원진료비 본인부담금 면제
2026-06-24 19:16:45,860 [INFO] [DRY] 글쓰기 스킵 | category=insurance | persona=general
2026-06-24 19:16:45,862 [INFO] 처리 중: 2세미만 영유아 입원진료비 본인부담금 면제
2026-06-24 19:16:45,862 [INFO] [DRY] 글쓰기 스킵 | category=insurance | persona=general
2026-06-24 19:16:45,864 [INFO] 처리 중: 2세미만 영유아 입원진료비 본인부담금 면제
2026-06-24 19:16:45,864 [INFO] [DRY] 글쓰기 스킵 | category=insurance | persona=general
2026-06-24 19:16:45,876 [INFO] 처리 중: 2세미만 영유아 입원진료비 본인부담금 면제
2026-06-24 19:16:45,876 [INFO] [DRY] 글쓰기 스킵 | category=insurance | persona=general
2026-06-24 19:16:45,880 [INFO] 처리 중: 2세미만 영유아 입원진료비 본인부담금 면제
2026-06-24 19:16:45,880 [INFO] [DRY] 글쓰기 스킵 | category=insurance | persona=general
2026-06-24 19:16:45,885 [INFO] 처리 중: 2세미만 영유아 입원진료비 본인부담금 면제
2026-06-24 19:16:45,885 [INFO] [DRY] 글쓰기 스킵 | category=insurance | persona=general
2026-06-24 19:16:45,887 [INFO] 처리 중: 2세미만 영유아 입원진료비 본인부담금 면제
2026-06-24 19:16:45,887 [INFO] [DRY] 글쓰기 스킵 | category=insurance | persona=general
2026-06-24 19:16:45,890 [INFO] 처리 중: 2세미만 영유아 입원진료비 본인부담금 면제
2026-06-24 19:16:45,890 [INFO] [DRY] 글쓰기 스킵 | category=insurance | persona=general
2026-06-24 19:16:45,892 [INFO] 처리 중: 2세미만 영유아 입원진료비 본인부담금 면제
2026-06-24 19:16:45,892 [INFO] [DRY] 글쓰기 스킵 | category=insurance | persona=general
2026-06-24 19:16:45,894 [INFO] 처리 중: 2세미만 영유아 입원진료비 본인부담금 면제
2026-06-24 19:16:45,894 [INFO] [DRY] 글쓰기 스킵 | category=insurance | persona=general
2026-06-24 19:16:45,897 [INFO] 처리 중: 2세미만 영유아 입원진료비 본인부담금 면제
2026-06-24 19:16:45,897 [INFO] [DRY] 글쓰기 스킵 | category=insurance | persona=general
2026-06-24 19:16:45,899 [INFO] 처리 중: 2세미만 영유아 입원진료비 본인부담금 면제
2026-06-24 19:16:45,899 [INFO] [DRY] 글쓰기 스킵 | category=insurance | persona=general
2026-06-24 19:16:45,901 [INFO] 처리 중: 2세미만 영유아 입원진료비 본인부담금 면제
2026-06-24 19:16:45,901 [INFO] [DRY] 글쓰기 스킵 | category=insurance | persona=general
2026-06-24 19:16:45,903 [INFO] 처리 중: 2세미만 영유아 입원진료비 본인부담금 면제
2026-06-24 19:16:45,903 [INFO] [DRY] 글쓰기 스킵 | category=insurance | persona=general
2026-06-24 19:16:45,906 [INFO] 처리 중: 2세미만 영유아 입원진료비 본인부담금 면제
2026-06-24 19:16:45,906 [INFO] [DRY] 글쓰기 스킵 | category=insurance | persona=general
2026-06-24 19:16:45,908 [INFO] 처리 중: 2세미만 영유아 입원진료비 본인부담금 면제
2026-06-24 19:16:45,908 [INFO] [DRY] 글쓰기 스킵 | category=insurance | persona=general
2026-06-24 19:16:45,910 [INFO] 처리 중: 2세미만 영유아 입원진료비 본인부담금 면제
2026-06-24 19:16:45,910 [INFO] [DRY] 글쓰기 스킵 | category=insurance | persona=general
2026-06-24 19:16:45,913 [INFO] 처리 중: 2세미만 영유아 입원진료비 본인부담금 면제
2026-06-24 19:16:45,913 [INFO] [DRY] 글쓰기 스킵 | category=insurance | persona=general
2026-06-24 19:16:45,915 [INFO] 처리 중: 2세미만 영유아 입원진료비 본인부담금 면제
2026-06-24 19:16:45,915 [INFO] [DRY] 글쓰기 스킵 | category=insurance | persona=general
2026-06-24 19:16:45,917 [INFO] 처리 중: 2세미만 영유아 입원진료비 본인부담금 면제
2026-06-24 19:16:45,917 [INFO] [DRY] 글쓰기 스킵 | category=insurance | persona=general
2026-06-24 19:16:45,919 [INFO] 처리 중: 2세미만 영유아 입원진료비 본인부담금 면제
2026-06-24 19:16:45,919 [INFO] [DRY] 글쓰기 스킵 | category=insurance | persona=general
2026-06-24 19:16:45,921 [INFO] 처리 중: 2세미만 영유아 입원진료비 본인부담금 면제
2026-06-24 19:16:45,921 [INFO] [DRY] 글쓰기 스킵 | category=insurance | persona=general
2026-06-24 19:16:45,924 [INFO] 처리 중: 2세미만 영유아 입원진료비 본인부담금 면제
2026-06-24 19:16:45,924 [INFO] [DRY] 글쓰기 스킵 | category=insurance | persona=general
2026-06-24 19:16:45,926 [INFO] 처리 중: 2세미만 영유아 입원진료비 본인부담금 면제
2026-06-24 19:16:45,926 [INFO] [DRY] 글쓰기 스킵 | category=insurance | persona=general
2026-06-24 19:16:45,928 [INFO] 처리 중: 2세미만 영유아 입원진료비 본인부담금 면제
2026-06-24 19:16:45,928 [INFO] [DRY] 글쓰기 스킵 | category=insurance | persona=general
2026-06-24 19:16:45,930 [INFO] 처리 중: 2세미만 영유아 입원진료비 본인부담금 면제
2026-06-24 19:16:45,930 [INFO] [DRY] 글쓰기 스킵 | category=insurance | persona=general
2026-06-24 19:16:45,933 [INFO] 처리 중: 2세미만 영유아 입원진료비 본인부담금 면제
2026-06-24 19:16:45,933 [INFO] [DRY] 글쓰기 스킵 | category=insurance | persona=general
2026-06-24 19:16:45,935 [INFO] 처리 중: 2세미만 영유아 입원진료비 본인부담금 면제
2026-06-24 19:16:45,935 [INFO] [DRY] 글쓰기 스킵 | category=insurance | persona=general
2026-06-24 19:16:45,938 [INFO] 처리 중: 2세미만 영유아 입원진료비 본인부담금 면제
2026-06-24 19:16:45,938 [INFO] [DRY] 글쓰기 스킵 | category=insurance | persona=general
2026-06-24 19:16:45,940 [INFO] 처리 중: 2세미만 영유아 입원진료비 본인부담금 면제
2026-06-24 19:16:45,940 [INFO] [DRY] 글쓰기 스킵 | category=insurance | persona=general
2026-06-24 19:16:45,942 [INFO] 처리 중: 2세미만 영유아 입원진료비 본인부담금 면제
2026-06-24 19:16:45,942 [INFO] [DRY] 글쓰기 스킵 | category=insurance | persona=general
2026-06-24 19:16:45,944 [INFO] 처리 중: 2세미만 영유아 입원진료비 본인부담금 면제
2026-06-24 19:16:45,944 [INFO] [DRY] 글쓰기 스킵 | category=insurance | persona=general
2026-06-24 19:16:45,946 [INFO] 처리 중: 2세미만 영유아 입원진료비 본인부담금 면제
2026-06-24 19:16:45,946 [INFO] [DRY] 글쓰기 스킵 | category=insurance | persona=general
2026-06-24 19:16:45,949 [INFO] 처리 중: 2세미만 영유아 입원진료비 본인부담금 면제
2026-06-24 19:16:45,949 [INFO] [DRY] 글쓰기 스킵 | category=insurance | persona=general
2026-06-24 19:16:45,952 [INFO] 처리 중: 2세미만 영유아 입원진료비 본인부담금 면제
2026-06-24 19:16:45,952 [INFO] [DRY] 글쓰기 스킵 | category=insurance | persona=general
2026-06-24 19:16:45,954 [INFO] 처리 중: 2세미만 영유아 입원진료비 본인부담금 면제
2026-06-24 19:16:45,954 [INFO] [DRY] 글쓰기 스킵 | category=insurance | persona=general
2026-06-24 19:16:45,956 [INFO] 처리 중: 2세미만 영유아 입원진료비 본인부담금 면제
2026-06-24 19:16:45,957 [INFO] [DRY] 글쓰기 스킵 | category=insurance | persona=general
2026-06-24 19:16:45,959 [INFO] 처리 중: 2세미만 영유아 입원진료비 본인부담금 면제
2026-06-24 19:16:45,959 [INFO] [DRY] 글쓰기 스킵 | category=insurance | persona=general
2026-06-24 19:16:45,961 [INFO] 처리 중: 2세미만 영유아 입원진료비 본인부담금 면제
2026-06-24 19:16:45,961 [INFO] [DRY] 글쓰기 스킵 | category=insurance | persona=general
2026-06-24 19:16:45,963 [INFO] 처리 중: 2세미만 영유아 입원진료비 본인부담금 면제
2026-06-24 19:16:45,963 [INFO] [DRY] 글쓰기 스킵 | category=insurance | persona=general
2026-06-24 19:16:45,965 [INFO] 처리 중: 2세미만 영유아 입원진료비 본인부담금 면제
2026-06-24 19:16:45,965 [INFO] [DRY] 글쓰기 스킵 | category=insurance | persona=general
2026-06-24 19:16:45,967 [INFO] 처리 중: 2세미만 영유아 입원진료비 본인부담금 면제
2026-06-24 19:16:45,967 [INFO] [DRY] 글쓰기 스킵 | category=insurance | persona=general
2026-06-24 19:16:45,969 [INFO] 처리 중: 2세미만 영유아 입원진료비 본인부담금 면제
2026-06-24 19:16:45,969 [INFO] [DRY] 글쓰기 스킵 | category=insurance | persona=general
2026-06-24 19:16:45,972 [INFO] 처리 중: 2세미만 영유아 입원진료비 본인부담금 면제
2026-06-24 19:16:45,972 [INFO] [DRY] 글쓰기 스킵 | category=insurance | persona=general
2026-06-24 19:16:45,974 [INFO] 처리 중: 2세미만 영유아 입원진료비 본인부담금 면제
2026-06-24 19:16:45,974 [INFO] [DRY] 글쓰기 스킵 | category=insurance | persona=general
2026-06-24 19:16:45,976 [INFO] 처리 중: 2세미만 영유아 입원진료비 본인부담금 면제
2026-06-24 19:16:45,976 [INFO] [DRY] 글쓰기 스킵 | category=insurance | persona=general
2026-06-24 19:16:45,979 [INFO] 처리 중: 2세미만 영유아 입원진료비 본인부담금 면제
2026-06-24 19:16:45,979 [INFO] [DRY] 글쓰기 스킵 | category=insurance | persona=general
2026-06-24 19:16:45,981 [INFO] 처리 중: 2세미만 영유아 입원진료비 본인부담금 면제
2026-06-24 19:16:45,981 [INFO] [DRY] 글쓰기 스킵 | category=insurance | persona=general
2026-06-24 19:16:45,983 [INFO] 처리 중: 2세미만 영유아 입원진료비 본인부담금 면제
2026-06-24 19:16:45,983 [INFO] [DRY] 글쓰기 스킵 | category=insurance | persona=general
2026-06-24 19:16:45,985 [INFO] 처리 중: 2세미만 영유아 입원진료비 본인부담금 면제
2026-06-24 19:16:45,985 [INFO] [DRY] 글쓰기 스킵 | category=insurance | persona=general
2026-06-24 19:16:45,988 [INFO] 처리 중: 2세미만 영유아 입원진료비 본인부담금 면제
2026-06-24 19:16:45,988 [INFO] [DRY] 글쓰기 스킵 | category=insurance | persona=general
2026-06-24 19:16:45,990 [INFO] 처리 중: 2세미만 영유아 입원진료비 본인부담금 면제
2026-06-24 19:16:45,991 [INFO] [DRY] 글쓰기 스킵 | category=insurance | persona=general
2026-06-24 19:16:45,993 [INFO] 처리 중: 2세미만 영유아 입원진료비 본인부담금 면제
2026-06-24 19:16:45,993 [INFO] [DRY] 글쓰기 스킵 | category=insurance | persona=general
2026-06-24 19:16:45,995 [INFO] 처리 중: 2세미만 영유아 입원진료비 본인부담금 면제
2026-06-24 19:16:45,995 [INFO] [DRY] 글쓰기 스킵 | category=insurance | persona=general
2026-06-24 19:16:45,997 [INFO] 처리 중: 2세미만 영유아 입원진료비 본인부담금 면제
2026-06-24 19:16:45,997 [INFO] [DRY] 글쓰기 스킵 | category=insurance | persona=general
2026-06-24 19:16:46,000 [INFO] 처리 중: 2세미만 영유아 입원진료비 본인부담금 면제
2026-06-24 19:16:46,000 [INFO] [DRY] 글쓰기 스킵 | category=insurance | persona=general
2026-06-24 19:16:46,002 [INFO] 처리 중: 2세미만 영유아 입원진료비 본인부담금 면제
2026-06-24 19:16:46,002 [INFO] [DRY] 글쓰기 스킵 | category=insurance | persona=general
2026-06-24 19:16:46,004 [INFO] 처리 중: 2세미만 영유아 입원진료비 본인부담금 면제
2026-06-24 19:16:46,004 [INFO] [DRY] 글쓰기 스킵 | category=insurance | persona=general
2026-06-24 19:16:46,007 [INFO] 처리 중: 2세미만 영유아 입원진료비 본인부담금 면제
2026-06-24 19:16:46,007 [INFO] [DRY] 글쓰기 스킵 | category=insurance | persona=general
2026-06-24 19:16:46,009 [INFO] 처리 중: 2세미만 영유아 입원진료비 본인부담금 면제
2026-06-24 19:16:46,009 [INFO] [DRY] 글쓰기 스킵 | category=insurance | persona=general
2026-06-24 19:16:46,011 [INFO] 처리 중: 2세미만 영유아 입원진료비 본인부담금 면제
2026-06-24 19:16:46,011 [INFO] [DRY] 글쓰기 스킵 | category=insurance | persona=general
2026-06-24 19:16:46,014 [INFO] 처리 중: 2세미만 영유아 입원진료비 본인부담금 면제
2026-06-24 19:16:46,014 [INFO] [DRY] 글쓰기 스킵 | category=insurance | persona=general
2026-06-24 19:16:46,016 [INFO] 처리 중: 2세미만 영유아 입원진료비 본인부담금 면제
2026-06-24 19:16:46,016 [INFO] [DRY] 글쓰기 스킵 | category=insurance | persona=general
2026-06-24 19:16:46,018 [INFO] 처리 중: 2세미만 영유아 입원진료비 본인부담금 면제
2026-06-24 19:16:46,018 [INFO] [DRY] 글쓰기 스킵 | category=insurance | persona=general
2026-06-24 19:16:46,021 [INFO] 처리 중: 2세미만 영유아 입원진료비 본인부담금 면제
2026-06-24 19:16:46,021 [INFO] [DRY] 글쓰기 스킵 | category=insurance | persona=general
2026-06-24 19:16:46,023 [INFO] 처리 중: 2세미만 영유아 입원진료비 본인부담금 면제
2026-06-24 19:16:46,023 [INFO] [DRY] 글쓰기 스킵 | category=insurance | persona=general
2026-06-24 19:16:46,025 [INFO] 처리 중: 2세미만 영유아 입원진료비 본인부담금 면제
2026-06-24 19:16:46,025 [INFO] [DRY] 글쓰기 스킵 | category=insurance | persona=general
2026-06-24 19:16:46,028 [INFO] 처리 중: 2세미만 영유아 입원진료비 본인부담금 면제
2026-06-24 19:16:46,028 [INFO] [DRY] 글쓰기 스킵 | category=insurance | persona=general
2026-06-24 19:16:46,030 [INFO] 처리 중: 2세미만 영유아 입원진료비 본인부담금 면제
2026-06-24 19:16:46,030 [INFO] [DRY] 글쓰기 스킵 | category=insurance | persona=general
2026-06-24 19:16:46,032 [INFO] 처리 중: 2세미만 영유아 입원진료비 본인부담금 면제
2026-06-24 19:16:46,032 [INFO] [DRY] 글쓰기 스킵 | category=insurance | persona=general
2026-06-24 19:16:46,035 [INFO] 처리 중: 2세미만 영유아 입원진료비 본인부담금 면제
2026-06-24 19:16:46,035 [INFO] [DRY] 글쓰기 스킵 | category=insurance | persona=general
2026-06-24 19:16:46,037 [INFO] 처리 중: 2세미만 영유아 입원진료비 본인부담금 면제
2026-06-24 19:16:46,037 [INFO] [DRY] 글쓰기 스킵 | category=insurance | persona=general
2026-06-24 19:16:46,039 [INFO] 처리 중: 2세미만 영유아 입원진료비 본인부담금 면제
2026-06-24 19:16:46,039 [INFO] [DRY] 글쓰기 스킵 | category=insurance | persona=general
2026-06-24 19:16:46,041 [INFO] 처리 중: 2세미만 영유아 입원진료비 본인부담금 면제
2026-06-24 19:16:46,041 [INFO] [DRY] 글쓰기 스킵 | category=insurance | persona=general
2026-06-24 19:16:46,043 [INFO] 처리 중: 2세미만 영유아 입원진료비 본인부담금 면제
2026-06-24 19:16:46,043 [INFO] [DRY] 글쓰기 스킵 | category=insurance | persona=general
2026-06-24 19:16:46,046 [INFO] 처리 중: 2세미만 영유아 입원진료비 본인부담금 면제
2026-06-24 19:16:46,046 [INFO] [DRY] 글쓰기 스킵 | category=insurance | persona=general
2026-06-24 19:16:46,048 [INFO] 처리 중: 2세미만 영유아 입원진료비 본인부담금 면제
2026-06-24 19:16:46,048 [INFO] [DRY] 글쓰기 스킵 | category=insurance | persona=general
2026-06-24 19:16:46,051 [INFO] 처리 중: 2세미만 영유아 입원진료비 본인부담금 면제
2026-06-24 19:16:46,051 [INFO] [DRY] 글쓰기 스킵 | category=insurance | persona=general
2026-06-24 19:16:46,053 [INFO] 처리 중: 2세미만 영유아 입원진료비 본인부담금 면제
2026-06-24 19:16:46,053 [INFO] [DRY] 글쓰기 스킵 | category=insurance | persona=general
2026-06-24 19:16:46,055 [INFO] 처리 중: 2세미만 영유아 입원진료비 본인부담금 면제
2026-06-24 19:16:46,055 [INFO] [DRY] 글쓰기 스킵 | category=insurance | persona=general
2026-06-24 19:16:46,057 [INFO] 처리 중: 2세미만 영유아 입원진료비 본인부담금 면제
2026-06-24 19:16:46,057 [INFO] [DRY] 글쓰기 스킵 | category=insurance | persona=general
2026-06-24 19:16:46,059 [INFO] 처리 중: 2세미만 영유아 입원진료비 본인부담금 면제
2026-06-24 19:16:46,059 [INFO] [DRY] 글쓰기 스킵 | category=insurance | persona=general
2026-06-24 19:16:46,062 [INFO] 처리 중: 2세미만 영유아 입원진료비 본인부담금 면제
2026-06-24 19:16:46,062 [INFO] [DRY] 글쓰기 스킵 | category=insurance | persona=general
2026-06-24 19:16:46,064 [INFO] 처리 중: 2세미만 영유아 입원진료비 본인부담금 면제
2026-06-24 19:16:46,064 [INFO] [DRY] 글쓰기 스킵 | category=insurance | persona=general
2026-06-24 19:16:46,067 [INFO] 처리 중: 2세미만 영유아 입원진료비 본인부담금 면제
2026-06-24 19:16:46,067 [INFO] [DRY] 글쓰기 스킵 | category=insurance | persona=general
2026-06-24 19:16:46,069 [INFO] 처리 중: 2세미만 영유아 입원진료비 본인부담금 면제
2026-06-24 19:16:46,069 [INFO] [DRY] 글쓰기 스킵 | category=insurance | persona=general
2026-06-24 19:16:46,071 [INFO] 처리 중: 2세미만 영유아 입원진료비 본인부담금 면제
2026-06-24 19:16:46,071 [INFO] [DRY] 글쓰기 스킵 | category=insurance | persona=general
2026-06-24 19:16:46,073 [INFO] 처리 중: 2세미만 영유아 입원진료비 본인부담금 면제
2026-06-24 19:16:46,073 [INFO] [DRY] 글쓰기 스킵 | category=insurance | persona=general
2026-06-24 19:16:46,075 [INFO] 처리 중: 2세미만 영유아 입원진료비 본인부담금 면제
2026-06-24 19:16:46,075 [INFO] [DRY] 글쓰기 스킵 | category=insurance | persona=general
2026-06-24 19:16:46,078 [INFO] 처리 중: 2세미만 영유아 입원진료비 본인부담금 면제
2026-06-24 19:16:46,078 [INFO] [DRY] 글쓰기 스킵 | category=insurance | persona=general
2026-06-24 19:16:46,080 [INFO] 처리 중: 2세미만 영유아 입원진료비 본인부담금 면제
2026-06-24 19:16:46,080 [INFO] [DRY] 글쓰기 스킵 | category=insurance | persona=general
2026-06-24 19:16:46,082 [INFO] 처리 중: 2세미만 영유아 입원진료비 본인부담금 면제
2026-06-24 19:16:46,082 [INFO] [DRY] 글쓰기 스킵 | category=insurance | persona=general
2026-06-24 19:16:46,085 [INFO] 처리 중: 2세미만 영유아 입원진료비 본인부담금 면제
2026-06-24 19:16:46,085 [INFO] [DRY] 글쓰기 스킵 | category=insurance | persona=general
2026-06-24 19:16:46,087 [INFO] 처리 중: 2세미만 영유아 입원진료비 본인부담금 면제
2026-06-24 19:16:46,087 [INFO] [DRY] 글쓰기 스킵 | category=insurance | persona=general
2026-06-24 19:16:46,089 [INFO] 처리 중: 2세미만 영유아 입원진료비 본인부담금 면제
2026-06-24 19:16:46,089 [INFO] [DRY] 글쓰기 스킵 | category=insurance | persona=general
2026-06-24 19:16:46,092 [INFO] 처리 중: 2세미만 영유아 입원진료비 본인부담금 면제
2026-06-24 19:16:46,092 [INFO] [DRY] 글쓰기 스킵 | category=insurance | persona=general
2026-06-24 19:16:46,094 [INFO] 처리 중: 2세미만 영유아 입원진료비 본인부담금 면제
2026-06-24 19:16:46,094 [INFO] [DRY] 글쓰기 스킵 | category=insurance | persona=general
2026-06-24 19:16:46,096 [INFO] 처리 중: 2세미만 영유아 입원진료비 본인부담금 면제
2026-06-24 19:16:46,096 [INFO] [DRY] 글쓰기 스킵 | category=insurance | persona=general
2026-06-24 19:16:46,098 [INFO] 처리 중: 2세미만 영유아 입원진료비 본인부담금 면제
2026-06-24 19:16:46,098 [INFO] [DRY] 글쓰기 스킵 | category=insurance | persona=general
2026-06-24 19:16:46,101 [INFO] 처리 중: 2세미만 영유아 입원진료비 본인부담금 면제
2026-06-24 19:16:46,101 [INFO] [DRY] 글쓰기 스킵 | category=insurance | persona=general
2026-06-24 19:16:46,103 [INFO] 처리 중: 2세미만 영유아 입원진료비 본인부담금 면제
2026-06-24 19:16:46,103 [INFO] [DRY] 글쓰기 스킵 | category=insurance | persona=general
2026-06-24 19:16:46,105 [INFO] 처리 중: 2세미만 영유아 입원진료비 본인부담금 면제
2026-06-24 19:16:46,105 [INFO] [DRY] 글쓰기 스킵 | category=insurance | persona=general
2026-06-24 19:16:46,108 [INFO] 처리 중: 2세미만 영유아 입원진료비 본인부담금 면제
2026-06-24 19:16:46,108 [INFO] [DRY] 글쓰기 스킵 | category=insurance | persona=general
2026-06-24 19:16:46,110 [INFO] 처리 중: 2세미만 영유아 입원진료비 본인부담금 면제
2026-06-24 19:16:46,110 [INFO] [DRY] 글쓰기 스킵 | category=insurance | persona=general
2026-06-24 19:16:46,113 [INFO] 처리 중: 2세미만 영유아 입원진료비 본인부담금 면제
2026-06-24 19:16:46,113 [INFO] [DRY] 글쓰기 스킵 | category=insurance | persona=general
2026-06-24 19:16:46,115 [INFO] 처리 중: 2세미만 영유아 입원진료비 본인부담금 면제
2026-06-24 19:16:46,115 [INFO] [DRY] 글쓰기 스킵 | category=insurance | persona=general
2026-06-24 19:16:46,117 [INFO] 처리 중: 2세미만 영유아 입원진료비 본인부담금 면제
2026-06-24 19:16:46,117 [INFO] [DRY] 글쓰기 스킵 | category=insurance | persona=general
2026-06-24 19:16:46,119 [INFO] 처리 중: 2세미만 영유아 입원진료비 본인부담금 면제
2026-06-24 19:16:46,119 [INFO] [DRY] 글쓰기 스킵 | category=insurance | persona=general
2026-06-24 19:16:46,121 [INFO] 처리 중: 2세미만 영유아 입원진료비 본인부담금 면제
2026-06-24 19:16:46,121 [INFO] [DRY] 글쓰기 스킵 | category=insurance | persona=general
2026-06-24 19:16:46,124 [INFO] 처리 중: 2세미만 영유아 입원진료비 본인부담금 면제
2026-06-24 19:16:46,124 [INFO] [DRY] 글쓰기 스킵 | category=insurance | persona=general
2026-06-24 19:16:46,126 [INFO] 처리 중: 2세미만 영유아 입원진료비 본인부담금 면제
2026-06-24 19:16:46,126 [INFO] [DRY] 글쓰기 스킵 | category=insurance | persona=general
2026-06-24 19:16:46,128 [INFO] 처리 중: 2세미만 영유아 입원진료비 본인부담금 면제
2026-06-24 19:16:46,128 [INFO] [DRY] 글쓰기 스킵 | category=insurance | persona=general
2026-06-24 19:16:46,131 [INFO] 처리 중: 2세미만 영유아 입원진료비 본인부담금 면제
2026-06-24 19:16:46,131 [INFO] [DRY] 글쓰기 스킵 | category=insurance | persona=general
2026-06-24 19:16:46,133 [INFO] 처리 중: 2세미만 영유아 입원진료비 본인부담금 면제
2026-06-24 19:16:46,133 [INFO] [DRY] 글쓰기 스킵 | category=insurance | persona=general
2026-06-24 19:16:46,135 [INFO] 처리 중: 2세미만 영유아 입원진료비 본인부담금 면제
2026-06-24 19:16:46,135 [INFO] [DRY] 글쓰기 스킵 | category=insurance | persona=general
2026-06-24 19:16:46,137 [INFO] 처리 중: 2세미만 영유아 입원진료비 본인부담금 면제
2026-06-24 19:16:46,137 [INFO] [DRY] 글쓰기 스킵 | category=insurance | persona=general
2026-06-24 19:16:46,140 [INFO] 처리 중: 2세미만 영유아 입원진료비 본인부담금 면제
2026-06-24 19:16:46,140 [INFO] [DRY] 글쓰기 스킵 | category=insurance | persona=general
2026-06-24 19:16:46,142 [INFO] 처리 중: 2세미만 영유아 입원진료비 본인부담금 면제
2026-06-24 19:16:46,142 [INFO] [DRY] 글쓰기 스킵 | category=insurance | persona=general
2026-06-24 19:16:46,144 [INFO] 처리 중: 2세미만 영유아 입원진료비 본인부담금 면제
2026-06-24 19:16:46,144 [INFO] [DRY] 글쓰기 스킵 | category=insurance | persona=general
2026-06-24 19:16:46,147 [INFO] 처리 중: 2세미만 영유아 입원진료비 본인부담금 면제
2026-06-24 19:16:46,147 [INFO] [DRY] 글쓰기 스킵 | category=insurance | persona=general
2026-06-24 19:16:46,149 [INFO] 처리 중: 2세미만 영유아 입원진료비 본인부담금 면제
2026-06-24 19:16:46,149 [INFO] [DRY] 글쓰기 스킵 | category=insurance | persona=general
2026-06-24 19:16:46,151 [INFO] 처리 중: 2세미만 영유아 입원진료비 본인부담금 면제
2026-06-24 19:16:46,151 [INFO] [DRY] 글쓰기 스킵 | category=insurance | persona=general
2026-06-24 19:16:46,153 [INFO] 처리 중: 2세미만 영유아 입원진료비 본인부담금 면제
2026-06-24 19:16:46,153 [INFO] [DRY] 글쓰기 스킵 | category=insurance | persona=general
2026-06-24 19:16:46,155 [INFO] 처리 중: 2세미만 영유아 입원진료비 본인부담금 면제
2026-06-24 19:16:46,155 [INFO] [DRY] 글쓰기 스킵 | category=insurance | persona=general
2026-06-24 19:16:46,158 [INFO] 처리 중: 2세미만 영유아 입원진료비 본인부담금 면제
2026-06-24 19:16:46,158 [INFO] [DRY] 글쓰기 스킵 | category=insurance | persona=general
2026-06-24 19:16:46,160 [INFO] 처리 중: 2세미만 영유아 입원진료비 본인부담금 면제
2026-06-24 19:16:46,160 [INFO] [DRY] 글쓰기 스킵 | category=insurance | persona=general
2026-06-24 19:16:46,162 [INFO] 처리 중: 2세미만 영유아 입원진료비 본인부담금 면제
2026-06-24 19:16:46,162 [INFO] [DRY] 글쓰기 스킵 | category=insurance | persona=general
2026-06-24 19:16:46,165 [INFO] 처리 중: 2세미만 영유아 입원진료비 본인부담금 면제
2026-06-24 19:16:46,165 [INFO] [DRY] 글쓰기 스킵 | category=insurance | persona=general
2026-06-24 19:16:46,167 [INFO] 처리 중: 2세미만 영유아 입원진료비 본인부담금 면제
2026-06-24 19:16:46,167 [INFO] [DRY] 글쓰기 스킵 | category=insurance | persona=general
2026-06-24 19:16:46,169 [INFO] 처리 중: 2세미만 영유아 입원진료비 본인부담금 면제
2026-06-24 19:16:46,169 [INFO] [DRY] 글쓰기 스킵 | category=insurance | persona=general
2026-06-24 19:16:46,171 [INFO] 처리 중: 2세미만 영유아 입원진료비 본인부담금 면제
2026-06-24 19:16:46,171 [INFO] [DRY] 글쓰기 스킵 | category=insurance | persona=general
2026-06-24 19:16:46,174 [INFO] 처리 중: 2세미만 영유아 입원진료비 본인부담금 면제
2026-06-24 19:16:46,174 [INFO] [DRY] 글쓰기 스킵 | category=insurance | persona=general
2026-06-24 19:16:46,176 [INFO] 처리 중: 2세미만 영유아 입원진료비 본인부담금 면제
2026-06-24 19:16:46,176 [INFO] [DRY] 글쓰기 스킵 | category=insurance | persona=general
2026-06-24 19:16:46,179 [INFO] 처리 중: 2세미만 영유아 입원진료비 본인부담금 면제
2026-06-24 19:16:46,179 [INFO] [DRY] 글쓰기 스킵 | category=insurance | persona=general
2026-06-24 19:16:46,181 [INFO] 처리 중: 2세미만 영유아 입원진료비 본인부담금 면제
2026-06-24 19:16:46,181 [INFO] [DRY] 글쓰기 스킵 | category=insurance | persona=general
2026-06-24 19:16:46,183 [INFO] 처리 중: 2세미만 영유아 입원진료비 본인부담금 면제
2026-06-24 19:16:46,183 [INFO] [DRY] 글쓰기 스킵 | category=insurance | persona=general
2026-06-24 19:16:46,185 [INFO] 처리 중: 2세미만 영유아 입원진료비 본인부담금 면제
2026-06-24 19:16:46,185 [INFO] [DRY] 글쓰기 스킵 | category=insurance | persona=general
2026-06-24 19:16:46,187 [INFO] 처리 중: 2세미만 영유아 입원진료비 본인부담금 면제
2026-06-24 19:16:46,188 [INFO] [DRY] 글쓰기 스킵 | category=insurance | persona=general
2026-06-24 19:16:46,190 [INFO] 처리 중: 2세미만 영유아 입원진료비 본인부담금 면제
2026-06-24 19:16:46,190 [INFO] [DRY] 글쓰기 스킵 | category=insurance | persona=general
2026-06-24 19:16:46,192 [INFO] 처리 중: 2세미만 영유아 입원진료비 본인부담금 면제
2026-06-24 19:16:46,192 [INFO] [DRY] 글쓰기 스킵 | category=insurance | persona=general
2026-06-24 19:16:46,194 [INFO] 처리 중: 2세미만 영유아 입원진료비 본인부담금 면제
2026-06-24 19:16:46,194 [INFO] [DRY] 글쓰기 스킵 | category=insurance | persona=general
2026-06-24 19:16:46,197 [INFO] 처리 중: 2세미만 영유아 입원진료비 본인부담금 면제
2026-06-24 19:16:46,197 [INFO] [DRY] 글쓰기 스킵 | category=insurance | persona=general
2026-06-24 19:16:46,199 [INFO] 처리 중: 2세미만 영유아 입원진료비 본인부담금 면제
2026-06-24 19:16:46,199 [INFO] [DRY] 글쓰기 스킵 | category=insurance | persona=general
2026-06-24 19:16:46,202 [INFO] 처리 중: 2세미만 영유아 입원진료비 본인부담금 면제
2026-06-24 19:16:46,202 [INFO] [DRY] 글쓰기 스킵 | category=insurance | persona=general
2026-06-24 19:16:46,204 [INFO] 처리 중: 2세미만 영유아 입원진료비 본인부담금 면제
2026-06-24 19:16:46,204 [INFO] [DRY] 글쓰기 스킵 | category=insurance | persona=general
2026-06-24 19:16:46,206 [INFO] 처리 중: 2세미만 영유아 입원진료비 본인부담금 면제
2026-06-24 19:16:46,206 [INFO] [DRY] 글쓰기 스킵 | category=insurance | persona=general
2026-06-24 19:16:46,208 [INFO] 처리 중: 2세미만 영유아 입원진료비 본인부담금 면제
2026-06-24 19:16:46,208 [INFO] [DRY] 글쓰기 스킵 | category=insurance | persona=general
2026-06-24 19:16:46,210 [INFO] 처리 중: 2세미만 영유아 입원진료비 본인부담금 면제
2026-06-24 19:16:46,210 [INFO] [DRY] 글쓰기 스킵 | category=insurance | persona=general
2026-06-24 19:16:46,213 [INFO] 처리 중: 2세미만 영유아 입원진료비 본인부담금 면제
2026-06-24 19:16:46,213 [INFO] [DRY] 글쓰기 스킵 | category=insurance | persona=general
2026-06-24 19:16:46,215 [INFO] 처리 중: 2세미만 영유아 입원진료비 본인부담금 면제
2026-06-24 19:16:46,215 [INFO] [DRY] 글쓰기 스킵 | category=insurance | persona=general
2026-06-24 19:16:46,218 [INFO] 처리 중: 2세미만 영유아 입원진료비 본인부담금 면제
2026-06-24 19:16:46,218 [INFO] [DRY] 글쓰기 스킵 | category=insurance | persona=general
2026-06-24 19:16:46,220 [INFO] 처리 중: 2세미만 영유아 입원진료비 본인부담금 면제
2026-06-24 19:16:46,220 [INFO] [DRY] 글쓰기 스킵 | category=insurance | persona=general
2026-06-24 19:16:46,222 [INFO] 처리 중: 2세미만 영유아 입원진료비 본인부담금 면제
2026-06-24 19:16:46,222 [INFO] [DRY] 글쓰기 스킵 | category=insurance | persona=general
2026-06-24 19:16:46,224 [INFO] 처리 중: 2세미만 영유아 입원진료비 본인부담금 면제
2026-06-24 19:16:46,224 [INFO] [DRY] 글쓰기 스킵 | category=insurance | persona=general
2026-06-24 19:16:46,226 [INFO] 처리 중: 2세미만 영유아 입원진료비 본인부담금 면제
2026-06-24 19:16:46,226 [INFO] [DRY] 글쓰기 스킵 | category=insurance | persona=general
2026-06-24 19:16:46,228 [INFO] 처리 중: 2세미만 영유아 입원진료비 본인부담금 면제
2026-06-24 19:16:46,228 [INFO] [DRY] 글쓰기 스킵 | category=insurance | persona=general
2026-06-24 19:16:46,231 [INFO] 처리 중: 2세미만 영유아 입원진료비 본인부담금 면제
2026-06-24 19:16:46,231 [INFO] [DRY] 글쓰기 스킵 | category=insurance | persona=general
2026-06-24 19:16:46,233 [INFO] 처리 중: 2세미만 영유아 입원진료비 본인부담금 면제
2026-06-24 19:16:46,233 [INFO] [DRY] 글쓰기 스킵 | category=insurance | persona=general
2026-06-24 19:16:46,235 [INFO] 처리 중: 2세미만 영유아 입원진료비 본인부담금 면제
2026-06-24 19:16:46,235 [INFO] [DRY] 글쓰기 스킵 | category=insurance | persona=general
2026-06-24 19:16:46,237 [INFO] 처리 중: 2세미만 영유아 입원진료비 본인부담금 면제
2026-06-24 19:16:46,237 [INFO] [DRY] 글쓰기 스킵 | category=insurance | persona=general
2026-06-24 19:16:46,239 [INFO] 처리 중: 2세미만 영유아 입원진료비 본인부담금 면제
2026-06-24 19:16:46,239 [INFO] [DRY] 글쓰기 스킵 | category=insurance | persona=general
2026-06-24 19:16:46,241 [INFO] 처리 중: 2세미만 영유아 입원진료비 본인부담금 면제
2026-06-24 19:16:46,241 [INFO] [DRY] 글쓰기 스킵 | category=insurance | persona=general
2026-06-24 19:16:46,244 [INFO] 처리 중: 2세미만 영유아 입원진료비 본인부담금 면제
2026-06-24 19:16:46,244 [INFO] [DRY] 글쓰기 스킵 | category=insurance | persona=general
2026-06-24 19:16:46,246 [INFO] 처리 중: 2세미만 영유아 입원진료비 본인부담금 면제
2026-06-24 19:16:46,246 [INFO] [DRY] 글쓰기 스킵 | category=insurance | persona=general
2026-06-24 19:16:46,248 [INFO] 처리 중: 2세미만 영유아 입원진료비 본인부담금 면제
2026-06-24 19:16:46,248 [INFO] [DRY] 글쓰기 스킵 | category=insurance | persona=general
2026-06-24 19:16:46,251 [INFO] 처리 중: 2세미만 영유아 입원진료비 본인부담금 면제
2026-06-24 19:16:46,251 [INFO] [DRY] 글쓰기 스킵 | category=insurance | persona=general
2026-06-24 19:16:46,253 [INFO] 처리 중: 2세미만 영유아 입원진료비 본인부담금 면제
2026-06-24 19:16:46,253 [INFO] [DRY] 글쓰기 스킵 | category=insurance | persona=general
2026-06-24 19:16:46,255 [INFO] 처리 중: 2세미만 영유아 입원진료비 본인부담금 면제
2026-06-24 19:16:46,255 [INFO] [DRY] 글쓰기 스킵 | category=insurance | persona=general
2026-06-24 19:16:46,257 [INFO] 처리 중: 2세미만 영유아 입원진료비 본인부담금 면제
2026-06-24 19:16:46,257 [INFO] [DRY] 글쓰기 스킵 | category=insurance | persona=general
2026-06-24 19:16:46,260 [INFO] 처리 중: 2세미만 영유아 입원진료비 본인부담금 면제
2026-06-24 19:16:46,260 [INFO] [DRY] 글쓰기 스킵 | category=insurance | persona=general
2026-06-24 19:16:46,262 [INFO] 처리 중: 2세미만 영유아 입원진료비 본인부담금 면제
2026-06-24 19:16:46,262 [INFO] [DRY] 글쓰기 스킵 | category=insurance | persona=general
2026-06-24 19:16:46,264 [INFO] 처리 중: 2세미만 영유아 입원진료비 본인부담금 면제
2026-06-24 19:16:46,264 [INFO] [DRY] 글쓰기 스킵 | category=insurance | persona=general
2026-06-24 19:16:46,266 [INFO] 처리 중: 2세미만 영유아 입원진료비 본인부담금 면제
2026-06-24 19:16:46,266 [INFO] [DRY] 글쓰기 스킵 | category=insurance | persona=general
2026-06-24 19:16:46,268 [INFO] 처리 중: 2세미만 영유아 입원진료비 본인부담금 면제
2026-06-24 19:16:46,268 [INFO] [DRY] 글쓰기 스킵 | category=insurance | persona=general
2026-06-24 19:16:46,271 [INFO] 처리 중: 2세미만 영유아 입원진료비 본인부담금 면제
2026-06-24 19:16:46,271 [INFO] [DRY] 글쓰기 스킵 | category=insurance | persona=general
2026-06-24 19:16:46,273 [INFO] 처리 중: 2세미만 영유아 입원진료비 본인부담금 면제
2026-06-24 19:16:46,273 [INFO] [DRY] 글쓰기 스킵 | category=insurance | persona=general
2026-06-24 19:16:46,275 [INFO] 처리 중: 2세미만 영유아 입원진료비 본인부담금 면제
2026-06-24 19:16:46,275 [INFO] [DRY] 글쓰기 스킵 | category=insurance | persona=general
2026-06-24 19:16:46,277 [INFO] 처리 중: 2세미만 영유아 입원진료비 본인부담금 면제
2026-06-24 19:16:46,277 [INFO] [DRY] 글쓰기 스킵 | category=insurance | persona=general
2026-06-24 19:16:46,280 [INFO] 처리 중: 2세미만 영유아 입원진료비 본인부담금 면제
2026-06-24 19:16:46,280 [INFO] [DRY] 글쓰기 스킵 | category=insurance | persona=general
2026-06-24 19:16:46,282 [INFO] 처리 중: 2세미만 영유아 입원진료비 본인부담금 면제
2026-06-24 19:16:46,282 [INFO] [DRY] 글쓰기 스킵 | category=insurance | persona=general
2026-06-24 19:16:46,284 [INFO] 처리 중: 2세미만 영유아 입원진료비 본인부담금 면제
2026-06-24 19:16:46,284 [INFO] [DRY] 글쓰기 스킵 | category=insurance | persona=general
2026-06-24 19:16:46,286 [INFO] 처리 중: 2세미만 영유아 입원진료비 본인부담금 면제
2026-06-24 19:16:46,287 [INFO] [DRY] 글쓰기 스킵 | category=insurance | persona=general
2026-06-24 19:16:46,289 [INFO] 처리 중: 2세미만 영유아 입원진료비 본인부담금 면제
2026-06-24 19:16:46,289 [INFO] [DRY] 글쓰기 스킵 | category=insurance | persona=general
2026-06-24 19:16:46,291 [INFO] 처리 중: 2세미만 영유아 입원진료비 본인부담금 면제
2026-06-24 19:16:46,291 [INFO] [DRY] 글쓰기 스킵 | category=insurance | persona=general
2026-06-24 19:16:46,293 [INFO] 처리 중: 2세미만 영유아 입원진료비 본인부담금 면제
2026-06-24 19:16:46,293 [INFO] [DRY] 글쓰기 스킵 | category=insurance | persona=general
2026-06-24 19:16:46,295 [INFO] 처리 중: 2세미만 영유아 입원진료비 본인부담금 면제
2026-06-24 19:16:46,295 [INFO] [DRY] 글쓰기 스킵 | category=insurance | persona=general
2026-06-24 19:16:46,298 [INFO] 처리 중: 2세미만 영유아 입원진료비 본인부담금 면제
2026-06-24 19:16:46,298 [INFO] [DRY] 글쓰기 스킵 | category=insurance | persona=general
2026-06-24 19:16:46,300 [INFO] 처리 중: 2세미만 영유아 입원진료비 본인부담금 면제
2026-06-24 19:16:46,300 [INFO] [DRY] 글쓰기 스킵 | category=insurance | persona=general
2026-06-24 19:16:46,302 [INFO] 처리 중: 2세미만 영유아 입원진료비 본인부담금 면제
2026-06-24 19:16:46,302 [INFO] [DRY] 글쓰기 스킵 | category=insurance | persona=general
2026-06-24 19:16:46,304 [INFO] 처리 중: 2세미만 영유아 입원진료비 본인부담금 면제
2026-06-24 19:16:46,305 [INFO] [DRY] 글쓰기 스킵 | category=insurance | persona=general
2026-06-24 19:16:46,307 [INFO] 처리 중: 2세미만 영유아 입원진료비 본인부담금 면제
2026-06-24 19:16:46,307 [INFO] [DRY] 글쓰기 스킵 | category=insurance | persona=general
2026-06-24 19:16:46,309 [INFO] 처리 중: 2세미만 영유아 입원진료비 본인부담금 면제
2026-06-24 19:16:46,309 [INFO] [DRY] 글쓰기 스킵 | category=insurance | persona=general
2026-06-24 19:16:46,311 [INFO] 처리 중: 2세미만 영유아 입원진료비 본인부담금 면제
2026-06-24 19:16:46,311 [INFO] [DRY] 글쓰기 스킵 | category=insurance | persona=general
2026-06-24 19:16:46,313 [INFO] 처리 중: 2세미만 영유아 입원진료비 본인부담금 면제
2026-06-24 19:16:46,313 [INFO] [DRY] 글쓰기 스킵 | category=insurance | persona=general
2026-06-24 19:16:46,316 [INFO] 처리 중: 2세미만 영유아 입원진료비 본인부담금 면제
2026-06-24 19:16:46,316 [INFO] [DRY] 글쓰기 스킵 | category=insurance | persona=general
2026-06-24 19:16:46,318 [INFO] 처리 중: 2세미만 영유아 입원진료비 본인부담금 면제
2026-06-24 19:16:46,318 [INFO] [DRY] 글쓰기 스킵 | category=insurance | persona=general
2026-06-24 19:16:46,320 [INFO] 처리 중: 2세미만 영유아 입원진료비 본인부담금 면제
2026-06-24 19:16:46,320 [INFO] [DRY] 글쓰기 스킵 | category=insurance | persona=general
2026-06-24 19:16:46,322 [INFO] 처리 중: 2세미만 영유아 입원진료비 본인부담금 면제
2026-06-24 19:16:46,322 [INFO] [DRY] 글쓰기 스킵 | category=insurance | persona=general
2026-06-24 19:16:46,324 [INFO] 처리 중: 2세미만 영유아 입원진료비 본인부담금 면제
2026-06-24 19:16:46,324 [INFO] [DRY] 글쓰기 스킵 | category=insurance | persona=general
2026-06-24 19:16:46,326 [INFO] 처리 중: 2세미만 영유아 입원진료비 본인부담금 면제
2026-06-24 19:16:46,326 [INFO] [DRY] 글쓰기 스킵 | category=insurance | persona=general
2026-06-24 19:16:46,328 [INFO] 처리 중: 2세미만 영유아 입원진료비 본인부담금 면제
2026-06-24 19:16:46,328 [INFO] [DRY] 글쓰기 스킵 | category=insurance | persona=general
2026-06-24 19:16:46,331 [INFO] 처리 중: 2세미만 영유아 입원진료비 본인부담금 면제
2026-06-24 19:16:46,331 [INFO] [DRY] 글쓰기 스킵 | category=insurance | persona=general
2026-06-24 19:16:46,333 [INFO] 처리 중: 2세미만 영유아 입원진료비 본인부담금 면제
2026-06-24 19:16:46,333 [INFO] [DRY] 글쓰기 스킵 | category=insurance | persona=general
2026-06-24 19:16:46,335 [INFO] 처리 중: 2세미만 영유아 입원진료비 본인부담금 면제
2026-06-24 19:16:46,336 [INFO] [DRY] 글쓰기 스킵 | category=insurance | persona=general
2026-06-24 19:16:46,338 [INFO] 처리 중: 2세미만 영유아 입원진료비 본인부담금 면제
2026-06-24 19:16:46,338 [INFO] [DRY] 글쓰기 스킵 | category=insurance | persona=general
2026-06-24 19:16:46,340 [INFO] 처리 중: 2세미만 영유아 입원진료비 본인부담금 면제
2026-06-24 19:16:46,340 [INFO] [DRY] 글쓰기 스킵 | category=insurance | persona=general
2026-06-24 19:16:46,342 [INFO] 처리 중: 2세미만 영유아 입원진료비 본인부담금 면제
2026-06-24 19:16:46,342 [INFO] [DRY] 글쓰기 스킵 | category=insurance | persona=general
2026-06-24 19:16:46,344 [INFO] 처리 중: 2세미만 영유아 입원진료비 본인부담금 면제
2026-06-24 19:16:46,344 [INFO] [DRY] 글쓰기 스킵 | category=insurance | persona=general
2026-06-24 19:16:46,347 [INFO] 처리 중: 2세미만 영유아 입원진료비 본인부담금 면제
2026-06-24 19:16:46,347 [INFO] [DRY] 글쓰기 스킵 | category=insurance | persona=general
2026-06-24 19:16:46,349 [INFO] 처리 중: 2세미만 영유아 입원진료비 본인부담금 면제
2026-06-24 19:16:46,349 [INFO] [DRY] 글쓰기 스킵 | category=insurance | persona=general
2026-06-24 19:16:46,351 [INFO] 처리 중: 2세미만 영유아 입원진료비 본인부담금 면제
2026-06-24 19:16:46,351 [INFO] [DRY] 글쓰기 스킵 | category=insurance | persona=general
2026-06-24 19:16:46,353 [INFO] 처리 중: 2세미만 영유아 입원진료비 본인부담금 면제
2026-06-24 19:16:46,353 [INFO] [DRY] 글쓰기 스킵 | category=insurance | persona=general
2026-06-24 19:16:46,355 [INFO] 처리 중: 2세미만 영유아 입원진료비 본인부담금 면제
2026-06-24 19:16:46,355 [INFO] [DRY] 글쓰기 스킵 | category=insurance | persona=general
2026-06-24 19:16:46,357 [INFO] 처리 중: 2세미만 영유아 입원진료비 본인부담금 면제
2026-06-24 19:16:46,357 [INFO] [DRY] 글쓰기 스킵 | category=insurance | persona=general
2026-06-24 19:16:46,359 [INFO] 처리 중: 2세미만 영유아 입원진료비 본인부담금 면제
2026-06-24 19:16:46,359 [INFO] [DRY] 글쓰기 스킵 | category=insurance | persona=general
2026-06-24 19:16:46,362 [INFO] 처리 중: 2세미만 영유아 입원진료비 본인부담금 면제
2026-06-24 19:16:46,362 [INFO] [DRY] 글쓰기 스킵 | category=insurance | persona=general
2026-06-24 19:16:46,364 [INFO] 처리 중: 2세미만 영유아 입원진료비 본인부담금 면제
2026-06-24 19:16:46,364 [INFO] [DRY] 글쓰기 스킵 | category=insurance | persona=general
2026-06-24 19:16:46,373 [INFO] 처리 중: 2세미만 영유아 입원진료비 본인부담금 면제
2026-06-24 19:16:46,373 [INFO] [DRY] 글쓰기 스킵 | category=insurance | persona=general
2026-06-24 19:16:46,379 [INFO] 처리 중: 2세미만 영유아 입원진료비 본인부담금 면제
2026-06-24 19:16:46,379 [INFO] [DRY] 글쓰기 스킵 | category=insurance | persona=general
2026-06-24 19:16:46,381 [INFO] 처리 중: 2세미만 영유아 입원진료비 본인부담금 면제
2026-06-24 19:16:46,381 [INFO] [DRY] 글쓰기 스킵 | category=insurance | persona=general
2026-06-24 19:16:46,385 [INFO] 처리 중: 2세미만 영유아 입원진료비 본인부담금 면제
2026-06-24 19:16:46,385 [INFO] [DRY] 글쓰기 스킵 | category=insurance | persona=general
2026-06-24 19:16:46,389 [INFO] 처리 중: 2세미만 영유아 입원진료비 본인부담금 면제
2026-06-24 19:16:46,389 [INFO] [DRY] 글쓰기 스킵 | category=insurance | persona=general
2026-06-24 19:16:46,393 [INFO] 처리 중: 2세미만 영유아 입원진료비 본인부담금 면제
2026-06-24 19:16:46,393 [INFO] [DRY] 글쓰기 스킵 | category=insurance | persona=general
2026-06-24 19:16:46,395 [INFO] 처리 중: 2세미만 영유아 입원진료비 본인부담금 면제
2026-06-24 19:16:46,395 [INFO] [DRY] 글쓰기 스킵 | category=insurance | persona=general
2026-06-24 19:16:46,397 [INFO] 처리 중: 2세미만 영유아 입원진료비 본인부담금 면제
2026-06-24 19:16:46,397 [INFO] [DRY] 글쓰기 스킵 | category=insurance | persona=general
2026-06-24 19:16:46,399 [INFO] 처리 중: 2세미만 영유아 입원진료비 본인부담금 면제
2026-06-24 19:16:46,399 [INFO] [DRY] 글쓰기 스킵 | category=insurance | persona=general
2026-06-24 19:16:46,402 [INFO] 처리 중: 2세미만 영유아 입원진료비 본인부담금 면제
2026-06-24 19:16:46,402 [INFO] [DRY] 글쓰기 스킵 | category=insurance | persona=general
2026-06-24 19:16:46,404 [INFO] 처리 중: 2세미만 영유아 입원진료비 본인부담금 면제
2026-06-24 19:16:46,404 [INFO] [DRY] 글쓰기 스킵 | category=insurance | persona=general
2026-06-24 19:16:46,406 [INFO] 처리 중: 2세미만 영유아 입원진료비 본인부담금 면제
2026-06-24 19:16:46,406 [INFO] [DRY] 글쓰기 스킵 | category=insurance | persona=general
2026-06-24 19:16:46,408 [INFO] 처리 중: 2세미만 영유아 입원진료비 본인부담금 면제
2026-06-24 19:16:46,408 [INFO] [DRY] 글쓰기 스킵 | category=insurance | persona=general
2026-06-24 19:16:46,410 [INFO] 처리 중: 2세미만 영유아 입원진료비 본인부담금 면제
2026-06-24 19:16:46,410 [INFO] [DRY] 글쓰기 스킵 | category=insurance | persona=general
2026-06-24 19:16:46,412 [INFO] 처리 중: 2세미만 영유아 입원진료비 본인부담금 면제
2026-06-24 19:16:46,412 [INFO] [DRY] 글쓰기 스킵 | category=insurance | persona=general
2026-06-24 19:16:46,415 [INFO] 처리 중: 2세미만 영유아 입원진료비 본인부담금 면제
2026-06-24 19:16:46,415 [INFO] [DRY] 글쓰기 스킵 | category=insurance | persona=general
2026-06-24 19:16:46,417 [INFO] 처리 중: 2세미만 영유아 입원진료비 본인부담금 면제
2026-06-24 19:16:46,417 [INFO] [DRY] 글쓰기 스킵 | category=insurance | persona=general
2026-06-24 19:16:46,419 [INFO] 처리 중: 2세미만 영유아 입원진료비 본인부담금 면제
2026-06-24 19:16:46,419 [INFO] [DRY] 글쓰기 스킵 | category=insurance | persona=general
2026-06-24 19:16:46,421 [INFO] 처리 중: 2세미만 영유아 입원진료비 본인부담금 면제
2026-06-24 19:16:46,421 [INFO] [DRY] 글쓰기 스킵 | category=insurance | persona=general
2026-06-24 19:16:46,423 [INFO] 처리 중: 2세미만 영유아 입원진료비 본인부담금 면제
2026-06-24 19:16:46,423 [INFO] [DRY] 글쓰기 스킵 | category=insurance | persona=general
2026-06-24 19:16:46,425 [INFO] 처리 중: 2세미만 영유아 입원진료비 본인부담금 면제
2026-06-24 19:16:46,426 [INFO] [DRY] 글쓰기 스킵 | category=insurance | persona=general
2026-06-24 19:16:46,428 [INFO] 처리 중: 2세미만 영유아 입원진료비 본인부담금 면제
2026-06-24 19:16:46,428 [INFO] [DRY] 글쓰기 스킵 | category=insurance | persona=general
2026-06-24 19:16:46,430 [INFO] 처리 중: 2세미만 영유아 입원진료비 본인부담금 면제
2026-06-24 19:16:46,431 [INFO] [DRY] 글쓰기 스킵 | category=insurance | persona=general
2026-06-24 19:16:46,433 [INFO] 처리 중: 2세미만 영유아 입원진료비 본인부담금 면제
2026-06-24 19:16:46,433 [INFO] [DRY] 글쓰기 스킵 | category=insurance | persona=general
2026-06-24 19:16:46,435 [INFO] 처리 중: 2세미만 영유아 입원진료비 본인부담금 면제
2026-06-24 19:16:46,435 [INFO] [DRY] 글쓰기 스킵 | category=insurance | persona=general
2026-06-24 19:16:46,437 [INFO] 처리 중: 2세미만 영유아 입원진료비 본인부담금 면제
2026-06-24 19:16:46,437 [INFO] [DRY] 글쓰기 스킵 | category=insurance | persona=general
2026-06-24 19:16:46,439 [INFO] 처리 중: 2세미만 영유아 입원진료비 본인부담금 면제
2026-06-24 19:16:46,439 [INFO] [DRY] 글쓰기 스킵 | category=insurance | persona=general
2026-06-24 19:16:46,441 [INFO] 처리 중: 2세미만 영유아 입원진료비 본인부담금 면제
2026-06-24 19:16:46,441 [INFO] [DRY] 글쓰기 스킵 | category=insurance | persona=general
2026-06-24 19:16:46,444 [INFO] 처리 중: 2세미만 영유아 입원진료비 본인부담금 면제
2026-06-24 19:16:46,444 [INFO] [DRY] 글쓰기 스킵 | category=insurance | persona=general
2026-06-24 19:16:46,446 [INFO] 처리 중: 2세미만 영유아 입원진료비 본인부담금 면제
2026-06-24 19:16:46,446 [INFO] [DRY] 글쓰기 스킵 | category=insurance | persona=general
2026-06-24 19:16:46,448 [INFO] 처리 중: 2세미만 영유아 입원진료비 본인부담금 면제
2026-06-24 19:16:46,448 [INFO] [DRY] 글쓰기 스킵 | category=insurance | persona=general
2026-06-24 19:16:46,451 [INFO] 처리 중: 2세미만 영유아 입원진료비 본인부담금 면제
2026-06-24 19:16:46,451 [INFO] [DRY] 글쓰기 스킵 | category=insurance | persona=general
2026-06-24 19:16:46,453 [INFO] 처리 중: 2세미만 영유아 입원진료비 본인부담금 면제
2026-06-24 19:16:46,453 [INFO] [DRY] 글쓰기 스킵 | category=insurance | persona=general
2026-06-24 19:16:46,455 [INFO] 처리 중: 2세미만 영유아 입원진료비 본인부담금 면제
2026-06-24 19:16:46,455 [INFO] [DRY] 글쓰기 스킵 | category=insurance | persona=general
2026-06-24 19:16:46,457 [INFO] 처리 중: 2세미만 영유아 입원진료비 본인부담금 면제
2026-06-24 19:16:46,457 [INFO] [DRY] 글쓰기 스킵 | category=insurance | persona=general
2026-06-24 19:16:46,460 [INFO] 처리 중: 2세미만 영유아 입원진료비 본인부담금 면제
2026-06-24 19:16:46,460 [INFO] [DRY] 글쓰기 스킵 | category=insurance | persona=general
2026-06-24 19:16:46,462 [INFO] 처리 중: 2세미만 영유아 입원진료비 본인부담금 면제
2026-06-24 19:16:46,462 [INFO] [DRY] 글쓰기 스킵 | category=insurance | persona=general
2026-06-24 19:16:46,464 [INFO] 처리 중: 2세미만 영유아 입원진료비 본인부담금 면제
2026-06-24 19:16:46,464 [INFO] [DRY] 글쓰기 스킵 | category=insurance | persona=general
2026-06-24 19:16:46,467 [INFO] 처리 중: 2세미만 영유아 입원진료비 본인부담금 면제
2026-06-24 19:16:46,467 [INFO] [DRY] 글쓰기 스킵 | category=insurance | persona=general
2026-06-24 19:16:46,469 [INFO] 처리 중: 2세미만 영유아 입원진료비 본인부담금 면제
2026-06-24 19:16:46,469 [INFO] [DRY] 글쓰기 스킵 | category=insurance | persona=general
2026-06-24 19:16:46,471 [INFO] 처리 중: 2세미만 영유아 입원진료비 본인부담금 면제
2026-06-24 19:16:46,471 [INFO] [DRY] 글쓰기 스킵 | category=insurance | persona=general
2026-06-24 19:16:46,473 [INFO] 처리 중: 2세미만 영유아 입원진료비 본인부담금 면제
2026-06-24 19:16:46,473 [INFO] [DRY] 글쓰기 스킵 | category=insurance | persona=general
2026-06-24 19:16:46,475 [INFO] 처리 중: 2세미만 영유아 입원진료비 본인부담금 면제
2026-06-24 19:16:46,475 [INFO] [DRY] 글쓰기 스킵 | category=insurance | persona=general
2026-06-24 19:16:46,478 [INFO] 처리 중: 2세미만 영유아 입원진료비 본인부담금 면제
2026-06-24 19:16:46,478 [INFO] [DRY] 글쓰기 스킵 | category=insurance | persona=general
2026-06-24 19:16:46,480 [INFO] 처리 중: 2세미만 영유아 입원진료비 본인부담금 면제
2026-06-24 19:16:46,480 [INFO] [DRY] 글쓰기 스킵 | category=insurance | persona=general
2026-06-24 19:16:46,482 [INFO] 처리 중: 2세미만 영유아 입원진료비 본인부담금 면제
2026-06-24 19:16:46,482 [INFO] [DRY] 글쓰기 스킵 | category=insurance | persona=general
2026-06-24 19:16:46,484 [INFO] 처리 중: 2세미만 영유아 입원진료비 본인부담금 면제
2026-06-24 19:16:46,484 [INFO] [DRY] 글쓰기 스킵 | category=insurance | persona=general
2026-06-24 19:16:46,486 [INFO] 처리 중: 2세미만 영유아 입원진료비 본인부담금 면제
2026-06-24 19:16:46,486 [INFO] [DRY] 글쓰기 스킵 | category=insurance | persona=general
2026-06-24 19:16:46,488 [INFO] 처리 중: 2세미만 영유아 입원진료비 본인부담금 면제
2026-06-24 19:16:46,488 [INFO] [DRY] 글쓰기 스킵 | category=insurance | persona=general
2026-06-24 19:16:46,490 [INFO] 처리 중: 2세미만 영유아 입원진료비 본인부담금 면제
2026-06-24 19:16:46,490 [INFO] [DRY] 글쓰기 스킵 | category=insurance | persona=general
2026-06-24 19:16:46,492 [INFO] 처리 중: 2세미만 영유아 입원진료비 본인부담금 면제
2026-06-24 19:16:46,492 [INFO] [DRY] 글쓰기 스킵 | category=insurance | persona=general
2026-06-24 19:16:46,495 [INFO] 처리 중: 2세미만 영유아 입원진료비 본인부담금 면제
2026-06-24 19:16:46,495 [INFO] [DRY] 글쓰기 스킵 | category=insurance | persona=general
2026-06-24 19:16:46,497 [INFO] 처리 중: 2세미만 영유아 입원진료비 본인부담금 면제
2026-06-24 19:16:46,497 [INFO] [DRY] 글쓰기 스킵 | category=insurance | persona=general
2026-06-24 19:16:46,499 [INFO] 처리 중: 2세미만 영유아 입원진료비 본인부담금 면제
2026-06-24 19:16:46,499 [INFO] [DRY] 글쓰기 스킵 | category=insurance | persona=general
2026-06-24 19:16:46,501 [INFO] 처리 중: 2세미만 영유아 입원진료비 본인부담금 면제
2026-06-24 19:16:46,501 [INFO] [DRY] 글쓰기 스킵 | category=insurance | persona=general
2026-06-24 19:16:46,504 [INFO] 처리 중: 2세미만 영유아 입원진료비 본인부담금 면제
2026-06-24 19:16:46,504 [INFO] [DRY] 글쓰기 스킵 | category=insurance | persona=general
2026-06-24 19:16:46,506 [INFO] 처리 중: 2세미만 영유아 입원진료비 본인부담금 면제
2026-06-24 19:16:46,506 [INFO] [DRY] 글쓰기 스킵 | category=insurance | persona=general
2026-06-24 19:16:46,508 [INFO] 처리 중: 2세미만 영유아 입원진료비 본인부담금 면제
2026-06-24 19:16:46,508 [INFO] [DRY] 글쓰기 스킵 | category=insurance | persona=general
2026-06-24 19:16:46,510 [INFO] 처리 중: 2세미만 영유아 입원진료비 본인부담금 면제
2026-06-24 19:16:46,511 [INFO] [DRY] 글쓰기 스킵 | category=insurance | persona=general
2026-06-24 19:16:46,513 [INFO] 처리 중: 2세미만 영유아 입원진료비 본인부담금 면제
2026-06-24 19:16:46,513 [INFO] [DRY] 글쓰기 스킵 | category=insurance | persona=general
2026-06-24 19:16:46,515 [INFO] 처리 중: 2세미만 영유아 입원진료비 본인부담금 면제
2026-06-24 19:16:46,515 [INFO] [DRY] 글쓰기 스킵 | category=insurance | persona=general
2026-06-24 19:16:46,517 [INFO] 처리 중: 2세미만 영유아 입원진료비 본인부담금 면제
2026-06-24 19:16:46,518 [INFO] [DRY] 글쓰기 스킵 | category=insurance | persona=general
2026-06-24 19:16:46,520 [INFO] 처리 중: 2세미만 영유아 입원진료비 본인부담금 면제
2026-06-24 19:16:46,520 [INFO] [DRY] 글쓰기 스킵 | category=insurance | persona=general
2026-06-24 19:16:46,522 [INFO] 처리 중: 2세미만 영유아 입원진료비 본인부담금 면제
2026-06-24 19:16:46,522 [INFO] [DRY] 글쓰기 스킵 | category=insurance | persona=general
2026-06-24 19:16:46,524 [INFO] 처리 중: 2세미만 영유아 입원진료비 본인부담금 면제
2026-06-24 19:16:46,524 [INFO] [DRY] 글쓰기 스킵 | category=insurance | persona=general
2026-06-24 19:16:46,526 [INFO] 처리 중: 2세미만 영유아 입원진료비 본인부담금 면제
2026-06-24 19:16:46,526 [INFO] [DRY] 글쓰기 스킵 | category=insurance | persona=general
2026-06-24 19:16:46,528 [INFO] 처리 중: 2세미만 영유아 입원진료비 본인부담금 면제
2026-06-24 19:16:46,528 [INFO] [DRY] 글쓰기 스킵 | category=insurance | persona=general
2026-06-24 19:16:46,530 [INFO] 처리 중: 2세미만 영유아 입원진료비 본인부담금 면제
2026-06-24 19:16:46,530 [INFO] [DRY] 글쓰기 스킵 | category=insurance | persona=general
2026-06-24 19:16:46,533 [INFO] 처리 중: 2세미만 영유아 입원진료비 본인부담금 면제
2026-06-24 19:16:46,533 [INFO] [DRY] 글쓰기 스킵 | category=insurance | persona=general
2026-06-24 19:16:46,535 [INFO] 처리 중: 2세미만 영유아 입원진료비 본인부담금 면제
2026-06-24 19:16:46,535 [INFO] [DRY] 글쓰기 스킵 | category=insurance | persona=general
2026-06-24 19:16:46,537 [INFO] 처리 중: 2세미만 영유아 입원진료비 본인부담금 면제
2026-06-24 19:16:46,537 [INFO] [DRY] 글쓰기 스킵 | category=insurance | persona=general
2026-06-24 19:16:46,540 [INFO] 처리 중: 2세미만 영유아 입원진료비 본인부담금 면제
2026-06-24 19:16:46,540 [INFO] [DRY] 글쓰기 스킵 | category=insurance | persona=general
2026-06-24 19:16:46,542 [INFO] 처리 중: 2세미만 영유아 입원진료비 본인부담금 면제
2026-06-24 19:16:46,542 [INFO] [DRY] 글쓰기 스킵 | category=insurance | persona=general
2026-06-24 19:16:46,544 [INFO] 처리 중: 2세미만 영유아 입원진료비 본인부담금 면제
2026-06-24 19:16:46,544 [INFO] [DRY] 글쓰기 스킵 | category=insurance | persona=general
2026-06-24 19:16:46,546 [INFO] 처리 중: 2세미만 영유아 입원진료비 본인부담금 면제
2026-06-24 19:16:46,546 [INFO] [DRY] 글쓰기 스킵 | category=insurance | persona=general
2026-06-24 19:16:46,548 [INFO] 처리 중: 2세미만 영유아 입원진료비 본인부담금 면제
2026-06-24 19:16:46,548 [INFO] [DRY] 글쓰기 스킵 | category=insurance | persona=general
2026-06-24 19:16:46,552 [INFO] 처리 중: 2세미만 영유아 입원진료비 본인부담금 면제
2026-06-24 19:16:46,552 [INFO] [DRY] 글쓰기 스킵 | category=insurance | persona=general
2026-06-24 19:16:46,554 [INFO] 처리 중: 2세미만 영유아 입원진료비 본인부담금 면제
2026-06-24 19:16:46,554 [INFO] [DRY] 글쓰기 스킵 | category=insurance | persona=general
2026-06-24 19:16:46,556 [INFO] 처리 중: 2세미만 영유아 입원진료비 본인부담금 면제
2026-06-24 19:16:46,556 [INFO] [DRY] 글쓰기 스킵 | category=insurance | persona=general
2026-06-24 19:16:46,558 [INFO] 처리 중: 2세미만 영유아 입원진료비 본인부담금 면제
2026-06-24 19:16:46,558 [INFO] [DRY] 글쓰기 스킵 | category=insurance | persona=general
2026-06-24 19:16:46,560 [INFO] 처리 중: 2세미만 영유아 입원진료비 본인부담금 면제
2026-06-24 19:16:46,560 [INFO] [DRY] 글쓰기 스킵 | category=insurance | persona=general
2026-06-24 19:16:46,562 [INFO] 처리 중: 2세미만 영유아 입원진료비 본인부담금 면제
2026-06-24 19:16:46,562 [INFO] [DRY] 글쓰기 스킵 | category=insurance | persona=general
2026-06-24 19:16:46,565 [INFO] 처리 중: 2세미만 영유아 입원진료비 본인부담금 면제
2026-06-24 19:16:46,565 [INFO] [DRY] 글쓰기 스킵 | category=insurance | persona=general
2026-06-24 19:16:46,567 [INFO] 처리 중: 2세미만 영유아 입원진료비 본인부담금 면제
2026-06-24 19:16:46,567 [INFO] [DRY] 글쓰기 스킵 | category=insurance | persona=general
2026-06-24 19:16:46,569 [INFO] 처리 중: 2세미만 영유아 입원진료비 본인부담금 면제
2026-06-24 19:16:46,569 [INFO] [DRY] 글쓰기 스킵 | category=insurance | persona=general
2026-06-24 19:16:46,571 [INFO] 처리 중: 2세미만 영유아 입원진료비 본인부담금 면제
2026-06-24 19:16:46,571 [INFO] [DRY] 글쓰기 스킵 | category=insurance | persona=general
2026-06-24 19:16:46,573 [INFO] 처리 중: 2세미만 영유아 입원진료비 본인부담금 면제
2026-06-24 19:16:46,573 [INFO] [DRY] 글쓰기 스킵 | category=insurance | persona=general
2026-06-24 19:16:46,575 [INFO] 처리 중: 2세미만 영유아 입원진료비 본인부담금 면제
2026-06-24 19:16:46,575 [INFO] [DRY] 글쓰기 스킵 | category=insurance | persona=general
2026-06-24 19:16:46,578 [INFO] 처리 중: 2세미만 영유아 입원진료비 본인부담금 면제
2026-06-24 19:16:46,578 [INFO] [DRY] 글쓰기 스킵 | category=insurance | persona=general
2026-06-24 19:16:46,580 [INFO] 처리 중: 2세미만 영유아 입원진료비 본인부담금 면제
2026-06-24 19:16:46,580 [INFO] [DRY] 글쓰기 스킵 | category=insurance | persona=general
2026-06-24 19:16:46,582 [INFO] 처리 중: 2세미만 영유아 입원진료비 본인부담금 면제
2026-06-24 19:16:46,582 [INFO] [DRY] 글쓰기 스킵 | category=insurance | persona=general
2026-06-24 19:16:46,584 [INFO] 처리 중: 2세미만 영유아 입원진료비 본인부담금 면제
2026-06-24 19:16:46,584 [INFO] [DRY] 글쓰기 스킵 | category=insurance | persona=general
2026-06-24 19:16:46,587 [INFO] 처리 중: 2세미만 영유아 입원진료비 본인부담금 면제
2026-06-24 19:16:46,587 [INFO] [DRY] 글쓰기 스킵 | category=insurance | persona=general
2026-06-24 19:16:46,589 [INFO] 처리 중: 2세미만 영유아 입원진료비 본인부담금 면제
2026-06-24 19:16:46,589 [INFO] [DRY] 글쓰기 스킵 | category=insurance | persona=general
2026-06-24 19:16:46,591 [INFO] 처리 중: 2세미만 영유아 입원진료비 본인부담금 면제
2026-06-24 19:16:46,591 [INFO] [DRY] 글쓰기 스킵 | category=insurance | persona=general
2026-06-24 19:16:46,593 [INFO] 처리 중: 2세미만 영유아 입원진료비 본인부담금 면제
2026-06-24 19:16:46,593 [INFO] [DRY] 글쓰기 스킵 | category=insurance | persona=general
2026-06-24 19:16:46,596 [INFO] 처리 중: 2세미만 영유아 입원진료비 본인부담금 면제
2026-06-24 19:16:46,596 [INFO] [DRY] 글쓰기 스킵 | category=insurance | persona=general
2026-06-24 19:16:46,598 [INFO] 처리 중: 2세미만 영유아 입원진료비 본인부담금 면제
2026-06-24 19:16:46,598 [INFO] [DRY] 글쓰기 스킵 | category=insurance | persona=general
2026-06-24 19:16:46,600 [INFO] 처리 중: 2세미만 영유아 입원진료비 본인부담금 면제
2026-06-24 19:16:46,600 [INFO] [DRY] 글쓰기 스킵 | category=insurance | persona=general
2026-06-24 19:16:46,603 [INFO] 처리 중: 2세미만 영유아 입원진료비 본인부담금 면제
2026-06-24 19:16:46,603 [INFO] [DRY] 글쓰기 스킵 | category=insurance | persona=general
2026-06-24 19:16:46,605 [INFO] 처리 중: 2세미만 영유아 입원진료비 본인부담금 면제
2026-06-24 19:16:46,605 [INFO] [DRY] 글쓰기 스킵 | category=insurance | persona=general
2026-06-24 19:16:46,607 [INFO] 처리 중: 2세미만 영유아 입원진료비 본인부담금 면제
2026-06-24 19:16:46,607 [INFO] [DRY] 글쓰기 스킵 | category=insurance | persona=general
2026-06-24 19:16:46,610 [INFO] 처리 중: 2세미만 영유아 입원진료비 본인부담금 면제
2026-06-24 19:16:46,610 [INFO] [DRY] 글쓰기 스킵 | category=insurance | persona=general
2026-06-24 19:16:46,612 [INFO] 처리 중: 2세미만 영유아 입원진료비 본인부담금 면제
2026-06-24 19:16:46,612 [INFO] [DRY] 글쓰기 스킵 | category=insurance | persona=general
2026-06-24 19:16:46,614 [INFO] 처리 중: 2세미만 영유아 입원진료비 본인부담금 면제
2026-06-24 19:16:46,614 [INFO] [DRY] 글쓰기 스킵 | category=insurance | persona=general
2026-06-24 19:16:46,616 [INFO] 처리 중: 2세미만 영유아 입원진료비 본인부담금 면제
2026-06-24 19:16:46,616 [INFO] [DRY] 글쓰기 스킵 | category=insurance | persona=general
2026-06-24 19:16:46,619 [INFO] 처리 중: 2세미만 영유아 입원진료비 본인부담금 면제
2026-06-24 19:16:46,619 [INFO] [DRY] 글쓰기 스킵 | category=insurance | persona=general
2026-06-24 19:16:46,621 [INFO] 처리 중: 2세미만 영유아 입원진료비 본인부담금 면제
2026-06-24 19:16:46,621 [INFO] [DRY] 글쓰기 스킵 | category=insurance | persona=general
2026-06-24 19:16:46,623 [INFO] 처리 중: 2세미만 영유아 입원진료비 본인부담금 면제
2026-06-24 19:16:46,623 [INFO] [DRY] 글쓰기 스킵 | category=insurance | persona=general
2026-06-24 19:16:46,626 [INFO] 처리 중: 2세미만 영유아 입원진료비 본인부담금 면제
2026-06-24 19:16:46,626 [INFO] [DRY] 글쓰기 스킵 | category=insurance | persona=general
2026-06-24 19:16:46,628 [INFO] 처리 중: 2세미만 영유아 입원진료비 본인부담금 면제
2026-06-24 19:16:46,628 [INFO] [DRY] 글쓰기 스킵 | category=insurance | persona=general
2026-06-24 19:16:46,630 [INFO] 처리 중: 2세미만 영유아 입원진료비 본인부담금 면제
2026-06-24 19:16:46,630 [INFO] [DRY] 글쓰기 스킵 | category=insurance | persona=general
2026-06-24 19:16:46,632 [INFO] 처리 중: 2세미만 영유아 입원진료비 본인부담금 면제
2026-06-24 19:16:46,632 [INFO] [DRY] 글쓰기 스킵 | category=insurance | persona=general
2026-06-24 19:16:46,634 [INFO] 처리 중: 2세미만 영유아 입원진료비 본인부담금 면제
2026-06-24 19:16:46,634 [INFO] [DRY] 글쓰기 스킵 | category=insurance | persona=general
2026-06-24 19:16:46,636 [INFO] 처리 중: 2세미만 영유아 입원진료비 본인부담금 면제
2026-06-24 19:16:46,636 [INFO] [DRY] 글쓰기 스킵 | category=insurance | persona=general
2026-06-24 19:16:46,638 [INFO] 처리 중: 2세미만 영유아 입원진료비 본인부담금 면제
2026-06-24 19:16:46,638 [INFO] [DRY] 글쓰기 스킵 | category=insurance | persona=general
2026-06-24 19:16:46,641 [INFO] 처리 중: 2세미만 영유아 입원진료비 본인부담금 면제
2026-06-24 19:16:46,641 [INFO] [DRY] 글쓰기 스킵 | category=insurance | persona=general
2026-06-24 19:16:46,643 [INFO] 처리 중: 2세미만 영유아 입원진료비 본인부담금 면제
2026-06-24 19:16:46,643 [INFO] [DRY] 글쓰기 스킵 | category=insurance | persona=general
2026-06-24 19:16:46,645 [INFO] 처리 중: 2세미만 영유아 입원진료비 본인부담금 면제
2026-06-24 19:16:46,645 [INFO] [DRY] 글쓰기 스킵 | category=insurance | persona=general
2026-06-24 19:16:46,647 [INFO] 처리 중: 2세미만 영유아 입원진료비 본인부담금 면제
2026-06-24 19:16:46,648 [INFO] [DRY] 글쓰기 스킵 | category=insurance | persona=general
2026-06-24 19:16:46,650 [INFO] 처리 중: 2세미만 영유아 입원진료비 본인부담금 면제
2026-06-24 19:16:46,650 [INFO] [DRY] 글쓰기 스킵 | category=insurance | persona=general
2026-06-24 19:16:46,652 [INFO] 처리 중: 2세미만 영유아 입원진료비 본인부담금 면제
2026-06-24 19:16:46,652 [INFO] [DRY] 글쓰기 스킵 | category=insurance | persona=general
2026-06-24 19:16:46,654 [INFO] 처리 중: 2세미만 영유아 입원진료비 본인부담금 면제
2026-06-24 19:16:46,654 [INFO] [DRY] 글쓰기 스킵 | category=insurance | persona=general
2026-06-24 19:16:46,656 [INFO] 처리 중: 2세미만 영유아 입원진료비 본인부담금 면제
2026-06-24 19:16:46,656 [INFO] [DRY] 글쓰기 스킵 | category=insurance | persona=general
2026-06-24 19:16:46,659 [INFO] 처리 중: 2세미만 영유아 입원진료비 본인부담금 면제
2026-06-24 19:16:46,659 [INFO] [DRY] 글쓰기 스킵 | category=insurance | persona=general
2026-06-24 19:16:46,661 [INFO] 처리 중: 2세미만 영유아 입원진료비 본인부담금 면제
2026-06-24 19:16:46,661 [INFO] [DRY] 글쓰기 스킵 | category=insurance | persona=general
2026-06-24 19:16:46,663 [INFO] 처리 중: 2세미만 영유아 입원진료비 본인부담금 면제
2026-06-24 19:16:46,663 [INFO] [DRY] 글쓰기 스킵 | category=insurance | persona=general
2026-06-24 19:16:46,665 [INFO] 처리 중: 2세미만 영유아 입원진료비 본인부담금 면제
2026-06-24 19:16:46,665 [INFO] [DRY] 글쓰기 스킵 | category=insurance | persona=general
2026-06-24 19:16:46,668 [INFO] 처리 중: 2세미만 영유아 입원진료비 본인부담금 면제
2026-06-24 19:16:46,668 [INFO] [DRY] 글쓰기 스킵 | category=insurance | persona=general
2026-06-24 19:16:46,670 [INFO] 처리 중: 2세미만 영유아 입원진료비 본인부담금 면제
2026-06-24 19:16:46,670 [INFO] [DRY] 글쓰기 스킵 | category=insurance | persona=general
2026-06-24 19:16:46,672 [INFO] 처리 중: 2세미만 영유아 입원진료비 본인부담금 면제
2026-06-24 19:16:46,672 [INFO] [DRY] 글쓰기 스킵 | category=insurance | persona=general
2026-06-24 19:16:46,674 [INFO] 처리 중: 2세미만 영유아 입원진료비 본인부담금 면제
2026-06-24 19:16:46,674 [INFO] [DRY] 글쓰기 스킵 | category=insurance | persona=general
2026-06-24 19:16:46,676 [INFO] 처리 중: 2세미만 영유아 입원진료비 본인부담금 면제
2026-06-24 19:16:46,676 [INFO] [DRY] 글쓰기 스킵 | category=insurance | persona=general
2026-06-24 19:16:46,679 [INFO] 처리 중: 2세미만 영유아 입원진료비 본인부담금 면제
2026-06-24 19:16:46,679 [INFO] [DRY] 글쓰기 스킵 | category=insurance | persona=general
2026-06-24 19:16:46,681 [INFO] 처리 중: 2세미만 영유아 입원진료비 본인부담금 면제
2026-06-24 19:16:46,681 [INFO] [DRY] 글쓰기 스킵 | category=insurance | persona=general
2026-06-24 19:16:46,683 [INFO] 처리 중: 2세미만 영유아 입원진료비 본인부담금 면제
2026-06-24 19:16:46,684 [INFO] [DRY] 글쓰기 스킵 | category=insurance | persona=general
2026-06-24 19:16:46,686 [INFO] 처리 중: 2세미만 영유아 입원진료비 본인부담금 면제
2026-06-24 19:16:46,686 [INFO] [DRY] 글쓰기 스킵 | category=insurance | persona=general
2026-06-24 19:16:46,688 [INFO] 처리 중: 2세미만 영유아 입원진료비 본인부담금 면제
2026-06-24 19:16:46,688 [INFO] [DRY] 글쓰기 스킵 | category=insurance | persona=general
2026-06-24 19:16:46,690 [INFO] 처리 중: 2세미만 영유아 입원진료비 본인부담금 면제
2026-06-24 19:16:46,690 [INFO] [DRY] 글쓰기 스킵 | category=insurance | persona=general
2026-06-24 19:16:46,692 [INFO] 처리 중: 2세미만 영유아 입원진료비 본인부담금 면제
2026-06-24 19:16:46,692 [INFO] [DRY] 글쓰기 스킵 | category=insurance | persona=general
2026-06-24 19:16:46,694 [INFO] 처리 중: 2세미만 영유아 입원진료비 본인부담금 면제
2026-06-24 19:16:46,694 [INFO] [DRY] 글쓰기 스킵 | category=insurance | persona=general
2026-06-24 19:16:46,697 [INFO] 처리 중: 2세미만 영유아 입원진료비 본인부담금 면제
2026-06-24 19:16:46,697 [INFO] [DRY] 글쓰기 스킵 | category=insurance | persona=general
2026-06-24 19:16:46,699 [INFO] 처리 중: 2세미만 영유아 입원진료비 본인부담금 면제
2026-06-24 19:16:46,699 [INFO] [DRY] 글쓰기 스킵 | category=insurance | persona=general
2026-06-24 19:16:46,702 [INFO] 처리 중: 2세미만 영유아 입원진료비 본인부담금 면제
2026-06-24 19:16:46,702 [INFO] [DRY] 글쓰기 스킵 | category=insurance | persona=general
2026-06-24 19:16:46,704 [INFO] 처리 중: 2세미만 영유아 입원진료비 본인부담금 면제
2026-06-24 19:16:46,704 [INFO] [DRY] 글쓰기 스킵 | category=insurance | persona=general
2026-06-24 19:16:46,706 [INFO] 처리 중: 2세미만 영유아 입원진료비 본인부담금 면제
2026-06-24 19:16:46,706 [INFO] [DRY] 글쓰기 스킵 | category=insurance | persona=general
2026-06-24 19:16:46,708 [INFO] 처리 중: 2세미만 영유아 입원진료비 본인부담금 면제
2026-06-24 19:16:46,708 [INFO] [DRY] 글쓰기 스킵 | category=insurance | persona=general
2026-06-24 19:16:46,710 [INFO] 처리 중: 2세미만 영유아 입원진료비 본인부담금 면제
2026-06-24 19:16:46,711 [INFO] [DRY] 글쓰기 스킵 | category=insurance | persona=general
2026-06-24 19:16:46,713 [INFO] 처리 중: 2세미만 영유아 입원진료비 본인부담금 면제
2026-06-24 19:16:46,713 [INFO] [DRY] 글쓰기 스킵 | category=insurance | persona=general
2026-06-24 19:16:46,715 [INFO] 처리 중: 2세미만 영유아 입원진료비 본인부담금 면제
2026-06-24 19:16:46,715 [INFO] [DRY] 글쓰기 스킵 | category=insurance | persona=general
2026-06-24 19:16:46,717 [INFO] 처리 중: 2세미만 영유아 입원진료비 본인부담금 면제
2026-06-24 19:16:46,718 [INFO] [DRY] 글쓰기 스킵 | category=insurance | persona=general
2026-06-24 19:16:46,720 [INFO] 처리 중: 2세미만 영유아 입원진료비 본인부담금 면제
2026-06-24 19:16:46,720 [INFO] [DRY] 글쓰기 스킵 | category=insurance | persona=general
2026-06-24 19:16:46,722 [INFO] 처리 중: 2세미만 영유아 입원진료비 본인부담금 면제
2026-06-24 19:16:46,722 [INFO] [DRY] 글쓰기 스킵 | category=insurance | persona=general
2026-06-24 19:16:46,724 [INFO] 처리 중: 2세미만 영유아 입원진료비 본인부담금 면제
2026-06-24 19:16:46,724 [INFO] [DRY] 글쓰기 스킵 | category=insurance | persona=general
2026-06-24 19:16:46,726 [INFO] 처리 중: 2세미만 영유아 입원진료비 본인부담금 면제
2026-06-24 19:16:46,726 [INFO] [DRY] 글쓰기 스킵 | category=insurance | persona=general
2026-06-24 19:16:46,728 [INFO] 처리 중: 2세미만 영유아 입원진료비 본인부담금 면제
2026-06-24 19:16:46,728 [INFO] [DRY] 글쓰기 스킵 | category=insurance | persona=general
2026-06-24 19:16:46,730 [INFO] 처리 중: 2세미만 영유아 입원진료비 본인부담금 면제
2026-06-24 19:16:46,731 [INFO] [DRY] 글쓰기 스킵 | category=insurance | persona=general
2026-06-24 19:16:46,733 [INFO] 처리 중: 2세미만 영유아 입원진료비 본인부담금 면제
2026-06-24 19:16:46,733 [INFO] [DRY] 글쓰기 스킵 | category=insurance | persona=general
2026-06-24 19:16:46,735 [INFO] 처리 중: 2세미만 영유아 입원진료비 본인부담금 면제
2026-06-24 19:16:46,735 [INFO] [DRY] 글쓰기 스킵 | category=insurance | persona=general
2026-06-24 19:16:46,738 [INFO] 처리 중: 2세미만 영유아 입원진료비 본인부담금 면제
2026-06-24 19:16:46,738 [INFO] [DRY] 글쓰기 스킵 | category=insurance | persona=general
2026-06-24 19:16:46,740 [INFO] 처리 중: 2세미만 영유아 입원진료비 본인부담금 면제
2026-06-24 19:16:46,740 [INFO] [DRY] 글쓰기 스킵 | category=insurance | persona=general
2026-06-24 19:16:46,742 [INFO] 처리 중: 2세미만 영유아 입원진료비 본인부담금 면제
2026-06-24 19:16:46,742 [INFO] [DRY] 글쓰기 스킵 | category=insurance | persona=general
2026-06-24 19:16:46,744 [INFO] 처리 중: 2세미만 영유아 입원진료비 본인부담금 면제
2026-06-24 19:16:46,744 [INFO] [DRY] 글쓰기 스킵 | category=insurance | persona=general
2026-06-24 19:16:46,746 [INFO] 처리 중: 2세미만 영유아 입원진료비 본인부담금 면제
2026-06-24 19:16:46,746 [INFO] [DRY] 글쓰기 스킵 | category=insurance | persona=general
2026-06-24 19:16:46,748 [INFO] 처리 중: 2세미만 영유아 입원진료비 본인부담금 면제
2026-06-24 19:16:46,748 [INFO] [DRY] 글쓰기 스킵 | category=insurance | persona=general
2026-06-24 19:16:46,750 [INFO] 처리 중: 2세미만 영유아 입원진료비 본인부담금 면제
2026-06-24 19:16:46,750 [INFO] [DRY] 글쓰기 스킵 | category=insurance | persona=general
2026-06-24 19:16:46,753 [INFO] 처리 중: 2세미만 영유아 입원진료비 본인부담금 면제
2026-06-24 19:16:46,753 [INFO] [DRY] 글쓰기 스킵 | category=insurance | persona=general
2026-06-24 19:16:46,755 [INFO] 처리 중: 2세미만 영유아 입원진료비 본인부담금 면제
2026-06-24 19:16:46,755 [INFO] [DRY] 글쓰기 스킵 | category=insurance | persona=general
2026-06-24 19:16:46,757 [INFO] 처리 중: 2세미만 영유아 입원진료비 본인부담금 면제
2026-06-24 19:16:46,757 [INFO] [DRY] 글쓰기 스킵 | category=insurance | persona=general
2026-06-24 19:16:46,759 [INFO] 처리 중: 2세미만 영유아 입원진료비 본인부담금 면제
2026-06-24 19:16:46,759 [INFO] [DRY] 글쓰기 스킵 | category=insurance | persona=general
2026-06-24 19:16:46,761 [INFO] 처리 중: 2세미만 영유아 입원진료비 본인부담금 면제
2026-06-24 19:16:46,761 [INFO] [DRY] 글쓰기 스킵 | category=insurance | persona=general
2026-06-24 19:16:46,763 [INFO] 처리 중: 2세미만 영유아 입원진료비 본인부담금 면제
2026-06-24 19:16:46,763 [INFO] [DRY] 글쓰기 스킵 | category=insurance | persona=general
2026-06-24 19:16:46,766 [INFO] 처리 중: 2세미만 영유아 입원진료비 본인부담금 면제
2026-06-24 19:16:46,766 [INFO] [DRY] 글쓰기 스킵 | category=insurance | persona=general
2026-06-24 19:16:46,768 [INFO] 처리 중: 2세미만 영유아 입원진료비 본인부담금 면제
2026-06-24 19:16:46,768 [INFO] [DRY] 글쓰기 스킵 | category=insurance | persona=general
2026-06-24 19:16:46,770 [INFO] 처리 중: 2세미만 영유아 입원진료비 본인부담금 면제
2026-06-24 19:16:46,770 [INFO] [DRY] 글쓰기 스킵 | category=insurance | persona=general
2026-06-24 19:16:46,772 [INFO] 처리 중: 2세미만 영유아 입원진료비 본인부담금 면제
2026-06-24 19:16:46,772 [INFO] [DRY] 글쓰기 스킵 | category=insurance | persona=general
2026-06-24 19:16:46,775 [INFO] 처리 중: 2세미만 영유아 입원진료비 본인부담금 면제
2026-06-24 19:16:46,775 [INFO] [DRY] 글쓰기 스킵 | category=insurance | persona=general
2026-06-24 19:16:46,777 [INFO] 처리 중: 2세미만 영유아 입원진료비 본인부담금 면제
2026-06-24 19:16:46,777 [INFO] [DRY] 글쓰기 스킵 | category=insurance | persona=general
2026-06-24 19:16:46,779 [INFO] 처리 중: 2세미만 영유아 입원진료비 본인부담금 면제
2026-06-24 19:16:46,779 [INFO] [DRY] 글쓰기 스킵 | category=insurance | persona=general
2026-06-24 19:16:46,782 [INFO] 처리 중: 2세미만 영유아 입원진료비 본인부담금 면제
2026-06-24 19:16:46,782 [INFO] [DRY] 글쓰기 스킵 | category=insurance | persona=general
2026-06-24 19:16:46,784 [INFO] 처리 중: 2세미만 영유아 입원진료비 본인부담금 면제
2026-06-24 19:16:46,784 [INFO] [DRY] 글쓰기 스킵 | category=insurance | persona=general
2026-06-24 19:16:46,786 [INFO] 처리 중: 2세미만 영유아 입원진료비 본인부담금 면제
2026-06-24 19:16:46,786 [INFO] [DRY] 글쓰기 스킵 | category=insurance | persona=general
2026-06-24 19:16:46,788 [INFO] 처리 중: 2세미만 영유아 입원진료비 본인부담금 면제
2026-06-24 19:16:46,788 [INFO] [DRY] 글쓰기 스킵 | category=insurance | persona=general
2026-06-24 19:16:46,791 [INFO] 처리 중: 2세미만 영유아 입원진료비 본인부담금 면제
2026-06-24 19:16:46,791 [INFO] [DRY] 글쓰기 스킵 | category=insurance | persona=general
2026-06-24 19:16:46,793 [INFO] 처리 중: 2세미만 영유아 입원진료비 본인부담금 면제
2026-06-24 19:16:46,793 [INFO] [DRY] 글쓰기 스킵 | category=insurance | persona=general
2026-06-24 19:16:46,795 [INFO] 처리 중: 2세미만 영유아 입원진료비 본인부담금 면제
2026-06-24 19:16:46,795 [INFO] [DRY] 글쓰기 스킵 | category=insurance | persona=general
2026-06-24 19:16:46,797 [INFO] 처리 중: 2세미만 영유아 입원진료비 본인부담금 면제
2026-06-24 19:16:46,798 [INFO] [DRY] 글쓰기 스킵 | category=insurance | persona=general
2026-06-24 19:16:46,800 [INFO] 처리 중: 2세미만 영유아 입원진료비 본인부담금 면제
2026-06-24 19:16:46,800 [INFO] [DRY] 글쓰기 스킵 | category=insurance | persona=general
2026-06-24 19:16:46,802 [INFO] 처리 중: 2세미만 영유아 입원진료비 본인부담금 면제
2026-06-24 19:16:46,802 [INFO] [DRY] 글쓰기 스킵 | category=insurance | persona=general
2026-06-24 19:16:46,804 [INFO] 처리 중: 2세미만 영유아 입원진료비 본인부담금 면제
2026-06-24 19:16:46,804 [INFO] [DRY] 글쓰기 스킵 | category=insurance | persona=general
2026-06-24 19:16:46,806 [INFO] 처리 중: 2세미만 영유아 입원진료비 본인부담금 면제
2026-06-24 19:16:46,806 [INFO] [DRY] 글쓰기 스킵 | category=insurance | persona=general
2026-06-24 19:16:46,809 [INFO] 처리 중: 2세미만 영유아 입원진료비 본인부담금 면제
2026-06-24 19:16:46,809 [INFO] [DRY] 글쓰기 스킵 | category=insurance | persona=general
2026-06-24 19:16:46,811 [INFO] 처리 중: 2세미만 영유아 입원진료비 본인부담금 면제
2026-06-24 19:16:46,811 [INFO] [DRY] 글쓰기 스킵 | category=insurance | persona=general
2026-06-24 19:16:46,813 [INFO] 처리 중: 2세미만 영유아 입원진료비 본인부담금 면제
2026-06-24 19:16:46,813 [INFO] [DRY] 글쓰기 스킵 | category=insurance | persona=general
2026-06-24 19:16:46,815 [INFO] 처리 중: 2세미만 영유아 입원진료비 본인부담금 면제
2026-06-24 19:16:46,815 [INFO] [DRY] 글쓰기 스킵 | category=insurance | persona=general
2026-06-24 19:16:46,818 [INFO] 처리 중: 2세미만 영유아 입원진료비 본인부담금 면제
2026-06-24 19:16:46,818 [INFO] [DRY] 글쓰기 스킵 | category=insurance | persona=general
2026-06-24 19:16:46,820 [INFO] 처리 중: 2세미만 영유아 입원진료비 본인부담금 면제
2026-06-24 19:16:46,820 [INFO] [DRY] 글쓰기 스킵 | category=insurance | persona=general
2026-06-24 19:16:46,823 [INFO] 처리 중: 2세미만 영유아 입원진료비 본인부담금 면제
2026-06-24 19:16:46,823 [INFO] [DRY] 글쓰기 스킵 | category=insurance | persona=general
2026-06-24 19:16:46,825 [INFO] 처리 중: 2세미만 영유아 입원진료비 본인부담금 면제
2026-06-24 19:16:46,825 [INFO] [DRY] 글쓰기 스킵 | category=insurance | persona=general
2026-06-24 19:16:46,827 [INFO] 처리 중: 2세미만 영유아 입원진료비 본인부담금 면제
2026-06-24 19:16:46,827 [INFO] [DRY] 글쓰기 스킵 | category=insurance | persona=general
2026-06-24 19:16:46,829 [INFO] 처리 중: 2세미만 영유아 입원진료비 본인부담금 면제
2026-06-24 19:16:46,829 [INFO] [DRY] 글쓰기 스킵 | category=insurance | persona=general
2026-06-24 19:16:46,832 [INFO] 처리 중: 2세미만 영유아 입원진료비 본인부담금 면제
2026-06-24 19:16:46,832 [INFO] [DRY] 글쓰기 스킵 | category=insurance | persona=general
2026-06-24 19:16:46,834 [INFO] 처리 중: 2세미만 영유아 입원진료비 본인부담금 면제
2026-06-24 19:16:46,834 [INFO] [DRY] 글쓰기 스킵 | category=insurance | persona=general
2026-06-24 19:16:46,836 [INFO] 처리 중: 2세미만 영유아 입원진료비 본인부담금 면제
2026-06-24 19:16:46,836 [INFO] [DRY] 글쓰기 스킵 | category=insurance | persona=general
2026-06-24 19:16:46,838 [INFO] 처리 중: 2세미만 영유아 입원진료비 본인부담금 면제
2026-06-24 19:16:46,838 [INFO] [DRY] 글쓰기 스킵 | category=insurance | persona=general
2026-06-24 19:16:46,840 [INFO] 처리 중: 2세미만 영유아 입원진료비 본인부담금 면제
2026-06-24 19:16:46,840 [INFO] [DRY] 글쓰기 스킵 | category=insurance | persona=general
2026-06-24 19:16:46,843 [INFO] 처리 중: 2세미만 영유아 입원진료비 본인부담금 면제
2026-06-24 19:16:46,843 [INFO] [DRY] 글쓰기 스킵 | category=insurance | persona=general
2026-06-24 19:16:46,845 [INFO] 처리 중: 2세미만 영유아 입원진료비 본인부담금 면제
2026-06-24 19:16:46,845 [INFO] [DRY] 글쓰기 스킵 | category=insurance | persona=general
2026-06-24 19:16:46,847 [INFO] 처리 중: 2세미만 영유아 입원진료비 본인부담금 면제
2026-06-24 19:16:46,847 [INFO] [DRY] 글쓰기 스킵 | category=insurance | persona=general
2026-06-24 19:16:46,849 [INFO] 처리 중: 2세미만 영유아 입원진료비 본인부담금 면제
2026-06-24 19:16:46,849 [INFO] [DRY] 글쓰기 스킵 | category=insurance | persona=general
2026-06-24 19:16:46,852 [INFO] 처리 중: 2세미만 영유아 입원진료비 본인부담금 면제
2026-06-24 19:16:46,852 [INFO] [DRY] 글쓰기 스킵 | category=insurance | persona=general
2026-06-24 19:16:46,854 [INFO] 처리 중: 2세미만 영유아 입원진료비 본인부담금 면제
2026-06-24 19:16:46,854 [INFO] [DRY] 글쓰기 스킵 | category=insurance | persona=general
2026-06-24 19:16:46,856 [INFO] 처리 중: 2세미만 영유아 입원진료비 본인부담금 면제
2026-06-24 19:16:46,856 [INFO] [DRY] 글쓰기 스킵 | category=insurance | persona=general
2026-06-24 19:16:46,859 [INFO] 처리 중: 2세미만 영유아 입원진료비 본인부담금 면제
2026-06-24 19:16:46,859 [INFO] [DRY] 글쓰기 스킵 | category=insurance | persona=general
2026-06-24 19:16:46,861 [INFO] 처리 중: 2세미만 영유아 입원진료비 본인부담금 면제
2026-06-24 19:16:46,861 [INFO] [DRY] 글쓰기 스킵 | category=insurance | persona=general
2026-06-24 19:16:46,864 [INFO] 처리 중: 2세미만 영유아 입원진료비 본인부담금 면제
2026-06-24 19:16:46,864 [INFO] [DRY] 글쓰기 스킵 | category=insurance | persona=general
2026-06-24 19:16:46,866 [INFO] 처리 중: 2세미만 영유아 입원진료비 본인부담금 면제
2026-06-24 19:16:46,866 [INFO] [DRY] 글쓰기 스킵 | category=insurance | persona=general
2026-06-24 19:16:46,868 [INFO] 처리 중: 2세미만 영유아 입원진료비 본인부담금 면제
2026-06-24 19:16:46,868 [INFO] [DRY] 글쓰기 스킵 | category=insurance | persona=general
2026-06-24 19:16:46,870 [INFO] 처리 중: 2세미만 영유아 입원진료비 본인부담금 면제
2026-06-24 19:16:46,870 [INFO] [DRY] 글쓰기 스킵 | category=insurance | persona=general
2026-06-24 19:16:46,872 [INFO] 처리 중: 2세미만 영유아 입원진료비 본인부담금 면제
2026-06-24 19:16:46,872 [INFO] [DRY] 글쓰기 스킵 | category=insurance | persona=general
2026-06-24 19:16:46,874 [INFO] 처리 중: 2세미만 영유아 입원진료비 본인부담금 면제
2026-06-24 19:16:46,874 [INFO] [DRY] 글쓰기 스킵 | category=insurance | persona=general
2026-06-24 19:16:46,877 [INFO] 처리 중: 2세미만 영유아 입원진료비 본인부담금 면제
2026-06-24 19:16:46,877 [INFO] [DRY] 글쓰기 스킵 | category=insurance | persona=general
2026-06-24 19:16:46,879 [INFO] 처리 중: 2세미만 영유아 입원진료비 본인부담금 면제
2026-06-24 19:16:46,879 [INFO] [DRY] 글쓰기 스킵 | category=insurance | persona=general
2026-06-24 19:16:46,881 [INFO] 처리 중: 2세미만 영유아 입원진료비 본인부담금 면제
2026-06-24 19:16:46,881 [INFO] [DRY] 글쓰기 스킵 | category=insurance | persona=general
2026-06-24 19:16:46,883 [INFO] 처리 중: 2세미만 영유아 입원진료비 본인부담금 면제
2026-06-24 19:16:46,884 [INFO] [DRY] 글쓰기 스킵 | category=insurance | persona=general
2026-06-24 19:16:46,886 [INFO] 처리 중: 2세미만 영유아 입원진료비 본인부담금 면제
2026-06-24 19:16:46,886 [INFO] [DRY] 글쓰기 스킵 | category=insurance | persona=general
2026-06-24 19:16:46,888 [INFO] 처리 중: 2세미만 영유아 입원진료비 본인부담금 면제
2026-06-24 19:16:46,888 [INFO] [DRY] 글쓰기 스킵 | category=insurance | persona=general
2026-06-24 19:16:46,890 [INFO] 처리 중: 2세미만 영유아 입원진료비 본인부담금 면제
2026-06-24 19:16:46,890 [INFO] [DRY] 글쓰기 스킵 | category=insurance | persona=general
2026-06-24 19:16:46,893 [INFO] 처리 중: 2세미만 영유아 입원진료비 본인부담금 면제
2026-06-24 19:16:46,893 [INFO] [DRY] 글쓰기 스킵 | category=insurance | persona=general
2026-06-24 19:16:46,895 [INFO] 처리 중: 2세미만 영유아 입원진료비 본인부담금 면제
2026-06-24 19:16:46,895 [INFO] [DRY] 글쓰기 스킵 | category=insurance | persona=general
2026-06-24 19:16:46,897 [INFO] 처리 중: 2세미만 영유아 입원진료비 본인부담금 면제
2026-06-24 19:16:46,897 [INFO] [DRY] 글쓰기 스킵 | category=insurance | persona=general
2026-06-24 19:16:46,903 [INFO] 처리 중: 2세미만 영유아 입원진료비 본인부담금 면제
2026-06-24 19:16:46,903 [INFO] [DRY] 글쓰기 스킵 | category=insurance | persona=general
2026-06-24 19:16:46,907 [INFO] 처리 중: 2세미만 영유아 입원진료비 본인부담금 면제
2026-06-24 19:16:46,907 [INFO] [DRY] 글쓰기 스킵 | category=insurance | persona=general
2026-06-24 19:16:46,914 [INFO] 처리 중: 2세미만 영유아 입원진료비 본인부담금 면제
2026-06-24 19:16:46,914 [INFO] [DRY] 글쓰기 스킵 | category=insurance | persona=general
2026-06-24 19:16:46,919 [INFO] 처리 중: 2세미만 영유아 입원진료비 본인부담금 면제
2026-06-24 19:16:46,919 [INFO] [DRY] 글쓰기 스킵 | category=insurance | persona=general
2026-06-24 19:16:46,922 [INFO] 처리 중: 2세미만 영유아 입원진료비 본인부담금 면제
2026-06-24 19:16:46,922 [INFO] [DRY] 글쓰기 스킵 | category=insurance | persona=general
2026-06-24 19:16:46,924 [INFO] 처리 중: 2세미만 영유아 입원진료비 본인부담금 면제
2026-06-24 19:16:46,924 [INFO] [DRY] 글쓰기 스킵 | category=insurance | persona=general
2026-06-24 19:16:46,926 [INFO] 처리 중: 2세미만 영유아 입원진료비 본인부담금 면제
2026-06-24 19:16:46,926 [INFO] [DRY] 글쓰기 스킵 | category=insurance | persona=general
2026-06-24 19:16:46,928 [INFO] 처리 중: 2세미만 영유아 입원진료비 본인부담금 면제
2026-06-24 19:16:46,928 [INFO] [DRY] 글쓰기 스킵 | category=insurance | persona=general
2026-06-24 19:16:46,931 [INFO] 처리 중: 2세미만 영유아 입원진료비 본인부담금 면제
2026-06-24 19:16:46,931 [INFO] [DRY] 글쓰기 스킵 | category=insurance | persona=general
2026-06-24 19:16:46,933 [INFO] 처리 중: 2세미만 영유아 입원진료비 본인부담금 면제
2026-06-24 19:16:46,933 [INFO] [DRY] 글쓰기 스킵 | category=insurance | persona=general
2026-06-24 19:16:46,936 [INFO] 처리 중: 2세미만 영유아 입원진료비 본인부담금 면제
2026-06-24 19:16:46,936 [INFO] [DRY] 글쓰기 스킵 | category=insurance | persona=general
2026-06-24 19:16:46,938 [INFO] 처리 중: 2세미만 영유아 입원진료비 본인부담금 면제
2026-06-24 19:16:46,938 [INFO] [DRY] 글쓰기 스킵 | category=insurance | persona=general
2026-06-24 19:16:46,940 [INFO] 처리 중: 2세미만 영유아 입원진료비 본인부담금 면제
2026-06-24 19:16:46,940 [INFO] [DRY] 글쓰기 스킵 | category=insurance | persona=general
2026-06-24 19:16:46,943 [INFO] 처리 중: 2세미만 영유아 입원진료비 본인부담금 면제
2026-06-24 19:16:46,943 [INFO] [DRY] 글쓰기 스킵 | category=insurance | persona=general
2026-06-24 19:16:46,945 [INFO] 처리 중: 2세미만 영유아 입원진료비 본인부담금 면제
2026-06-24 19:16:46,945 [INFO] [DRY] 글쓰기 스킵 | category=insurance | persona=general
2026-06-24 19:16:46,947 [INFO] 처리 중: 2세미만 영유아 입원진료비 본인부담금 면제
2026-06-24 19:16:46,947 [INFO] [DRY] 글쓰기 스킵 | category=insurance | persona=general
2026-06-24 19:16:46,950 [INFO] 처리 중: 2세미만 영유아 입원진료비 본인부담금 면제
2026-06-24 19:16:46,950 [INFO] [DRY] 글쓰기 스킵 | category=insurance | persona=general
2026-06-24 19:16:46,952 [INFO] 처리 중: 2세미만 영유아 입원진료비 본인부담금 면제
2026-06-24 19:16:46,952 [INFO] [DRY] 글쓰기 스킵 | category=insurance | persona=general
2026-06-24 19:16:46,954 [INFO] 처리 중: 2세미만 영유아 입원진료비 본인부담금 면제
2026-06-24 19:16:46,954 [INFO] [DRY] 글쓰기 스킵 | category=insurance | persona=general
2026-06-24 19:16:46,956 [INFO] 처리 중: 2세미만 영유아 입원진료비 본인부담금 면제
2026-06-24 19:16:46,956 [INFO] [DRY] 글쓰기 스킵 | category=insurance | persona=general
2026-06-24 19:16:46,959 [INFO] 처리 중: 2세미만 영유아 입원진료비 본인부담금 면제
2026-06-24 19:16:46,959 [INFO] [DRY] 글쓰기 스킵 | category=insurance | persona=general
2026-06-24 19:16:46,961 [INFO] 처리 중: 2세미만 영유아 입원진료비 본인부담금 면제
2026-06-24 19:16:46,961 [INFO] [DRY] 글쓰기 스킵 | category=insurance | persona=general
2026-06-24 19:16:46,963 [INFO] 처리 중: 2세미만 영유아 입원진료비 본인부담금 면제
2026-06-24 19:16:46,963 [INFO] [DRY] 글쓰기 스킵 | category=insurance | persona=general
2026-06-24 19:16:46,965 [INFO] 처리 중: 2세미만 영유아 입원진료비 본인부담금 면제
2026-06-24 19:16:46,965 [INFO] [DRY] 글쓰기 스킵 | category=insurance | persona=general
2026-06-24 19:16:46,968 [INFO] 처리 중: 2세미만 영유아 입원진료비 본인부담금 면제
2026-06-24 19:16:46,968 [INFO] [DRY] 글쓰기 스킵 | category=insurance | persona=general
2026-06-24 19:16:46,970 [INFO] 처리 중: 2세미만 영유아 입원진료비 본인부담금 면제
2026-06-24 19:16:46,970 [INFO] [DRY] 글쓰기 스킵 | category=insurance | persona=general
2026-06-24 19:16:46,973 [INFO] 처리 중: 2세미만 영유아 입원진료비 본인부담금 면제
2026-06-24 19:16:46,973 [INFO] [DRY] 글쓰기 스킵 | category=insurance | persona=general
2026-06-24 19:16:46,975 [INFO] 처리 중: 2세미만 영유아 입원진료비 본인부담금 면제
2026-06-24 19:16:46,975 [INFO] [DRY] 글쓰기 스킵 | category=insurance | persona=general
2026-06-24 19:16:46,977 [INFO] 처리 중: 2세미만 영유아 입원진료비 본인부담금 면제
2026-06-24 19:16:46,977 [INFO] [DRY] 글쓰기 스킵 | category=insurance | persona=general
2026-06-24 19:16:46,980 [INFO] 처리 중: 2세미만 영유아 입원진료비 본인부담금 면제
2026-06-24 19:16:46,980 [INFO] [DRY] 글쓰기 스킵 | category=insurance | persona=general
2026-06-24 19:16:46,982 [INFO] 처리 중: 2세미만 영유아 입원진료비 본인부담금 면제
2026-06-24 19:16:46,982 [INFO] [DRY] 글쓰기 스킵 | category=insurance | persona=general
2026-06-24 19:16:46,984 [INFO] 처리 중: 2세미만 영유아 입원진료비 본인부담금 면제
2026-06-24 19:16:46,984 [INFO] [DRY] 글쓰기 스킵 | category=insurance | persona=general
2026-06-24 19:16:46,987 [INFO] 처리 중: 2세미만 영유아 입원진료비 본인부담금 면제
2026-06-24 19:16:46,987 [INFO] [DRY] 글쓰기 스킵 | category=insurance | persona=general
2026-06-24 19:16:46,989 [INFO] 처리 중: 2세미만 영유아 입원진료비 본인부담금 면제
2026-06-24 19:16:46,989 [INFO] [DRY] 글쓰기 스킵 | category=insurance | persona=general
2026-06-24 19:16:46,991 [INFO] 처리 중: 2세미만 영유아 입원진료비 본인부담금 면제
2026-06-24 19:16:46,991 [INFO] [DRY] 글쓰기 스킵 | category=insurance | persona=general
2026-06-24 19:16:46,993 [INFO] 처리 중: 2세미만 영유아 입원진료비 본인부담금 면제
2026-06-24 19:16:46,993 [INFO] [DRY] 글쓰기 스킵 | category=insurance | persona=general
2026-06-24 19:16:46,996 [INFO] 처리 중: 2세미만 영유아 입원진료비 본인부담금 면제
2026-06-24 19:16:46,996 [INFO] [DRY] 글쓰기 스킵 | category=insurance | persona=general
2026-06-24 19:16:46,998 [INFO] 처리 중: 2세미만 영유아 입원진료비 본인부담금 면제
2026-06-24 19:16:46,998 [INFO] [DRY] 글쓰기 스킵 | category=insurance | persona=general
2026-06-24 19:16:47,000 [INFO] 처리 중: 2세미만 영유아 입원진료비 본인부담금 면제
2026-06-24 19:16:47,000 [INFO] [DRY] 글쓰기 스킵 | category=insurance | persona=general
2026-06-24 19:16:47,002 [INFO] 처리 중: 2세미만 영유아 입원진료비 본인부담금 면제
2026-06-24 19:16:47,002 [INFO] [DRY] 글쓰기 스킵 | category=insurance | persona=general
2026-06-24 19:16:47,004 [INFO] 처리 중: 2세미만 영유아 입원진료비 본인부담금 면제
2026-06-24 19:16:47,004 [INFO] [DRY] 글쓰기 스킵 | category=insurance | persona=general
2026-06-24 19:16:47,006 [INFO] 처리 중: 2세미만 영유아 입원진료비 본인부담금 면제
2026-06-24 19:16:47,006 [INFO] [DRY] 글쓰기 스킵 | category=insurance | persona=general
2026-06-24 19:16:47,009 [INFO] 처리 중: 2세미만 영유아 입원진료비 본인부담금 면제
2026-06-24 19:16:47,009 [INFO] [DRY] 글쓰기 스킵 | category=insurance | persona=general
2026-06-24 19:16:47,011 [INFO] 처리 중: 2세미만 영유아 입원진료비 본인부담금 면제
2026-06-24 19:16:47,011 [INFO] [DRY] 글쓰기 스킵 | category=insurance | persona=general
2026-06-24 19:16:47,013 [INFO] 처리 중: 2세미만 영유아 입원진료비 본인부담금 면제
2026-06-24 19:16:47,013 [INFO] [DRY] 글쓰기 스킵 | category=insurance | persona=general
2026-06-24 19:16:47,015 [INFO] 처리 중: 2세미만 영유아 입원진료비 본인부담금 면제
2026-06-24 19:16:47,015 [INFO] [DRY] 글쓰기 스킵 | category=insurance | persona=general
2026-06-24 19:16:47,017 [INFO] 처리 중: 2세미만 영유아 입원진료비 본인부담금 면제
2026-06-24 19:16:47,017 [INFO] [DRY] 글쓰기 스킵 | category=insurance | persona=general
2026-06-24 19:16:47,019 [INFO] 처리 중: 2세미만 영유아 입원진료비 본인부담금 면제
2026-06-24 19:16:47,019 [INFO] [DRY] 글쓰기 스킵 | category=insurance | persona=general
2026-06-24 19:16:47,022 [INFO] 처리 중: 2세미만 영유아 입원진료비 본인부담금 면제
2026-06-24 19:16:47,022 [INFO] [DRY] 글쓰기 스킵 | category=insurance | persona=general
2026-06-24 19:16:47,024 [INFO] 처리 중: 2세미만 영유아 입원진료비 본인부담금 면제
2026-06-24 19:16:47,024 [INFO] [DRY] 글쓰기 스킵 | category=insurance | persona=general
2026-06-24 19:16:47,027 [INFO] 처리 중: 2세미만 영유아 입원진료비 본인부담금 면제
2026-06-24 19:16:47,027 [INFO] [DRY] 글쓰기 스킵 | category=insurance | persona=general
2026-06-24 19:16:47,029 [INFO] 처리 중: 2세미만 영유아 입원진료비 본인부담금 면제
2026-06-24 19:16:47,029 [INFO] [DRY] 글쓰기 스킵 | category=insurance | persona=general
2026-06-24 19:16:47,031 [INFO] 처리 중: 2세미만 영유아 입원진료비 본인부담금 면제
2026-06-24 19:16:47,031 [INFO] [DRY] 글쓰기 스킵 | category=insurance | persona=general
2026-06-24 19:16:47,033 [INFO] 처리 중: 2세미만 영유아 입원진료비 본인부담금 면제
2026-06-24 19:16:47,033 [INFO] [DRY] 글쓰기 스킵 | category=insurance | persona=general
2026-06-24 19:16:47,035 [INFO] 처리 중: 2세미만 영유아 입원진료비 본인부담금 면제
2026-06-24 19:16:47,035 [INFO] [DRY] 글쓰기 스킵 | category=insurance | persona=general
2026-06-24 19:16:47,038 [INFO] 처리 중: 2세미만 영유아 입원진료비 본인부담금 면제
2026-06-24 19:16:47,038 [INFO] [DRY] 글쓰기 스킵 | category=insurance | persona=general
2026-06-24 19:16:47,040 [INFO] 처리 중: 2세미만 영유아 입원진료비 본인부담금 면제
2026-06-24 19:16:47,040 [INFO] [DRY] 글쓰기 스킵 | category=insurance | persona=general
2026-06-24 19:16:47,042 [INFO] 처리 중: 2세미만 영유아 입원진료비 본인부담금 면제
2026-06-24 19:16:47,042 [INFO] [DRY] 글쓰기 스킵 | category=insurance | persona=general
2026-06-24 19:16:47,045 [INFO] 처리 중: 2세미만 영유아 입원진료비 본인부담금 면제
2026-06-24 19:16:47,045 [INFO] [DRY] 글쓰기 스킵 | category=insurance | persona=general
2026-06-24 19:16:47,047 [INFO] 처리 중: 2세미만 영유아 입원진료비 본인부담금 면제
2026-06-24 19:16:47,047 [INFO] [DRY] 글쓰기 스킵 | category=insurance | persona=general
2026-06-24 19:16:47,049 [INFO] 처리 중: 2세미만 영유아 입원진료비 본인부담금 면제
2026-06-24 19:16:47,049 [INFO] [DRY] 글쓰기 스킵 | category=insurance | persona=general
2026-06-24 19:16:47,052 [INFO] 처리 중: 2세미만 영유아 입원진료비 본인부담금 면제
2026-06-24 19:16:47,052 [INFO] [DRY] 글쓰기 스킵 | category=insurance | persona=general
2026-06-24 19:16:47,054 [INFO] 처리 중: 2세미만 영유아 입원진료비 본인부담금 면제
2026-06-24 19:16:47,054 [INFO] [DRY] 글쓰기 스킵 | category=insurance | persona=general
2026-06-24 19:16:47,056 [INFO] 처리 중: 2세미만 영유아 입원진료비 본인부담금 면제
2026-06-24 19:16:47,056 [INFO] [DRY] 글쓰기 스킵 | category=insurance | persona=general
2026-06-24 19:16:47,058 [INFO] 처리 중: 2세미만 영유아 입원진료비 본인부담금 면제
2026-06-24 19:16:47,058 [INFO] [DRY] 글쓰기 스킵 | category=insurance | persona=general
2026-06-24 19:16:47,061 [INFO] 처리 중: 2세미만 영유아 입원진료비 본인부담금 면제
2026-06-24 19:16:47,061 [INFO] [DRY] 글쓰기 스킵 | category=insurance | persona=general
2026-06-24 19:16:47,063 [INFO] 처리 중: 2세미만 영유아 입원진료비 본인부담금 면제
2026-06-24 19:16:47,063 [INFO] [DRY] 글쓰기 스킵 | category=insurance | persona=general
2026-06-24 19:16:47,066 [INFO] 처리 중: 2세미만 영유아 입원진료비 본인부담금 면제
2026-06-24 19:16:47,066 [INFO] [DRY] 글쓰기 스킵 | category=insurance | persona=general
2026-06-24 19:16:47,068 [INFO] 처리 중: 2세미만 영유아 입원진료비 본인부담금 면제
2026-06-24 19:16:47,068 [INFO] [DRY] 글쓰기 스킵 | category=insurance | persona=general
2026-06-24 19:16:47,070 [INFO] 처리 중: 2세미만 영유아 입원진료비 본인부담금 면제
2026-06-24 19:16:47,070 [INFO] [DRY] 글쓰기 스킵 | category=insurance | persona=general
2026-06-24 19:16:47,072 [INFO] 처리 중: 2세미만 영유아 입원진료비 본인부담금 면제
2026-06-24 19:16:47,072 [INFO] [DRY] 글쓰기 스킵 | category=insurance | persona=general
2026-06-24 19:16:47,074 [INFO] 처리 중: 2세미만 영유아 입원진료비 본인부담금 면제
2026-06-24 19:16:47,074 [INFO] [DRY] 글쓰기 스킵 | category=insurance | persona=general
2026-06-24 19:16:47,076 [INFO] 처리 중: 2세미만 영유아 입원진료비 본인부담금 면제
2026-06-24 19:16:47,076 [INFO] [DRY] 글쓰기 스킵 | category=insurance | persona=general
2026-06-24 19:16:47,079 [INFO] 처리 중: 2세미만 영유아 입원진료비 본인부담금 면제
2026-06-24 19:16:47,079 [INFO] [DRY] 글쓰기 스킵 | category=insurance | persona=general
2026-06-24 19:16:47,081 [INFO] 처리 중: 2세미만 영유아 입원진료비 본인부담금 면제
2026-06-24 19:16:47,081 [INFO] [DRY] 글쓰기 스킵 | category=insurance | persona=general
2026-06-24 19:16:47,083 [INFO] 처리 중: 2세미만 영유아 입원진료비 본인부담금 면제
2026-06-24 19:16:47,083 [INFO] [DRY] 글쓰기 스킵 | category=insurance | persona=general
2026-06-24 19:16:47,086 [INFO] 처리 중: 2세미만 영유아 입원진료비 본인부담금 면제
2026-06-24 19:16:47,086 [INFO] [DRY] 글쓰기 스킵 | category=insurance | persona=general
2026-06-24 19:16:47,088 [INFO] 처리 중: 2세미만 영유아 입원진료비 본인부담금 면제
2026-06-24 19:16:47,088 [INFO] [DRY] 글쓰기 스킵 | category=insurance | persona=general
2026-06-24 19:16:47,090 [INFO] 처리 중: 2세미만 영유아 입원진료비 본인부담금 면제
2026-06-24 19:16:47,090 [INFO] [DRY] 글쓰기 스킵 | category=insurance | persona=general
2026-06-24 19:16:47,092 [INFO] 처리 중: 2세미만 영유아 입원진료비 본인부담금 면제
2026-06-24 19:16:47,092 [INFO] [DRY] 글쓰기 스킵 | category=insurance | persona=general
2026-06-24 19:16:47,094 [INFO] 처리 중: 2세미만 영유아 입원진료비 본인부담금 면제
2026-06-24 19:16:47,094 [INFO] [DRY] 글쓰기 스킵 | category=insurance | persona=general
2026-06-24 19:16:47,096 [INFO] 처리 중: 2세미만 영유아 입원진료비 본인부담금 면제
2026-06-24 19:16:47,096 [INFO] [DRY] 글쓰기 스킵 | category=insurance | persona=general
2026-06-24 19:16:47,098 [INFO] 처리 중: 2세미만 영유아 입원진료비 본인부담금 면제
2026-06-24 19:16:47,098 [INFO] [DRY] 글쓰기 스킵 | category=insurance | persona=general
2026-06-24 19:16:47,101 [INFO] 처리 중: 2세미만 영유아 입원진료비 본인부담금 면제
2026-06-24 19:16:47,101 [INFO] [DRY] 글쓰기 스킵 | category=insurance | persona=general
2026-06-24 19:16:47,103 [INFO] 처리 중: 2세미만 영유아 입원진료비 본인부담금 면제
2026-06-24 19:16:47,103 [INFO] [DRY] 글쓰기 스킵 | category=insurance | persona=general
2026-06-24 19:16:47,105 [INFO] 처리 중: 2세미만 영유아 입원진료비 본인부담금 면제
2026-06-24 19:16:47,105 [INFO] [DRY] 글쓰기 스킵 | category=insurance | persona=general
2026-06-24 19:16:47,107 [INFO] 처리 중: 2세미만 영유아 입원진료비 본인부담금 면제
2026-06-24 19:16:47,107 [INFO] [DRY] 글쓰기 스킵 | category=insurance | persona=general
2026-06-24 19:16:47,109 [INFO] 처리 중: 2세미만 영유아 입원진료비 본인부담금 면제
2026-06-24 19:16:47,109 [INFO] [DRY] 글쓰기 스킵 | category=insurance | persona=general
2026-06-24 19:16:47,111 [INFO] 처리 중: 2세미만 영유아 입원진료비 본인부담금 면제
2026-06-24 19:16:47,111 [INFO] [DRY] 글쓰기 스킵 | category=insurance | persona=general
2026-06-24 19:16:47,113 [INFO] 처리 중: 2세미만 영유아 입원진료비 본인부담금 면제
2026-06-24 19:16:47,113 [INFO] [DRY] 글쓰기 스킵 | category=insurance | persona=general
2026-06-24 19:16:47,115 [INFO] 처리 중: 2세미만 영유아 입원진료비 본인부담금 면제
2026-06-24 19:16:47,115 [INFO] [DRY] 글쓰기 스킵 | category=insurance | persona=general
2026-06-24 19:16:47,117 [INFO] 처리 중: 2세미만 영유아 입원진료비 본인부담금 면제
2026-06-24 19:16:47,117 [INFO] [DRY] 글쓰기 스킵 | category=insurance | persona=general
2026-06-24 19:16:47,120 [INFO] 처리 중: 2세미만 영유아 입원진료비 본인부담금 면제
2026-06-24 19:16:47,120 [INFO] [DRY] 글쓰기 스킵 | category=insurance | persona=general
2026-06-24 19:16:47,122 [INFO] 처리 중: 2세미만 영유아 입원진료비 본인부담금 면제
2026-06-24 19:16:47,122 [INFO] [DRY] 글쓰기 스킵 | category=insurance | persona=general
2026-06-24 19:16:47,124 [INFO] 처리 중: 2세미만 영유아 입원진료비 본인부담금 면제
2026-06-24 19:16:47,124 [INFO] [DRY] 글쓰기 스킵 | category=insurance | persona=general
2026-06-24 19:16:47,127 [INFO] 처리 중: 2세미만 영유아 입원진료비 본인부담금 면제
2026-06-24 19:16:47,127 [INFO] [DRY] 글쓰기 스킵 | category=insurance | persona=general
2026-06-24 19:16:47,129 [INFO] 처리 중: 2세미만 영유아 입원진료비 본인부담금 면제
2026-06-24 19:16:47,129 [INFO] [DRY] 글쓰기 스킵 | category=insurance | persona=general
2026-06-24 19:16:47,132 [INFO] 처리 중: 2세미만 영유아 입원진료비 본인부담금 면제
2026-06-24 19:16:47,132 [INFO] [DRY] 글쓰기 스킵 | category=insurance | persona=general
2026-06-24 19:16:47,134 [INFO] 처리 중: 2세미만 영유아 입원진료비 본인부담금 면제
2026-06-24 19:16:47,134 [INFO] [DRY] 글쓰기 스킵 | category=insurance | persona=general
2026-06-24 19:16:47,136 [INFO] 처리 중: 2세미만 영유아 입원진료비 본인부담금 면제
2026-06-24 19:16:47,136 [INFO] [DRY] 글쓰기 스킵 | category=insurance | persona=general
2026-06-24 19:16:47,138 [INFO] 처리 중: 2세미만 영유아 입원진료비 본인부담금 면제
2026-06-24 19:16:47,138 [INFO] [DRY] 글쓰기 스킵 | category=insurance | persona=general
2026-06-24 19:16:47,140 [INFO] 처리 중: 2세미만 영유아 입원진료비 본인부담금 면제
2026-06-24 19:16:47,140 [INFO] [DRY] 글쓰기 스킵 | category=insurance | persona=general
2026-06-24 19:16:47,143 [INFO] 처리 중: 2세미만 영유아 입원진료비 본인부담금 면제
2026-06-24 19:16:47,143 [INFO] [DRY] 글쓰기 스킵 | category=insurance | persona=general
2026-06-24 19:16:47,145 [INFO] 처리 중: 2세미만 영유아 입원진료비 본인부담금 면제
2026-06-24 19:16:47,145 [INFO] [DRY] 글쓰기 스킵 | category=insurance | persona=general
2026-06-24 19:16:47,147 [INFO] 처리 중: 2세미만 영유아 입원진료비 본인부담금 면제
2026-06-24 19:16:47,147 [INFO] [DRY] 글쓰기 스킵 | category=insurance | persona=general
2026-06-24 19:16:47,149 [INFO] 처리 중: 2세미만 영유아 입원진료비 본인부담금 면제
2026-06-24 19:16:47,149 [INFO] [DRY] 글쓰기 스킵 | category=insurance | persona=general
2026-06-24 19:16:47,152 [INFO] 처리 중: 2세미만 영유아 입원진료비 본인부담금 면제
2026-06-24 19:16:47,152 [INFO] [DRY] 글쓰기 스킵 | category=insurance | persona=general
2026-06-24 19:16:47,154 [INFO] 처리 중: 2세미만 영유아 입원진료비 본인부담금 면제
2026-06-24 19:16:47,154 [INFO] [DRY] 글쓰기 스킵 | category=insurance | persona=general
2026-06-24 19:16:47,156 [INFO] 처리 중: 2세미만 영유아 입원진료비 본인부담금 면제
2026-06-24 19:16:47,156 [INFO] [DRY] 글쓰기 스킵 | category=insurance | persona=general
2026-06-24 19:16:47,159 [INFO] 처리 중: 2세미만 영유아 입원진료비 본인부담금 면제
2026-06-24 19:16:47,159 [INFO] [DRY] 글쓰기 스킵 | category=insurance | persona=general
2026-06-24 19:16:47,161 [INFO] 처리 중: 2세미만 영유아 입원진료비 본인부담금 면제
2026-06-24 19:16:47,161 [INFO] [DRY] 글쓰기 스킵 | category=insurance | persona=general
2026-06-24 19:16:47,163 [INFO] 처리 중: 2세미만 영유아 입원진료비 본인부담금 면제
2026-06-24 19:16:47,163 [INFO] [DRY] 글쓰기 스킵 | category=insurance | persona=general
2026-06-24 19:16:47,165 [INFO] 처리 중: 2세미만 영유아 입원진료비 본인부담금 면제
2026-06-24 19:16:47,165 [INFO] [DRY] 글쓰기 스킵 | category=insurance | persona=general
2026-06-24 19:16:47,167 [INFO] 처리 중: 2세미만 영유아 입원진료비 본인부담금 면제
2026-06-24 19:16:47,167 [INFO] [DRY] 글쓰기 스킵 | category=insurance | persona=general
2026-06-24 19:16:47,170 [INFO] 처리 중: 2세미만 영유아 입원진료비 본인부담금 면제
2026-06-24 19:16:47,170 [INFO] [DRY] 글쓰기 스킵 | category=insurance | persona=general
2026-06-24 19:16:47,172 [INFO] 처리 중: 2세미만 영유아 입원진료비 본인부담금 면제
2026-06-24 19:16:47,172 [INFO] [DRY] 글쓰기 스킵 | category=insurance | persona=general
2026-06-24 19:16:47,174 [INFO] 처리 중: 2세미만 영유아 입원진료비 본인부담금 면제
2026-06-24 19:16:47,174 [INFO] [DRY] 글쓰기 스킵 | category=insurance | persona=general
2026-06-24 19:16:47,176 [INFO] 처리 중: 2세미만 영유아 입원진료비 본인부담금 면제
2026-06-24 19:16:47,176 [INFO] [DRY] 글쓰기 스킵 | category=insurance | persona=general
2026-06-24 19:16:47,179 [INFO] 처리 중: 2세미만 영유아 입원진료비 본인부담금 면제
2026-06-24 19:16:47,179 [INFO] [DRY] 글쓰기 스킵 | category=insurance | persona=general
2026-06-24 19:16:47,181 [INFO] 처리 중: 2세미만 영유아 입원진료비 본인부담금 면제
2026-06-24 19:16:47,181 [INFO] [DRY] 글쓰기 스킵 | category=insurance | persona=general
2026-06-24 19:16:47,183 [INFO] 처리 중: 2세미만 영유아 입원진료비 본인부담금 면제
2026-06-24 19:16:47,183 [INFO] [DRY] 글쓰기 스킵 | category=insurance | persona=general
2026-06-24 19:16:47,185 [INFO] 처리 중: 2세미만 영유아 입원진료비 본인부담금 면제
2026-06-24 19:16:47,185 [INFO] [DRY] 글쓰기 스킵 | category=insurance | persona=general
2026-06-24 19:16:47,187 [INFO] 처리 중: 2세미만 영유아 입원진료비 본인부담금 면제
2026-06-24 19:16:47,187 [INFO] [DRY] 글쓰기 스킵 | category=insurance | persona=general
2026-06-24 19:16:47,189 [INFO] 처리 중: 2세미만 영유아 입원진료비 본인부담금 면제
2026-06-24 19:16:47,189 [INFO] [DRY] 글쓰기 스킵 | category=insurance | persona=general
2026-06-24 19:16:47,191 [INFO] 처리 중: 2세미만 영유아 입원진료비 본인부담금 면제
2026-06-24 19:16:47,191 [INFO] [DRY] 글쓰기 스킵 | category=insurance | persona=general
2026-06-24 19:16:47,194 [INFO] 처리 중: 2세미만 영유아 입원진료비 본인부담금 면제
2026-06-24 19:16:47,194 [INFO] [DRY] 글쓰기 스킵 | category=insurance | persona=general
2026-06-24 19:16:47,196 [INFO] 처리 중: 2세미만 영유아 입원진료비 본인부담금 면제
2026-06-24 19:16:47,196 [INFO] [DRY] 글쓰기 스킵 | category=insurance | persona=general
2026-06-24 19:16:47,199 [INFO] 처리 중: 2세미만 영유아 입원진료비 본인부담금 면제
2026-06-24 19:16:47,199 [INFO] [DRY] 글쓰기 스킵 | category=insurance | persona=general
2026-06-24 19:16:47,201 [INFO] 처리 중: 2세미만 영유아 입원진료비 본인부담금 면제
2026-06-24 19:16:47,201 [INFO] [DRY] 글쓰기 스킵 | category=insurance | persona=general
2026-06-24 19:16:47,203 [INFO] 처리 중: 2세미만 영유아 입원진료비 본인부담금 면제
2026-06-24 19:16:47,203 [INFO] [DRY] 글쓰기 스킵 | category=insurance | persona=general
2026-06-24 19:16:47,205 [INFO] 처리 중: 2세미만 영유아 입원진료비 본인부담금 면제
2026-06-24 19:16:47,205 [INFO] [DRY] 글쓰기 스킵 | category=insurance | persona=general
2026-06-24 19:16:47,207 [INFO] 처리 중: 2세미만 영유아 입원진료비 본인부담금 면제
2026-06-24 19:16:47,207 [INFO] [DRY] 글쓰기 스킵 | category=insurance | persona=general
2026-06-24 19:16:47,210 [INFO] 처리 중: 2세미만 영유아 입원진료비 본인부담금 면제
2026-06-24 19:16:47,210 [INFO] [DRY] 글쓰기 스킵 | category=insurance | persona=general
2026-06-24 19:16:47,212 [INFO] 처리 중: 2세미만 영유아 입원진료비 본인부담금 면제
2026-06-24 19:16:47,212 [INFO] [DRY] 글쓰기 스킵 | category=insurance | persona=general
2026-06-24 19:16:47,214 [INFO] 처리 중: 2세미만 영유아 입원진료비 본인부담금 면제
2026-06-24 19:16:47,214 [INFO] [DRY] 글쓰기 스킵 | category=insurance | persona=general
2026-06-24 19:16:47,216 [INFO] 처리 중: 2세미만 영유아 입원진료비 본인부담금 면제
2026-06-24 19:16:47,216 [INFO] [DRY] 글쓰기 스킵 | category=insurance | persona=general
2026-06-24 19:16:47,219 [INFO] 처리 중: 2세미만 영유아 입원진료비 본인부담금 면제
2026-06-24 19:16:47,219 [INFO] [DRY] 글쓰기 스킵 | category=insurance | persona=general
2026-06-24 19:16:47,221 [INFO] 처리 중: 2세미만 영유아 입원진료비 본인부담금 면제
2026-06-24 19:16:47,221 [INFO] [DRY] 글쓰기 스킵 | category=insurance | persona=general
2026-06-24 19:16:47,223 [INFO] 처리 중: 2세미만 영유아 입원진료비 본인부담금 면제
2026-06-24 19:16:47,223 [INFO] [DRY] 글쓰기 스킵 | category=insurance | persona=general
2026-06-24 19:16:47,225 [INFO] 처리 중: 2세미만 영유아 입원진료비 본인부담금 면제
2026-06-24 19:16:47,225 [INFO] [DRY] 글쓰기 스킵 | category=insurance | persona=general
2026-06-24 19:16:47,227 [INFO] 처리 중: 2세미만 영유아 입원진료비 본인부담금 면제
2026-06-24 19:16:47,227 [INFO] [DRY] 글쓰기 스킵 | category=insurance | persona=general
2026-06-24 19:16:47,229 [INFO] 처리 중: 2세미만 영유아 입원진료비 본인부담금 면제
2026-06-24 19:16:47,229 [INFO] [DRY] 글쓰기 스킵 | category=insurance | persona=general
2026-06-24 19:16:47,232 [INFO] 처리 중: 2세미만 영유아 입원진료비 본인부담금 면제
2026-06-24 19:16:47,232 [INFO] [DRY] 글쓰기 스킵 | category=insurance | persona=general
2026-06-24 19:16:47,234 [INFO] 처리 중: 2세미만 영유아 입원진료비 본인부담금 면제
2026-06-24 19:16:47,234 [INFO] [DRY] 글쓰기 스킵 | category=insurance | persona=general
2026-06-24 19:16:47,237 [INFO] 처리 중: 2세미만 영유아 입원진료비 본인부담금 면제
2026-06-24 19:16:47,237 [INFO] [DRY] 글쓰기 스킵 | category=insurance | persona=general
2026-06-24 19:16:47,239 [INFO] 처리 중: 2세미만 영유아 입원진료비 본인부담금 면제
2026-06-24 19:16:47,239 [INFO] [DRY] 글쓰기 스킵 | category=insurance | persona=general
2026-06-24 19:16:47,241 [INFO] 처리 중: 2세미만 영유아 입원진료비 본인부담금 면제
2026-06-24 19:16:47,241 [INFO] [DRY] 글쓰기 스킵 | category=insurance | persona=general
2026-06-24 19:16:47,243 [INFO] 처리 중: 2세미만 영유아 입원진료비 본인부담금 면제
2026-06-24 19:16:47,243 [INFO] [DRY] 글쓰기 스킵 | category=insurance | persona=general
2026-06-24 19:16:47,245 [INFO] 처리 중: 2세미만 영유아 입원진료비 본인부담금 면제
2026-06-24 19:16:47,245 [INFO] [DRY] 글쓰기 스킵 | category=insurance | persona=general
2026-06-24 19:16:47,247 [INFO] 처리 중: 2세미만 영유아 입원진료비 본인부담금 면제
2026-06-24 19:16:47,247 [INFO] [DRY] 글쓰기 스킵 | category=insurance | persona=general
2026-06-24 19:16:47,250 [INFO] 처리 중: 2세미만 영유아 입원진료비 본인부담금 면제
2026-06-24 19:16:47,250 [INFO] [DRY] 글쓰기 스킵 | category=insurance | persona=general
2026-06-24 19:16:47,252 [INFO] 처리 중: 2세미만 영유아 입원진료비 본인부담금 면제
2026-06-24 19:16:47,252 [INFO] [DRY] 글쓰기 스킵 | category=insurance | persona=general
2026-06-24 19:16:47,254 [INFO] 처리 중: 2세미만 영유아 입원진료비 본인부담금 면제
2026-06-24 19:16:47,254 [INFO] [DRY] 글쓰기 스킵 | category=insurance | persona=general
2026-06-24 19:16:47,257 [INFO] 처리 중: 2세미만 영유아 입원진료비 본인부담금 면제
2026-06-24 19:16:47,257 [INFO] [DRY] 글쓰기 스킵 | category=insurance | persona=general
2026-06-24 19:16:47,259 [INFO] 처리 중: 2세미만 영유아 입원진료비 본인부담금 면제
2026-06-24 19:16:47,259 [INFO] [DRY] 글쓰기 스킵 | category=insurance | persona=general
2026-06-24 19:16:47,261 [INFO] 처리 중: 2세미만 영유아 입원진료비 본인부담금 면제
2026-06-24 19:16:47,261 [INFO] [DRY] 글쓰기 스킵 | category=insurance | persona=general
2026-06-24 19:16:47,263 [INFO] 처리 중: 2세미만 영유아 입원진료비 본인부담금 면제
2026-06-24 19:16:47,263 [INFO] [DRY] 글쓰기 스킵 | category=insurance | persona=general
2026-06-24 19:16:47,265 [INFO] 처리 중: 2세미만 영유아 입원진료비 본인부담금 면제
2026-06-24 19:16:47,265 [INFO] [DRY] 글쓰기 스킵 | category=insurance | persona=general
2026-06-24 19:16:47,267 [INFO] 처리 중: 2세미만 영유아 입원진료비 본인부담금 면제
2026-06-24 19:16:47,267 [INFO] [DRY] 글쓰기 스킵 | category=insurance | persona=general
2026-06-24 19:16:47,269 [INFO] 처리 중: 2세미만 영유아 입원진료비 본인부담금 면제
2026-06-24 19:16:47,269 [INFO] [DRY] 글쓰기 스킵 | category=insurance | persona=general
2026-06-24 19:16:47,272 [INFO] 처리 중: 2세미만 영유아 입원진료비 본인부담금 면제
2026-06-24 19:16:47,272 [INFO] [DRY] 글쓰기 스킵 | category=insurance | persona=general
2026-06-24 19:16:47,274 [INFO] 처리 중: 2세미만 영유아 입원진료비 본인부담금 면제
2026-06-24 19:16:47,274 [INFO] [DRY] 글쓰기 스킵 | category=insurance | persona=general
2026-06-24 19:16:47,276 [INFO] 처리 중: 2세미만 영유아 입원진료비 본인부담금 면제
2026-06-24 19:16:47,276 [INFO] [DRY] 글쓰기 스킵 | category=insurance | persona=general
2026-06-24 19:16:47,278 [INFO] 처리 중: 2세미만 영유아 입원진료비 본인부담금 면제
2026-06-24 19:16:47,278 [INFO] [DRY] 글쓰기 스킵 | category=insurance | persona=general
2026-06-24 19:16:47,281 [INFO] 처리 중: 2세미만 영유아 입원진료비 본인부담금 면제
2026-06-24 19:16:47,281 [INFO] [DRY] 글쓰기 스킵 | category=insurance | persona=general
2026-06-24 19:16:47,283 [INFO] 처리 중: 2세미만 영유아 입원진료비 본인부담금 면제
2026-06-24 19:16:47,283 [INFO] [DRY] 글쓰기 스킵 | category=insurance | persona=general
2026-06-24 19:16:47,285 [INFO] 처리 중: 2세미만 영유아 입원진료비 본인부담금 면제
2026-06-24 19:16:47,285 [INFO] [DRY] 글쓰기 스킵 | category=insurance | persona=general
2026-06-24 19:16:47,287 [INFO] 처리 중: 2세미만 영유아 입원진료비 본인부담금 면제
2026-06-24 19:16:47,287 [INFO] [DRY] 글쓰기 스킵 | category=insurance | persona=general
2026-06-24 19:16:47,289 [INFO] 처리 중: 2세미만 영유아 입원진료비 본인부담금 면제
2026-06-24 19:16:47,289 [INFO] [DRY] 글쓰기 스킵 | category=insurance | persona=general
2026-06-24 19:16:47,292 [INFO] 처리 중: 2세미만 영유아 입원진료비 본인부담금 면제
2026-06-24 19:16:47,292 [INFO] [DRY] 글쓰기 스킵 | category=insurance | persona=general
2026-06-24 19:16:47,294 [INFO] 처리 중: 2세미만 영유아 입원진료비 본인부담금 면제
2026-06-24 19:16:47,294 [INFO] [DRY] 글쓰기 스킵 | category=insurance | persona=general
2026-06-24 19:16:47,296 [INFO] 처리 중: 2세미만 영유아 입원진료비 본인부담금 면제
2026-06-24 19:16:47,296 [INFO] [DRY] 글쓰기 스킵 | category=insurance | persona=general
2026-06-24 19:16:47,299 [INFO] 처리 중: 2세미만 영유아 입원진료비 본인부담금 면제
2026-06-24 19:16:47,299 [INFO] [DRY] 글쓰기 스킵 | category=insurance | persona=general
2026-06-24 19:16:47,301 [INFO] 처리 중: 2세미만 영유아 입원진료비 본인부담금 면제
2026-06-24 19:16:47,301 [INFO] [DRY] 글쓰기 스킵 | category=insurance | persona=general
2026-06-24 19:16:47,303 [INFO] 처리 중: 2세미만 영유아 입원진료비 본인부담금 면제
2026-06-24 19:16:47,303 [INFO] [DRY] 글쓰기 스킵 | category=insurance | persona=general
2026-06-24 19:16:47,305 [INFO] 처리 중: 2세미만 영유아 입원진료비 본인부담금 면제
2026-06-24 19:16:47,305 [INFO] [DRY] 글쓰기 스킵 | category=insurance | persona=general
2026-06-24 19:16:47,307 [INFO] 처리 중: 2세미만 영유아 입원진료비 본인부담금 면제
2026-06-24 19:16:47,307 [INFO] [DRY] 글쓰기 스킵 | category=insurance | persona=general
2026-06-24 19:16:47,309 [INFO] 처리 중: 2세미만 영유아 입원진료비 본인부담금 면제
2026-06-24 19:16:47,309 [INFO] [DRY] 글쓰기 스킵 | category=insurance | persona=general
2026-06-24 19:16:47,311 [INFO] 처리 중: 2세미만 영유아 입원진료비 본인부담금 면제
2026-06-24 19:16:47,312 [INFO] [DRY] 글쓰기 스킵 | category=insurance | persona=general
2026-06-24 19:16:47,314 [INFO] 처리 중: 2세미만 영유아 입원진료비 본인부담금 면제
2026-06-24 19:16:47,314 [INFO] [DRY] 글쓰기 스킵 | category=insurance | persona=general
2026-06-24 19:16:47,316 [INFO] 처리 중: 2세미만 영유아 입원진료비 본인부담금 면제
2026-06-24 19:16:47,316 [INFO] [DRY] 글쓰기 스킵 | category=insurance | persona=general
2026-06-24 19:16:47,319 [INFO] 처리 중: 2세미만 영유아 입원진료비 본인부담금 면제
2026-06-24 19:16:47,319 [INFO] [DRY] 글쓰기 스킵 | category=insurance | persona=general
2026-06-24 19:16:47,321 [INFO] 처리 중: 2세미만 영유아 입원진료비 본인부담금 면제
2026-06-24 19:16:47,321 [INFO] [DRY] 글쓰기 스킵 | category=insurance | persona=general
2026-06-24 19:16:47,323 [INFO] 처리 중: 2세미만 영유아 입원진료비 본인부담금 면제
2026-06-24 19:16:47,323 [INFO] [DRY] 글쓰기 스킵 | category=insurance | persona=general
2026-06-24 19:16:47,325 [INFO] 처리 중: 2세미만 영유아 입원진료비 본인부담금 면제
2026-06-24 19:16:47,325 [INFO] [DRY] 글쓰기 스킵 | category=insurance | persona=general
2026-06-24 19:16:47,327 [INFO] 처리 중: 2세미만 영유아 입원진료비 본인부담금 면제
2026-06-24 19:16:47,327 [INFO] [DRY] 글쓰기 스킵 | category=insurance | persona=general
2026-06-24 19:16:47,329 [INFO] 처리 중: 2세미만 영유아 입원진료비 본인부담금 면제
2026-06-24 19:16:47,329 [INFO] [DRY] 글쓰기 스킵 | category=insurance | persona=general
2026-06-24 19:16:47,332 [INFO] 처리 중: 2세미만 영유아 입원진료비 본인부담금 면제
2026-06-24 19:16:47,332 [INFO] [DRY] 글쓰기 스킵 | category=insurance | persona=general
2026-06-24 19:16:47,334 [INFO] 처리 중: 2세미만 영유아 입원진료비 본인부담금 면제
2026-06-24 19:16:47,334 [INFO] [DRY] 글쓰기 스킵 | category=insurance | persona=general
2026-06-24 19:16:47,336 [INFO] 처리 중: 2세미만 영유아 입원진료비 본인부담금 면제
2026-06-24 19:16:47,337 [INFO] [DRY] 글쓰기 스킵 | category=insurance | persona=general
2026-06-24 19:16:47,339 [INFO] 처리 중: 2세미만 영유아 입원진료비 본인부담금 면제
2026-06-24 19:16:47,339 [INFO] [DRY] 글쓰기 스킵 | category=insurance | persona=general
2026-06-24 19:16:47,341 [INFO] 처리 중: 2세미만 영유아 입원진료비 본인부담금 면제
2026-06-24 19:16:47,341 [INFO] [DRY] 글쓰기 스킵 | category=insurance | persona=general
2026-06-24 19:16:47,343 [INFO] 처리 중: 2세미만 영유아 입원진료비 본인부담금 면제
2026-06-24 19:16:47,343 [INFO] [DRY] 글쓰기 스킵 | category=insurance | persona=general
2026-06-24 19:16:47,345 [INFO] 처리 중: 2세미만 영유아 입원진료비 본인부담금 면제
2026-06-24 19:16:47,345 [INFO] [DRY] 글쓰기 스킵 | category=insurance | persona=general
2026-06-24 19:16:47,347 [INFO] 처리 중: 2세미만 영유아 입원진료비 본인부담금 면제
2026-06-24 19:16:47,347 [INFO] [DRY] 글쓰기 스킵 | category=insurance | persona=general
2026-06-24 19:16:47,349 [INFO] 처리 중: 2세미만 영유아 입원진료비 본인부담금 면제
2026-06-24 19:16:47,349 [INFO] [DRY] 글쓰기 스킵 | category=insurance | persona=general
2026-06-24 19:16:47,352 [INFO] 처리 중: 2세미만 영유아 입원진료비 본인부담금 면제
2026-06-24 19:16:47,352 [INFO] [DRY] 글쓰기 스킵 | category=insurance | persona=general
2026-06-24 19:16:47,354 [INFO] 처리 중: 2세미만 영유아 입원진료비 본인부담금 면제
2026-06-24 19:16:47,354 [INFO] [DRY] 글쓰기 스킵 | category=insurance | persona=general
2026-06-24 19:16:47,356 [INFO] 처리 중: 2세미만 영유아 입원진료비 본인부담금 면제
2026-06-24 19:16:47,356 [INFO] [DRY] 글쓰기 스킵 | category=insurance | persona=general
2026-06-24 19:16:47,358 [INFO] 처리 중: 2세미만 영유아 입원진료비 본인부담금 면제
2026-06-24 19:16:47,358 [INFO] [DRY] 글쓰기 스킵 | category=insurance | persona=general
2026-06-24 19:16:47,360 [INFO] 처리 중: 2세미만 영유아 입원진료비 본인부담금 면제
2026-06-24 19:16:47,360 [INFO] [DRY] 글쓰기 스킵 | category=insurance | persona=general
2026-06-24 19:16:47,362 [INFO] 처리 중: 2세미만 영유아 입원진료비 본인부담금 면제
2026-06-24 19:16:47,362 [INFO] [DRY] 글쓰기 스킵 | category=insurance | persona=general
2026-06-24 19:16:47,365 [INFO] 처리 중: 2세미만 영유아 입원진료비 본인부담금 면제
2026-06-24 19:16:47,365 [INFO] [DRY] 글쓰기 스킵 | category=insurance | persona=general
2026-06-24 19:16:47,367 [INFO] 처리 중: 2세미만 영유아 입원진료비 본인부담금 면제
2026-06-24 19:16:47,367 [INFO] [DRY] 글쓰기 스킵 | category=insurance | persona=general
2026-06-24 19:16:47,369 [INFO] 처리 중: 2세미만 영유아 입원진료비 본인부담금 면제
2026-06-24 19:16:47,369 [INFO] [DRY] 글쓰기 스킵 | category=insurance | persona=general
2026-06-24 19:16:47,372 [INFO] 처리 중: 2세미만 영유아 입원진료비 본인부담금 면제
2026-06-24 19:16:47,372 [INFO] [DRY] 글쓰기 스킵 | category=insurance | persona=general
2026-06-24 19:16:47,374 [INFO] 처리 중: 2세미만 영유아 입원진료비 본인부담금 면제
2026-06-24 19:16:47,374 [INFO] [DRY] 글쓰기 스킵 | category=insurance | persona=general
2026-06-24 19:16:47,376 [INFO] 처리 중: 2세미만 영유아 입원진료비 본인부담금 면제
2026-06-24 19:16:47,376 [INFO] [DRY] 글쓰기 스킵 | category=insurance | persona=general
2026-06-24 19:16:47,379 [INFO] 처리 중: 2세미만 영유아 입원진료비 본인부담금 면제
2026-06-24 19:16:47,379 [INFO] [DRY] 글쓰기 스킵 | category=insurance | persona=general
2026-06-24 19:16:47,381 [INFO] 처리 중: 2세미만 영유아 입원진료비 본인부담금 면제
2026-06-24 19:16:47,381 [INFO] [DRY] 글쓰기 스킵 | category=insurance | persona=general
2026-06-24 19:16:47,383 [INFO] 처리 중: 2세미만 영유아 입원진료비 본인부담금 면제
2026-06-24 19:16:47,383 [INFO] [DRY] 글쓰기 스킵 | category=insurance | persona=general
2026-06-24 19:16:47,386 [INFO] 처리 중: 2세미만 영유아 입원진료비 본인부담금 면제
2026-06-24 19:16:47,386 [INFO] [DRY] 글쓰기 스킵 | category=insurance | persona=general
2026-06-24 19:16:47,388 [INFO] 처리 중: 2세미만 영유아 입원진료비 본인부담금 면제
2026-06-24 19:16:47,388 [INFO] [DRY] 글쓰기 스킵 | category=insurance | persona=general
2026-06-24 19:16:47,390 [INFO] 처리 중: 2세미만 영유아 입원진료비 본인부담금 면제
2026-06-24 19:16:47,390 [INFO] [DRY] 글쓰기 스킵 | category=insurance | persona=general
2026-06-24 19:16:47,392 [INFO] 처리 중: 2세미만 영유아 입원진료비 본인부담금 면제
2026-06-24 19:16:47,392 [INFO] [DRY] 글쓰기 스킵 | category=insurance | persona=general
2026-06-24 19:16:47,395 [INFO] 처리 중: 2세미만 영유아 입원진료비 본인부담금 면제
2026-06-24 19:16:47,395 [INFO] [DRY] 글쓰기 스킵 | category=insurance | persona=general
2026-06-24 19:16:47,397 [INFO] 처리 중: 2세미만 영유아 입원진료비 본인부담금 면제
2026-06-24 19:16:47,397 [INFO] [DRY] 글쓰기 스킵 | category=insurance | persona=general
2026-06-24 19:16:47,399 [INFO] 처리 중: 2세미만 영유아 입원진료비 본인부담금 면제
2026-06-24 19:16:47,399 [INFO] [DRY] 글쓰기 스킵 | category=insurance | persona=general
2026-06-24 19:16:47,401 [INFO] 처리 중: 2세미만 영유아 입원진료비 본인부담금 면제
2026-06-24 19:16:47,401 [INFO] [DRY] 글쓰기 스킵 | category=insurance | persona=general
2026-06-24 19:16:47,403 [INFO] 처리 중: 2세미만 영유아 입원진료비 본인부담금 면제
2026-06-24 19:16:47,403 [INFO] [DRY] 글쓰기 스킵 | category=insurance | persona=general
2026-06-24 19:16:47,405 [INFO] 처리 중: 2세미만 영유아 입원진료비 본인부담금 면제
2026-06-24 19:16:47,405 [INFO] [DRY] 글쓰기 스킵 | category=insurance | persona=general
2026-06-24 19:16:47,408 [INFO] 처리 중: 2세미만 영유아 입원진료비 본인부담금 면제
2026-06-24 19:16:47,408 [INFO] [DRY] 글쓰기 스킵 | category=insurance | persona=general
2026-06-24 19:16:47,410 [INFO] 처리 중: 2세미만 영유아 입원진료비 본인부담금 면제
2026-06-24 19:16:47,410 [INFO] [DRY] 글쓰기 스킵 | category=insurance | persona=general
2026-06-24 19:16:47,412 [INFO] 처리 중: 2세미만 영유아 입원진료비 본인부담금 면제
2026-06-24 19:16:47,412 [INFO] [DRY] 글쓰기 스킵 | category=insurance | persona=general
2026-06-24 19:16:47,415 [INFO] 처리 중: 2세미만 영유아 입원진료비 본인부담금 면제
2026-06-24 19:16:47,415 [INFO] [DRY] 글쓰기 스킵 | category=insurance | persona=general
2026-06-24 19:16:47,425 [INFO] 처리 중: 2세미만 영유아 입원진료비 본인부담금 면제
2026-06-24 19:16:47,425 [INFO] [DRY] 글쓰기 스킵 | category=insurance | persona=general
2026-06-24 19:16:47,430 [INFO] 처리 중: 2세미만 영유아 입원진료비 본인부담금 면제
2026-06-24 19:16:47,431 [INFO] [DRY] 글쓰기 스킵 | category=insurance | persona=general
2026-06-24 19:16:47,436 [INFO] 처리 중: 2세미만 영유아 입원진료비 본인부담금 면제
2026-06-24 19:16:47,436 [INFO] [DRY] 글쓰기 스킵 | category=insurance | persona=general
2026-06-24 19:16:47,438 [INFO] 처리 중: 2세미만 영유아 입원진료비 본인부담금 면제
2026-06-24 19:16:47,438 [INFO] [DRY] 글쓰기 스킵 | category=insurance | persona=general
2026-06-24 19:16:47,440 [INFO] 처리 중: 2세미만 영유아 입원진료비 본인부담금 면제
2026-06-24 19:16:47,440 [INFO] [DRY] 글쓰기 스킵 | category=insurance | persona=general
2026-06-24 19:16:47,443 [INFO] 처리 중: 2세미만 영유아 입원진료비 본인부담금 면제
2026-06-24 19:16:47,443 [INFO] [DRY] 글쓰기 스킵 | category=insurance | persona=general
2026-06-24 19:16:47,445 [INFO] 처리 중: 2세미만 영유아 입원진료비 본인부담금 면제
2026-06-24 19:16:47,445 [INFO] [DRY] 글쓰기 스킵 | category=insurance | persona=general
2026-06-24 19:16:47,447 [INFO] 처리 중: 2세미만 영유아 입원진료비 본인부담금 면제
2026-06-24 19:16:47,447 [INFO] [DRY] 글쓰기 스킵 | category=insurance | persona=general
2026-06-24 19:16:47,450 [INFO] 처리 중: 2세미만 영유아 입원진료비 본인부담금 면제
2026-06-24 19:16:47,450 [INFO] [DRY] 글쓰기 스킵 | category=insurance | persona=general
2026-06-24 19:16:47,452 [INFO] 처리 중: 2세미만 영유아 입원진료비 본인부담금 면제
2026-06-24 19:16:47,452 [INFO] [DRY] 글쓰기 스킵 | category=insurance | persona=general
2026-06-24 19:16:47,454 [INFO] 처리 중: 2세미만 영유아 입원진료비 본인부담금 면제
2026-06-24 19:16:47,454 [INFO] [DRY] 글쓰기 스킵 | category=insurance | persona=general
2026-06-24 19:16:47,456 [INFO] 처리 중: 2세미만 영유아 입원진료비 본인부담금 면제
2026-06-24 19:16:47,456 [INFO] [DRY] 글쓰기 스킵 | category=insurance | persona=general
2026-06-24 19:16:47,458 [INFO] 처리 중: 2세미만 영유아 입원진료비 본인부담금 면제
2026-06-24 19:16:47,459 [INFO] [DRY] 글쓰기 스킵 | category=insurance | persona=general
2026-06-24 19:16:47,461 [INFO] 처리 중: 2세미만 영유아 입원진료비 본인부담금 면제
2026-06-24 19:16:47,461 [INFO] [DRY] 글쓰기 스킵 | category=insurance | persona=general
2026-06-24 19:16:47,463 [INFO] 처리 중: 2세미만 영유아 입원진료비 본인부담금 면제
2026-06-24 19:16:47,463 [INFO] [DRY] 글쓰기 스킵 | category=insurance | persona=general
2026-06-24 19:16:47,466 [INFO] 처리 중: 2세미만 영유아 입원진료비 본인부담금 면제
2026-06-24 19:16:47,466 [INFO] [DRY] 글쓰기 스킵 | category=insurance | persona=general
2026-06-24 19:16:47,468 [INFO] 처리 중: 2세미만 영유아 입원진료비 본인부담금 면제
2026-06-24 19:16:47,468 [INFO] [DRY] 글쓰기 스킵 | category=insurance | persona=general
2026-06-24 19:16:47,470 [INFO] 처리 중: 2세미만 영유아 입원진료비 본인부담금 면제
2026-06-24 19:16:47,470 [INFO] [DRY] 글쓰기 스킵 | category=insurance | persona=general
2026-06-24 19:16:47,472 [INFO] 처리 중: 2세미만 영유아 입원진료비 본인부담금 면제
2026-06-24 19:16:47,472 [INFO] [DRY] 글쓰기 스킵 | category=insurance | persona=general
2026-06-24 19:16:47,474 [INFO] 처리 중: 2세미만 영유아 입원진료비 본인부담금 면제
2026-06-24 19:16:47,474 [INFO] [DRY] 글쓰기 스킵 | category=insurance | persona=general
2026-06-24 19:16:47,476 [INFO] 처리 중: 2세미만 영유아 입원진료비 본인부담금 면제
2026-06-24 19:16:47,476 [INFO] [DRY] 글쓰기 스킵 | category=insurance | persona=general
2026-06-24 19:16:47,478 [INFO] 처리 중: 2세미만 영유아 입원진료비 본인부담금 면제
2026-06-24 19:16:47,478 [INFO] [DRY] 글쓰기 스킵 | category=insurance | persona=general
2026-06-24 19:16:47,481 [INFO] 처리 중: 2세미만 영유아 입원진료비 본인부담금 면제
2026-06-24 19:16:47,481 [INFO] [DRY] 글쓰기 스킵 | category=insurance | persona=general
2026-06-24 19:16:47,483 [INFO] 처리 중: 2세미만 영유아 입원진료비 본인부담금 면제
2026-06-24 19:16:47,483 [INFO] [DRY] 글쓰기 스킵 | category=insurance | persona=general
2026-06-24 19:16:47,486 [INFO] 처리 중: 2세미만 영유아 입원진료비 본인부담금 면제
2026-06-24 19:16:47,486 [INFO] [DRY] 글쓰기 스킵 | category=insurance | persona=general
2026-06-24 19:16:47,488 [INFO] 처리 중: 2세미만 영유아 입원진료비 본인부담금 면제
2026-06-24 19:16:47,488 [INFO] [DRY] 글쓰기 스킵 | category=insurance | persona=general
2026-06-24 19:16:47,490 [INFO] 처리 중: 2세미만 영유아 입원진료비 본인부담금 면제
2026-06-24 19:16:47,490 [INFO] [DRY] 글쓰기 스킵 | category=insurance | persona=general
2026-06-24 19:16:47,492 [INFO] 처리 중: 2세미만 영유아 입원진료비 본인부담금 면제
2026-06-24 19:16:47,492 [INFO] [DRY] 글쓰기 스킵 | category=insurance | persona=general
2026-06-24 19:16:47,494 [INFO] 처리 중: 2세미만 영유아 입원진료비 본인부담금 면제
2026-06-24 19:16:47,494 [INFO] [DRY] 글쓰기 스킵 | category=insurance | persona=general
2026-06-24 19:16:47,496 [INFO] 처리 중: 2세미만 영유아 입원진료비 본인부담금 면제
2026-06-24 19:16:47,496 [INFO] [DRY] 글쓰기 스킵 | category=insurance | persona=general
2026-06-24 19:16:47,499 [INFO] 처리 중: 2세미만 영유아 입원진료비 본인부담금 면제
2026-06-24 19:16:47,499 [INFO] [DRY] 글쓰기 스킵 | category=insurance | persona=general
2026-06-24 19:16:47,501 [INFO] 처리 중: 2세미만 영유아 입원진료비 본인부담금 면제
2026-06-24 19:16:47,501 [INFO] [DRY] 글쓰기 스킵 | category=insurance | persona=general
2026-06-24 19:16:47,503 [INFO] 처리 중: 2세미만 영유아 입원진료비 본인부담금 면제
2026-06-24 19:16:47,503 [INFO] [DRY] 글쓰기 스킵 | category=insurance | persona=general
2026-06-24 19:16:47,506 [INFO] 처리 중: 2세미만 영유아 입원진료비 본인부담금 면제
2026-06-24 19:16:47,506 [INFO] [DRY] 글쓰기 스킵 | category=insurance | persona=general
2026-06-24 19:16:47,508 [INFO] 처리 중: 2세미만 영유아 입원진료비 본인부담금 면제
2026-06-24 19:16:47,508 [INFO] [DRY] 글쓰기 스킵 | category=insurance | persona=general
2026-06-24 19:16:47,510 [INFO] 처리 중: 2세미만 영유아 입원진료비 본인부담금 면제
2026-06-24 19:16:47,510 [INFO] [DRY] 글쓰기 스킵 | category=insurance | persona=general
2026-06-24 19:16:47,512 [INFO] 처리 중: 2세미만 영유아 입원진료비 본인부담금 면제
2026-06-24 19:16:47,512 [INFO] [DRY] 글쓰기 스킵 | category=insurance | persona=general
2026-06-24 19:16:47,514 [INFO] 처리 중: 2세미만 영유아 입원진료비 본인부담금 면제
2026-06-24 19:16:47,514 [INFO] [DRY] 글쓰기 스킵 | category=insurance | persona=general
2026-06-24 19:16:47,516 [INFO] 처리 중: 2세미만 영유아 입원진료비 본인부담금 면제
2026-06-24 19:16:47,516 [INFO] [DRY] 글쓰기 스킵 | category=insurance | persona=general
2026-06-24 19:16:47,518 [INFO] 처리 중: 2세미만 영유아 입원진료비 본인부담금 면제
2026-06-24 19:16:47,518 [INFO] [DRY] 글쓰기 스킵 | category=insurance | persona=general
2026-06-24 19:16:47,520 [INFO] 처리 중: 2세미만 영유아 입원진료비 본인부담금 면제
2026-06-24 19:16:47,521 [INFO] [DRY] 글쓰기 스킵 | category=insurance | persona=general
2026-06-24 19:16:47,523 [INFO] 처리 중: 2세미만 영유아 입원진료비 본인부담금 면제
2026-06-24 19:16:47,523 [INFO] [DRY] 글쓰기 스킵 | category=insurance | persona=general
2026-06-24 19:16:47,525 [INFO] 처리 중: 2세미만 영유아 입원진료비 본인부담금 면제
2026-06-24 19:16:47,525 [INFO] [DRY] 글쓰기 스킵 | category=insurance | persona=general
2026-06-24 19:16:47,527 [INFO] 처리 중: 2세미만 영유아 입원진료비 본인부담금 면제
2026-06-24 19:16:47,527 [INFO] [DRY] 글쓰기 스킵 | category=insurance | persona=general
2026-06-24 19:16:47,529 [INFO] 처리 중: 2세미만 영유아 입원진료비 본인부담금 면제
2026-06-24 19:16:47,529 [INFO] [DRY] 글쓰기 스킵 | category=insurance | persona=general
2026-06-24 19:16:47,531 [INFO] 처리 중: 2세미만 영유아 입원진료비 본인부담금 면제
2026-06-24 19:16:47,531 [INFO] [DRY] 글쓰기 스킵 | category=insurance | persona=general
2026-06-24 19:16:47,534 [INFO] 처리 중: 2세미만 영유아 입원진료비 본인부담금 면제
2026-06-24 19:16:47,534 [INFO] [DRY] 글쓰기 스킵 | category=insurance | persona=general
2026-06-24 19:16:47,536 [INFO] 처리 중: 2세미만 영유아 입원진료비 본인부담금 면제
2026-06-24 19:16:47,536 [INFO] [DRY] 글쓰기 스킵 | category=insurance | persona=general
2026-06-24 19:16:47,538 [INFO] 처리 중: 2세미만 영유아 입원진료비 본인부담금 면제
2026-06-24 19:16:47,538 [INFO] [DRY] 글쓰기 스킵 | category=insurance | persona=general
2026-06-24 19:16:47,540 [INFO] 처리 중: 2세미만 영유아 입원진료비 본인부담금 면제
2026-06-24 19:16:47,540 [INFO] [DRY] 글쓰기 스킵 | category=insurance | persona=general
2026-06-24 19:16:47,542 [INFO] 처리 중: 2세미만 영유아 입원진료비 본인부담금 면제
2026-06-24 19:16:47,542 [INFO] [DRY] 글쓰기 스킵 | category=insurance | persona=general
2026-06-24 19:16:47,544 [INFO] 처리 중: 2세미만 영유아 입원진료비 본인부담금 면제
2026-06-24 19:16:47,544 [INFO] [DRY] 글쓰기 스킵 | category=insurance | persona=general
2026-06-24 19:16:47,547 [INFO] 처리 중: 2세미만 영유아 입원진료비 본인부담금 면제
2026-06-24 19:16:47,547 [INFO] [DRY] 글쓰기 스킵 | category=insurance | persona=general
2026-06-24 19:16:47,549 [INFO] 처리 중: 2세미만 영유아 입원진료비 본인부담금 면제
2026-06-24 19:16:47,549 [INFO] [DRY] 글쓰기 스킵 | category=insurance | persona=general
2026-06-24 19:16:47,552 [INFO] 처리 중: 2세미만 영유아 입원진료비 본인부담금 면제
2026-06-24 19:16:47,552 [INFO] [DRY] 글쓰기 스킵 | category=insurance | persona=general
2026-06-24 19:16:47,554 [INFO] 처리 중: 2세미만 영유아 입원진료비 본인부담금 면제
2026-06-24 19:16:47,554 [INFO] [DRY] 글쓰기 스킵 | category=insurance | persona=general
2026-06-24 19:16:47,556 [INFO] 처리 중: 2세미만 영유아 입원진료비 본인부담금 면제
2026-06-24 19:16:47,556 [INFO] [DRY] 글쓰기 스킵 | category=insurance | persona=general
2026-06-24 19:16:47,558 [INFO] 처리 중: 2세미만 영유아 입원진료비 본인부담금 면제
2026-06-24 19:16:47,558 [INFO] [DRY] 글쓰기 스킵 | category=insurance | persona=general
2026-06-24 19:16:47,560 [INFO] 처리 중: 2세미만 영유아 입원진료비 본인부담금 면제
2026-06-24 19:16:47,561 [INFO] [DRY] 글쓰기 스킵 | category=insurance | persona=general
2026-06-24 19:16:47,563 [INFO] 처리 중: 2세미만 영유아 입원진료비 본인부담금 면제
2026-06-24 19:16:47,563 [INFO] [DRY] 글쓰기 스킵 | category=insurance | persona=general
2026-06-24 19:16:47,565 [INFO] 처리 중: 2세미만 영유아 입원진료비 본인부담금 면제
2026-06-24 19:16:47,565 [INFO] [DRY] 글쓰기 스킵 | category=insurance | persona=general
2026-06-24 19:16:47,567 [INFO] 처리 중: 2세미만 영유아 입원진료비 본인부담금 면제
2026-06-24 19:16:47,567 [INFO] [DRY] 글쓰기 스킵 | category=insurance | persona=general
2026-06-24 19:16:47,570 [INFO] 처리 중: 2세미만 영유아 입원진료비 본인부담금 면제
2026-06-24 19:16:47,570 [INFO] [DRY] 글쓰기 스킵 | category=insurance | persona=general
2026-06-24 19:16:47,572 [INFO] 처리 중: 2세미만 영유아 입원진료비 본인부담금 면제
2026-06-24 19:16:47,572 [INFO] [DRY] 글쓰기 스킵 | category=insurance | persona=general
2026-06-24 19:16:47,574 [INFO] 처리 중: 2세미만 영유아 입원진료비 본인부담금 면제
2026-06-24 19:16:47,574 [INFO] [DRY] 글쓰기 스킵 | category=insurance | persona=general
2026-06-24 19:16:47,577 [INFO] 처리 중: 2세미만 영유아 입원진료비 본인부담금 면제
2026-06-24 19:16:47,577 [INFO] [DRY] 글쓰기 스킵 | category=insurance | persona=general
2026-06-24 19:16:47,579 [INFO] 처리 중: 2세미만 영유아 입원진료비 본인부담금 면제
2026-06-24 19:16:47,579 [INFO] [DRY] 글쓰기 스킵 | category=insurance | persona=general
2026-06-24 19:16:47,581 [INFO] 처리 중: 2세미만 영유아 입원진료비 본인부담금 면제
2026-06-24 19:16:47,581 [INFO] [DRY] 글쓰기 스킵 | category=insurance | persona=general
2026-06-24 19:16:47,583 [INFO] 처리 중: 2세미만 영유아 입원진료비 본인부담금 면제
2026-06-24 19:16:47,583 [INFO] [DRY] 글쓰기 스킵 | category=insurance | persona=general
2026-06-24 19:16:47,586 [INFO] 처리 중: 2세미만 영유아 입원진료비 본인부담금 면제
2026-06-24 19:16:47,586 [INFO] [DRY] 글쓰기 스킵 | category=insurance | persona=general
2026-06-24 19:16:47,588 [INFO] 처리 중: 2세미만 영유아 입원진료비 본인부담금 면제
2026-06-24 19:16:47,588 [INFO] [DRY] 글쓰기 스킵 | category=insurance | persona=general
2026-06-24 19:16:47,590 [INFO] 처리 중: 2세미만 영유아 입원진료비 본인부담금 면제
2026-06-24 19:16:47,590 [INFO] [DRY] 글쓰기 스킵 | category=insurance | persona=general
2026-06-24 19:16:47,592 [INFO] 처리 중: 2세미만 영유아 입원진료비 본인부담금 면제
2026-06-24 19:16:47,592 [INFO] [DRY] 글쓰기 스킵 | category=insurance | persona=general
2026-06-24 19:16:47,595 [INFO] 처리 중: 2세미만 영유아 입원진료비 본인부담금 면제
2026-06-24 19:16:47,595 [INFO] [DRY] 글쓰기 스킵 | category=insurance | persona=general
2026-06-24 19:16:47,597 [INFO] 처리 중: 2세미만 영유아 입원진료비 본인부담금 면제
2026-06-24 19:16:47,597 [INFO] [DRY] 글쓰기 스킵 | category=insurance | persona=general
2026-06-24 19:16:47,599 [INFO] 처리 중: 2세미만 영유아 입원진료비 본인부담금 면제
2026-06-24 19:16:47,599 [INFO] [DRY] 글쓰기 스킵 | category=insurance | persona=general
2026-06-24 19:16:47,601 [INFO] 처리 중: 2세미만 영유아 입원진료비 본인부담금 면제
2026-06-24 19:16:47,601 [INFO] [DRY] 글쓰기 스킵 | category=insurance | persona=general
2026-06-24 19:16:47,603 [INFO] 처리 중: 2세미만 영유아 입원진료비 본인부담금 면제
2026-06-24 19:16:47,603 [INFO] [DRY] 글쓰기 스킵 | category=insurance | persona=general
2026-06-24 19:16:47,605 [INFO] 처리 중: 2세미만 영유아 입원진료비 본인부담금 면제
2026-06-24 19:16:47,605 [INFO] [DRY] 글쓰기 스킵 | category=insurance | persona=general
2026-06-24 19:16:47,608 [INFO] 처리 중: 2세미만 영유아 입원진료비 본인부담금 면제
2026-06-24 19:16:47,608 [INFO] [DRY] 글쓰기 스킵 | category=insurance | persona=general
2026-06-24 19:16:47,610 [INFO] 처리 중: 2세미만 영유아 입원진료비 본인부담금 면제
2026-06-24 19:16:47,610 [INFO] [DRY] 글쓰기 스킵 | category=insurance | persona=general
2026-06-24 19:16:47,612 [INFO] 처리 중: 2세미만 영유아 입원진료비 본인부담금 면제
2026-06-24 19:16:47,612 [INFO] [DRY] 글쓰기 스킵 | category=insurance | persona=general
2026-06-24 19:16:47,614 [INFO] 처리 중: 2세미만 영유아 입원진료비 본인부담금 면제
2026-06-24 19:16:47,614 [INFO] [DRY] 글쓰기 스킵 | category=insurance | persona=general
2026-06-24 19:16:47,616 [INFO] 처리 중: 2세미만 영유아 입원진료비 본인부담금 면제
2026-06-24 19:16:47,616 [INFO] [DRY] 글쓰기 스킵 | category=insurance | persona=general
2026-06-24 19:16:47,619 [INFO] 처리 중: 2세미만 영유아 입원진료비 본인부담금 면제
2026-06-24 19:16:47,619 [INFO] [DRY] 글쓰기 스킵 | category=insurance | persona=general
2026-06-24 19:16:47,621 [INFO] 처리 중: 2세미만 영유아 입원진료비 본인부담금 면제
2026-06-24 19:16:47,621 [INFO] [DRY] 글쓰기 스킵 | category=insurance | persona=general
2026-06-24 19:16:47,623 [INFO] 처리 중: 2세미만 영유아 입원진료비 본인부담금 면제
2026-06-24 19:16:47,623 [INFO] [DRY] 글쓰기 스킵 | category=insurance | persona=general
2026-06-24 19:16:47,626 [INFO] 처리 중: 2세미만 영유아 입원진료비 본인부담금 면제
2026-06-24 19:16:47,626 [INFO] [DRY] 글쓰기 스킵 | category=insurance | persona=general
2026-06-24 19:16:47,628 [INFO] 처리 중: 2세미만 영유아 입원진료비 본인부담금 면제
2026-06-24 19:16:47,628 [INFO] [DRY] 글쓰기 스킵 | category=insurance | persona=general
2026-06-24 19:16:47,630 [INFO] 처리 중: 2세미만 영유아 입원진료비 본인부담금 면제
2026-06-24 19:16:47,630 [INFO] [DRY] 글쓰기 스킵 | category=insurance | persona=general
2026-06-24 19:16:47,633 [INFO] 처리 중: 2세미만 영유아 입원진료비 본인부담금 면제
2026-06-24 19:16:47,633 [INFO] [DRY] 글쓰기 스킵 | category=insurance | persona=general
2026-06-24 19:16:47,635 [INFO] 처리 중: 2세미만 영유아 입원진료비 본인부담금 면제
2026-06-24 19:16:47,635 [INFO] [DRY] 글쓰기 스킵 | category=insurance | persona=general
2026-06-24 19:16:47,637 [INFO] 처리 중: 2세미만 영유아 입원진료비 본인부담금 면제
2026-06-24 19:16:47,637 [INFO] [DRY] 글쓰기 스킵 | category=insurance | persona=general
2026-06-24 19:16:47,639 [INFO] 처리 중: 2세미만 영유아 입원진료비 본인부담금 면제
2026-06-24 19:16:47,639 [INFO] [DRY] 글쓰기 스킵 | category=insurance | persona=general
2026-06-24 19:16:47,641 [INFO] 처리 중: 2세미만 영유아 입원진료비 본인부담금 면제
2026-06-24 19:16:47,641 [INFO] [DRY] 글쓰기 스킵 | category=insurance | persona=general
2026-06-24 19:16:47,643 [INFO] 처리 중: 2세미만 영유아 입원진료비 본인부담금 면제
2026-06-24 19:16:47,643 [INFO] [DRY] 글쓰기 스킵 | category=insurance | persona=general
2026-06-24 19:16:47,646 [INFO] 처리 중: 2세미만 영유아 입원진료비 본인부담금 면제
2026-06-24 19:16:47,646 [INFO] [DRY] 글쓰기 스킵 | category=insurance | persona=general
2026-06-24 19:16:47,648 [INFO] 처리 중: 2세미만 영유아 입원진료비 본인부담금 면제
2026-06-24 19:16:47,648 [INFO] [DRY] 글쓰기 스킵 | category=insurance | persona=general
2026-06-24 19:16:47,650 [INFO] 처리 중: 2세미만 영유아 입원진료비 본인부담금 면제
2026-06-24 19:16:47,650 [INFO] [DRY] 글쓰기 스킵 | category=insurance | persona=general
2026-06-24 19:16:47,653 [INFO] 처리 중: 2세미만 영유아 입원진료비 본인부담금 면제
2026-06-24 19:16:47,653 [INFO] [DRY] 글쓰기 스킵 | category=insurance | persona=general
2026-06-24 19:16:47,655 [INFO] 처리 중: 2세미만 영유아 입원진료비 본인부담금 면제
2026-06-24 19:16:47,655 [INFO] [DRY] 글쓰기 스킵 | category=insurance | persona=general
2026-06-24 19:16:47,657 [INFO] 처리 중: 2세미만 영유아 입원진료비 본인부담금 면제
2026-06-24 19:16:47,657 [INFO] [DRY] 글쓰기 스킵 | category=insurance | persona=general
2026-06-24 19:16:47,659 [INFO] 처리 중: 2세미만 영유아 입원진료비 본인부담금 면제
2026-06-24 19:16:47,659 [INFO] [DRY] 글쓰기 스킵 | category=insurance | persona=general
2026-06-24 19:16:47,661 [INFO] 처리 중: 2세미만 영유아 입원진료비 본인부담금 면제
2026-06-24 19:16:47,661 [INFO] [DRY] 글쓰기 스킵 | category=insurance | persona=general
2026-06-24 19:16:47,664 [INFO] 처리 중: 2세미만 영유아 입원진료비 본인부담금 면제
2026-06-24 19:16:47,664 [INFO] [DRY] 글쓰기 스킵 | category=insurance | persona=general
2026-06-24 19:16:47,666 [INFO] 처리 중: 2세미만 영유아 입원진료비 본인부담금 면제
2026-06-24 19:16:47,666 [INFO] [DRY] 글쓰기 스킵 | category=insurance | persona=general
2026-06-24 19:16:47,668 [INFO] 처리 중: 2세미만 영유아 입원진료비 본인부담금 면제
2026-06-24 19:16:47,668 [INFO] [DRY] 글쓰기 스킵 | category=insurance | persona=general
2026-06-24 19:16:47,670 [INFO] 처리 중: 2세미만 영유아 입원진료비 본인부담금 면제
2026-06-24 19:16:47,670 [INFO] [DRY] 글쓰기 스킵 | category=insurance | persona=general
2026-06-24 19:16:47,672 [INFO] 처리 중: 2세미만 영유아 입원진료비 본인부담금 면제
2026-06-24 19:16:47,672 [INFO] [DRY] 글쓰기 스킵 | category=insurance | persona=general
2026-06-24 19:16:47,674 [INFO] 처리 중: 2세미만 영유아 입원진료비 본인부담금 면제
2026-06-24 19:16:47,674 [INFO] [DRY] 글쓰기 스킵 | category=insurance | persona=general
2026-06-24 19:16:47,677 [INFO] 처리 중: 2세미만 영유아 입원진료비 본인부담금 면제
2026-06-24 19:16:47,677 [INFO] [DRY] 글쓰기 스킵 | category=insurance | persona=general
2026-06-24 19:16:47,679 [INFO] 처리 중: 2세미만 영유아 입원진료비 본인부담금 면제
2026-06-24 19:16:47,679 [INFO] [DRY] 글쓰기 스킵 | category=insurance | persona=general
2026-06-24 19:16:47,681 [INFO] 처리 중: 2세미만 영유아 입원진료비 본인부담금 면제
2026-06-24 19:16:47,681 [INFO] [DRY] 글쓰기 스킵 | category=insurance | persona=general
2026-06-24 19:16:47,683 [INFO] 처리 중: 2세미만 영유아 입원진료비 본인부담금 면제
2026-06-24 19:16:47,683 [INFO] [DRY] 글쓰기 스킵 | category=insurance | persona=general
2026-06-24 19:16:47,686 [INFO] 처리 중: 2세미만 영유아 입원진료비 본인부담금 면제
2026-06-24 19:16:47,686 [INFO] [DRY] 글쓰기 스킵 | category=insurance | persona=general
2026-06-24 19:16:47,688 [INFO] 처리 중: 2세미만 영유아 입원진료비 본인부담금 면제
2026-06-24 19:16:47,688 [INFO] [DRY] 글쓰기 스킵 | category=insurance | persona=general
2026-06-24 19:16:47,690 [INFO] 처리 중: 2세미만 영유아 입원진료비 본인부담금 면제
2026-06-24 19:16:47,690 [INFO] [DRY] 글쓰기 스킵 | category=insurance | persona=general
2026-06-24 19:16:47,692 [INFO] 처리 중: 2세미만 영유아 입원진료비 본인부담금 면제
2026-06-24 19:16:47,692 [INFO] [DRY] 글쓰기 스킵 | category=insurance | persona=general
2026-06-24 19:16:47,695 [INFO] 처리 중: 2세미만 영유아 입원진료비 본인부담금 면제
2026-06-24 19:16:47,695 [INFO] [DRY] 글쓰기 스킵 | category=insurance | persona=general
2026-06-24 19:16:47,697 [INFO] 처리 중: 2세미만 영유아 입원진료비 본인부담금 면제
2026-06-24 19:16:47,697 [INFO] [DRY] 글쓰기 스킵 | category=insurance | persona=general
2026-06-24 19:16:47,699 [INFO] 처리 중: 2세미만 영유아 입원진료비 본인부담금 면제
2026-06-24 19:16:47,699 [INFO] [DRY] 글쓰기 스킵 | category=insurance | persona=general
2026-06-24 19:16:47,701 [INFO] 처리 중: 2세미만 영유아 입원진료비 본인부담금 면제
2026-06-24 19:16:47,701 [INFO] [DRY] 글쓰기 스킵 | category=insurance | persona=general
2026-06-24 19:16:47,703 [INFO] 처리 중: 2세미만 영유아 입원진료비 본인부담금 면제
2026-06-24 19:16:47,703 [INFO] [DRY] 글쓰기 스킵 | category=insurance | persona=general
2026-06-24 19:16:47,706 [INFO] 처리 중: 2세미만 영유아 입원진료비 본인부담금 면제
2026-06-24 19:16:47,706 [INFO] [DRY] 글쓰기 스킵 | category=insurance | persona=general
2026-06-24 19:16:47,708 [INFO] 처리 중: 2세미만 영유아 입원진료비 본인부담금 면제
2026-06-24 19:16:47,708 [INFO] [DRY] 글쓰기 스킵 | category=insurance | persona=general
2026-06-24 19:16:47,710 [INFO] 처리 중: 2세미만 영유아 입원진료비 본인부담금 면제
2026-06-24 19:16:47,710 [INFO] [DRY] 글쓰기 스킵 | category=insurance | persona=general
2026-06-24 19:16:47,712 [INFO] 처리 중: 2세미만 영유아 입원진료비 본인부담금 면제
2026-06-24 19:16:47,713 [INFO] [DRY] 글쓰기 스킵 | category=insurance | persona=general
2026-06-24 19:16:47,715 [INFO] 처리 중: 2세미만 영유아 입원진료비 본인부담금 면제
2026-06-24 19:16:47,715 [INFO] [DRY] 글쓰기 스킵 | category=insurance | persona=general
2026-06-24 19:16:47,717 [INFO] 처리 중: 2세미만 영유아 입원진료비 본인부담금 면제
2026-06-24 19:16:47,717 [INFO] [DRY] 글쓰기 스킵 | category=insurance | persona=general
2026-06-24 19:16:47,719 [INFO] 처리 중: 2세미만 영유아 입원진료비 본인부담금 면제
2026-06-24 19:16:47,719 [INFO] [DRY] 글쓰기 스킵 | category=insurance | persona=general
2026-06-24 19:16:47,722 [INFO] 처리 중: 2세미만 영유아 입원진료비 본인부담금 면제
2026-06-24 19:16:47,722 [INFO] [DRY] 글쓰기 스킵 | category=insurance | persona=general
2026-06-24 19:16:47,722 [INFO] 발행 없음
2026-06-24 19:16:47,722 [INFO] 파이프라인 종료 2026-06-24 19:16:47
2026-06-24 19:16:47,722 [INFO] 스케줄러 정상 종료
2026-06-24 19:36:48,748 [INFO] [DRY-RUN] 스케줄러 시작
2026-06-24 19:36:49,439 [INFO] 파이프라인 시작 2026-06-24 19:36:49
2026-06-24 19:36:49,442 [INFO] 오늘 quota 초과 (65/5), 종료
2026-06-24 19:36:49,442 [INFO] 스케줄러 정상 종료
2026-06-27 15:57:59,622 [INFO] [DRY-RUN] 스케줄러 시작
2026-06-27 15:58:00,274 [INFO] 파이프라인 시작 2026-06-27 15:58:00
2026-06-27 15:58:00,276 [INFO] 오늘 0건 발행됨, 5건 남음
2026-06-27 15:58:00,299 [INFO] 처리 중: 2세미만 영유아 입원진료비 본인부담금 면제
2026-06-27 15:58:00,299 [INFO] [DRY] 글쓰기 스킵 | category=insurance | persona=general
2026-06-27 15:58:00,302 [INFO] 처리 중: 2세미만 영유아 입원진료비 본인부담금 면제
2026-06-27 15:58:00,302 [INFO] [DRY] 글쓰기 스킵 | category=insurance | persona=general
2026-06-27 15:58:00,305 [INFO] 처리 중: 2세미만 영유아 입원진료비 본인부담금 면제
2026-06-27 15:58:00,305 [INFO] [DRY] 글쓰기 스킵 | category=insurance | persona=general
2026-06-27 15:58:00,308 [INFO] 처리 중: 2세미만 영유아 입원진료비 본인부담금 면제
2026-06-27 15:58:00,308 [INFO] [DRY] 글쓰기 스킵 | category=insurance | persona=general
2026-06-27 15:58:00,310 [INFO] 처리 중: 2세미만 영유아 입원진료비 본인부담금 면제
2026-06-27 15:58:00,311 [INFO] [DRY] 글쓰기 스킵 | category=insurance | persona=general
2026-06-27 15:58:00,311 [INFO] 발행 없음
2026-06-27 15:58:00,311 [INFO] 파이프라인 종료 2026-06-27 15:58:00
2026-06-27 15:58:00,311 [INFO] 스케줄러 정상 종료
2026-06-27 15:58:26,214 [INFO] 스케줄러 시작
2026-06-27 15:58:26,771 [INFO] 파이프라인 시작 2026-06-27 15:58:26
2026-06-27 15:58:26,771 [INFO] 오늘 0건 발행됨, 5건 남음
2026-06-27 15:58:26,778 [INFO] 처리 중: 2세미만 영유아 입원진료비 본인부담금 면제
2026-06-27 15:58:27,763 [INFO] HTTP Request: POST https://integrate.api.nvidia.com/v1/chat/completions "HTTP/1.1 200 OK"
2026-06-27 15:58:30,437 [INFO] HTTP Request: POST https://integrate.api.nvidia.com/v1/chat/completions "HTTP/1.1 200 OK"
2026-06-28 09:00:05,392 [INFO] 스케줄러 시작
2026-06-28 09:00:06,180 [INFO] 파이프라인 시작 2026-06-28 09:00:06
2026-06-28 09:00:06,182 [INFO] 오늘 0건 발행됨, 5건 남음
2026-06-28 09:00:06,203 [INFO] 처리 중: 2세미만 영유아 입원진료비 본인부담금 면제
2026-06-28 09:00:07,266 [INFO] HTTP Request: POST https://integrate.api.nvidia.com/v1/chat/completions "HTTP/1.1 200 OK"
2026-06-28 09:01:39,950 [INFO] Retrying request to /chat/completions in 0.396772 seconds
2026-06-28 09:03:10,633 [INFO] Retrying request to /chat/completions in 0.859284 seconds
2026-06-28 09:04:42,032 [INFO] HTTP Request: POST https://api.deepseek.com/v1/chat/completions "HTTP/1.1 200 OK"
2026-06-28 09:04:51,497 [INFO] 제목 추출: 맞벌이 신혼부부, 2세 미만 아이 입원비 본인부담금 면제 혜택 총정리
2026-06-28 09:04:51,728 [INFO] [reviewer] ['Mimo 검수 실패: HTTPSConnectionPool(host=\'api.mimo.kr\', port=443): Max retries exceeded with url: /v2_5/complete (Caused by NameResolutionError("HTTPSConnection(host=\'api.mimo.kr\', port=443): Failed to resolve \'api.mimo.kr\' ([Errno 8] nodename nor servname provided, or not known)"))']
2026-06-28 09:04:51,729 [INFO] [validator] 수정됨: ['HEADING_MISSING:방법']
2026-06-28 09:04:52,437 [INFO] 저장: /Users/twinssn/Projects/money-aikorea24/src/content/blog/맞벌이-신혼부부-2세-미만-아이-입원비-본인부담금-면제-혜택-총정리-005050.md
2026-06-28 09:04:52,440 [INFO] 발행 성공: 맞벌이 신혼부부, 2세 미만 아이 입원비 본인부담금 면제 혜택 총정리 | insurance | google/diffusiongemma-26b-a4b-it
2026-06-28 09:04:52,470 [INFO] 처리 중: [2026] 부산 30대 여성 평균 월급 232만원… 나는 어디쯤?
2026-06-28 09:04:52,969 [INFO] HTTP Request: POST https://integrate.api.nvidia.com/v1/chat/completions "HTTP/1.1 200 OK"
2026-06-28 09:06:25,965 [INFO] Retrying request to /chat/completions in 0.380472 seconds
2026-06-28 09:07:56,682 [INFO] Retrying request to /chat/completions in 0.949174 seconds
2026-06-28 09:09:28,222 [INFO] HTTP Request: POST https://api.deepseek.com/v1/chat/completions "HTTP/1.1 200 OK"
2026-06-28 09:09:37,806 [INFO] 제목 추출: 부산 35세 직장인, 내 월급은 평균일까? 소득 데이터 완벽정리
2026-06-28 09:09:37,932 [INFO] [reviewer] ['Mimo 검수 실패: HTTPSConnectionPool(host=\'api.mimo.kr\', port=443): Max retries exceeded with url: /v2_5/complete (Caused by NameResolutionError("HTTPSConnection(host=\'api.mimo.kr\', port=443): Failed to resolve \'api.mimo.kr\' ([Errno 8] nodename nor servname provided, or not known)"))']
2026-06-28 09:09:37,932 [INFO] [validator] 수정됨: ['HEADING_MISSING:이란?']
2026-06-28 09:09:38,416 [INFO] 저장: /Users/twinssn/Projects/money-aikorea24/src/content/blog/부산-35세-직장인-내-월급은-평균일까-소득-데이터-완벽정리-26-06-.md
2026-06-28 09:09:38,419 [INFO] 발행 성공: 부산 35세 직장인, 내 월급은 평균일까? 소득 데이터 완벽정리 | invest | google/diffusiongemma-26b-a4b-it
2026-06-28 09:09:38,444 [INFO] 처리 중: 신혼부부· 청년 전·월세 보증금 대출이자 지원
2026-06-28 09:09:38,951 [INFO] HTTP Request: POST https://integrate.api.nvidia.com/v1/chat/completions "HTTP/1.1 200 OK"
2026-06-28 09:11:12,110 [INFO] Retrying request to /chat/completions in 0.490266 seconds
2026-06-28 09:12:42,915 [INFO] Retrying request to /chat/completions in 0.754122 seconds
2026-06-28 09:14:14,248 [INFO] HTTP Request: POST https://api.deepseek.com/v1/chat/completions "HTTP/1.1 200 OK"
2026-06-28 09:14:23,407 [INFO] 제목 추출: 2040 직장인·신혼부부, 전세대출이자 최대 100만원 지원받는 법 총정
2026-06-28 09:14:23,688 [INFO] [reviewer] ['Mimo 검수 실패: HTTPSConnectionPool(host=\'api.mimo.kr\', port=443): Max retries exceeded with url: /v2_5/complete (Caused by NameResolutionError("HTTPSConnection(host=\'api.mimo.kr\', port=443): Failed to resolve \'api.mimo.kr\' ([Errno 8] nodename nor servname provided, or not known)"))']
2026-06-28 09:14:23,689 [INFO] [validator] 수정됨: ['HEADING_MISSING:방법']
2026-06-28 09:14:24,114 [INFO] 저장: /Users/twinssn/Projects/money-aikorea24/src/content/blog/2040-직장인신혼부부-전세대출이자-최대-100만원-지원받는-법-총정리-000162.md
2026-06-28 09:14:24,118 [INFO] 발행 성공: 2040 직장인·신혼부부, 전세대출이자 최대 100만원 지원받는 법 총정 | loan | google/diffusiongemma-26b-a4b-it
2026-06-28 09:14:24,153 [INFO] 처리 중: 소년원 출원생 등 소외계층 청소년을 위한 청소년자립생활관 운영 지원
2026-06-28 09:14:24,656 [INFO] HTTP Request: POST https://integrate.api.nvidia.com/v1/chat/completions "HTTP/1.1 200 OK"
2026-06-28 09:15:57,932 [INFO] Retrying request to /chat/completions in 0.462895 seconds
2026-06-28 09:17:28,690 [INFO] Retrying request to /chat/completions in 0.819158 seconds
2026-06-28 09:19:00,089 [INFO] HTTP Request: POST https://api.deepseek.com/v1/chat/completions "HTTP/1.1 200 OK"
2026-06-28 09:19:09,333 [INFO] 제목 추출: 30대 직장인, 소년원 퇴소 청소년 자립지원 혜택 및 신청 방법 총정리
2026-06-28 09:19:09,568 [INFO] [reviewer] ['Mimo 검수 실패: HTTPSConnectionPool(host=\'api.mimo.kr\', port=443): Max retries exceeded with url: /v2_5/complete (Caused by NameResolutionError("HTTPSConnection(host=\'api.mimo.kr\', port=443): Failed to resolve \'api.mimo.kr\' ([Errno 8] nodename nor servname provided, or not known)"))']
2026-06-28 09:19:09,568 [INFO] [validator] 수정됨: ['HEADING_MISSING:이란?']
2026-06-28 09:19:10,144 [INFO] 저장: /Users/twinssn/Projects/money-aikorea24/src/content/blog/30대-직장인-소년원-퇴소-청소년-자립지원-혜택-및-신청-방법-총정리-000037.md
2026-06-28 09:19:10,146 [INFO] 발행 성공: 30대 직장인, 소년원 퇴소 청소년 자립지원 혜택 및 신청 방법 총정리 | general | google/diffusiongemma-26b-a4b-it
2026-06-28 09:19:10,171 [INFO] 처리 중: 어린이 불소 도포
2026-06-28 09:19:10,693 [INFO] HTTP Request: POST https://integrate.api.nvidia.com/v1/chat/completions "HTTP/1.1 200 OK"
2026-06-28 09:20:44,881 [INFO] Retrying request to /chat/completions in 0.382913 seconds
2026-06-28 09:22:15,500 [INFO] Retrying request to /chat/completions in 0.908144 seconds
2026-06-28 09:23:46,941 [INFO] HTTP Request: POST https://api.deepseek.com/v1/chat/completions "HTTP/1.1 200 OK"
2026-06-28 09:23:57,425 [INFO] 제목 추출: 맞벌이 신혼부부, 우리 아이 충치 걱정 끝! 어린이 불소 도포 지원 대상
2026-06-28 09:23:57,571 [INFO] [reviewer] ['Mimo 검수 실패: HTTPSConnectionPool(host=\'api.mimo.kr\', port=443): Max retries exceeded with url: /v2_5/complete (Caused by NameResolutionError("HTTPSConnection(host=\'api.mimo.kr\', port=443): Failed to resolve \'api.mimo.kr\' ([Errno 8] nodename nor servname provided, or not known)"))']
2026-06-28 09:23:57,572 [INFO] [validator] 수정됨: ['HEADING_MISSING:이란?']
2026-06-28 09:23:58,063 [INFO] 저장: /Users/twinssn/Projects/money-aikorea24/src/content/blog/맞벌이-신혼부부-우리-아이-충치-걱정-끝-어린이-불소-도포-지원-대상-및-혜택-총정리-005051.md
2026-06-28 09:23:58,066 [INFO] 발행 성공: 맞벌이 신혼부부, 우리 아이 충치 걱정 끝! 어린이 불소 도포 지원 대상 | insurance | google/diffusiongemma-26b-a4b-it
2026-06-28 09:23:58,066 [INFO] 5건 발행 → 빌드/배포 시작
2026-06-28 09:25:31,665 [INFO] 배포 완료 (5건)
2026-06-28 09:25:31,666 [INFO] 파이프라인 종료 2026-06-28 09:25:31
2026-06-28 09:25:31,666 [INFO] 스케줄러 정상 종료
2026-06-29 09:00:01,749 [INFO] 스케줄러 시작
2026-06-29 09:00:02,540 [INFO] 파이프라인 시작 2026-06-29 09:00:02
2026-06-29 09:00:02,543 [INFO] 오늘 0건 발행됨, 5건 남음
2026-06-29 09:00:02,563 [INFO] 처리 중: 신혼부부 전세자금 대출이자 지원
2026-06-29 09:00:03,471 [INFO] HTTP Request: POST https://integrate.api.nvidia.com/v1/chat/completions "HTTP/1.1 200 OK"
2026-06-29 09:01:38,044 [INFO] Retrying request to /chat/completions in 0.489458 seconds
2026-06-29 09:03:08,851 [INFO] Retrying request to /chat/completions in 0.902140 seconds
2026-06-29 09:04:40,364 [INFO] HTTP Request: POST https://api.deepseek.com/v1/chat/completions "HTTP/1.1 200 OK"
2026-06-29 09:04:51,358 [INFO] 제목 추출: 안산시 무주택 신혼부부 전세자금 대출이자 최대 130만원 지원 총정리
2026-06-29 09:04:51,589 [INFO] [reviewer] ['Mimo 검수 실패: HTTPSConnectionPool(host=\'api.mimo.kr\', port=443): Max retries exceeded with url: /v2_5/complete (Caused by NameResolutionError("HTTPSConnection(host=\'api.mimo.kr\', port=443): Failed to resolve \'api.mimo.kr\' ([Errno 8] nodename nor servname provided, or not known)"))']
2026-06-29 09:04:51,591 [INFO] [validator] 수정됨: ['HEADING_MISSING:이란?']
2026-06-29 09:04:52,654 [INFO] 저장: /Users/twinssn/Projects/money-aikorea24/src/content/blog/안산시-무주택-신혼부부-전세자금-대출이자-최대-130만원-지원-총정리-000111.md
2026-06-29 09:04:52,657 [INFO] 발행 성공: 안산시 무주택 신혼부부 전세자금 대출이자 최대 130만원 지원 총정리 | loan | google/diffusiongemma-26b-a4b-it
2026-06-29 09:04:52,687 [INFO] 처리 중: 장애인 자립생활 정착금 지원
2026-06-29 09:04:53,290 [INFO] HTTP Request: POST https://integrate.api.nvidia.com/v1/chat/completions "HTTP/1.1 200 OK"
2026-06-29 09:06:27,582 [INFO] Retrying request to /chat/completions in 0.466697 seconds
2026-06-29 09:07:58,415 [INFO] Retrying request to /chat/completions in 0.993036 seconds
2026-06-29 09:09:30,051 [INFO] HTTP Request: POST https://api.deepseek.com/v1/chat/completions "HTTP/1.1 200 OK"
2026-06-29 09:09:37,844 [INFO] 제목 추출: 무주택 직장인, 고양시 장애인 자립정착금 2,000만원 신청하는 법 총정
2026-06-29 09:09:38,011 [INFO] [reviewer] ['Mimo 검수 실패: HTTPSConnectionPool(host=\'api.mimo.kr\', port=443): Max retries exceeded with url: /v2_5/complete (Caused by NameResolutionError("HTTPSConnection(host=\'api.mimo.kr\', port=443): Failed to resolve \'api.mimo.kr\' ([Errno 8] nodename nor servname provided, or not known)"))']
2026-06-29 09:09:38,012 [INFO] [validator] 수정됨: ['HEADING_MISSING:이란?']
2026-06-29 09:09:38,577 [INFO] 저장: /Users/twinssn/Projects/money-aikorea24/src/content/blog/무주택-직장인-고양시-장애인-자립정착금-2000만원-신청하는-법-총정리-000114.md
2026-06-29 09:09:38,581 [INFO] 발행 성공: 무주택 직장인, 고양시 장애인 자립정착금 2,000만원 신청하는 법 총정 | loan | google/diffusiongemma-26b-a4b-it
2026-06-29 09:09:38,611 [INFO] 처리 중: 배회감지기 무상보급
2026-06-29 09:09:38,612 [INFO] [SKIP] 부적합 키워드: 배회감지기 무상보급
2026-06-29 09:09:38,628 [INFO] 처리 중: 2025 영구 불임예상 난자·정자 냉동 지원
2026-06-29 09:09:39,477 [INFO] HTTP Request: POST https://integrate.api.nvidia.com/v1/chat/completions "HTTP/1.1 200 OK"
2026-06-29 09:11:13,433 [INFO] Retrying request to /chat/completions in 0.447877 seconds
2026-06-29 09:12:44,189 [INFO] Retrying request to /chat/completions in 0.821164 seconds
2026-06-29 09:14:15,601 [INFO] HTTP Request: POST https://api.deepseek.com/v1/chat/completions "HTTP/1.1 200 OK"
2026-06-29 09:14:26,771 [INFO] 제목 추출: 맞벌이 신혼부 필독, 2025 영구 불임예상 난자·정자 냉동 지원 총정리
2026-06-29 09:14:26,902 [INFO] [reviewer] ['Mimo 검수 실패: HTTPSConnectionPool(host=\'api.mimo.kr\', port=443): Max retries exceeded with url: /v2_5/complete (Caused by NameResolutionError("HTTPSConnection(host=\'api.mimo.kr\', port=443): Failed to resolve \'api.mimo.kr\' ([Errno 8] nodename nor servname provided, or not known)"))']
2026-06-29 09:14:26,903 [INFO] [validator] 수정됨: ['HEADING_MISSING:이란?']
2026-06-29 09:14:27,448 [INFO] 저장: /Users/twinssn/Projects/money-aikorea24/src/content/blog/맞벌이-신혼부-필독-2025-영구-불임예상-난자정자-냉동-지원-총정리-005058.md
2026-06-29 09:14:27,452 [INFO] 발행 성공: 맞벌이 신혼부 필독, 2025 영구 불임예상 난자·정자 냉동 지원 총정리 | insurance | google/diffusiongemma-26b-a4b-it
2026-06-29 09:14:27,476 [INFO] 처리 중: [2026] 경기 30대 직장인 평균 월급 369만원… 나는 어디쯤?
2026-06-29 09:14:28,126 [INFO] HTTP Request: POST https://integrate.api.nvidia.com/v1/chat/completions "HTTP/1.1 200 OK"
2026-06-29 09:16:03,339 [INFO] Retrying request to /chat/completions in 0.484403 seconds
2026-06-29 09:17:34,133 [INFO] Retrying request to /chat/completions in 0.847495 seconds
2026-06-29 09:19:05,548 [INFO] HTTP Request: POST https://api.deepseek.com/v1/chat/completions "HTTP/1.1 200 OK"
2026-06-29 09:19:14,450 [INFO] 제목 추출: 35세 경기 직장인, 내 월급은 또래 대비 얼마일까? 소득 통계 완벽정리
2026-06-29 09:19:14,575 [INFO] [reviewer] ['Mimo 검수 실패: HTTPSConnectionPool(host=\'api.mimo.kr\', port=443): Max retries exceeded with url: /v2_5/complete (Caused by NameResolutionError("HTTPSConnection(host=\'api.mimo.kr\', port=443): Failed to resolve \'api.mimo.kr\' ([Errno 8] nodename nor servname provided, or not known)"))']
2026-06-29 09:19:14,575 [INFO] [validator] 수정됨: ['HEADING_MISSING:이란?', 'HEADING_MISSING:방법']
2026-06-29 09:19:15,041 [INFO] 저장: /Users/twinssn/Projects/money-aikorea24/src/content/blog/35세-경기-직장인-내-월급은-또래-대비-얼마일까-소득-통계-완벽정리-26-06-.md
2026-06-29 09:19:15,043 [INFO] 발행 성공: 35세 경기 직장인, 내 월급은 또래 대비 얼마일까? 소득 통계 완벽정리 | invest | google/diffusiongemma-26b-a4b-it
2026-06-29 09:19:15,043 [INFO] 4건 발행 → 빌드/배포 시작
2026-06-29 09:20:18,180 [ERROR] 빌드/배포 실패 (4건 저장됨)
2026-06-29 09:20:18,181 [ERROR] [ERROR] 빌드/배포 실패 ❌ (4건 저장됨)
2026-06-29 09:20:19,043 [INFO] 파이프라인 종료 2026-06-29 09:20:19
2026-06-29 09:20:19,044 [INFO] 스케줄러 정상 종료
2026-06-30 09:00:02,858 [INFO] 스케줄러 시작
2026-06-30 09:00:03,541 [INFO] 파이프라인 시작 2026-06-30 09:00:03
2026-06-30 09:00:03,544 [INFO] 오늘 0건 발행됨, 5건 남음
2026-06-30 09:00:03,566 [INFO] 처리 중: 고양시 자활기금 기초생활보장 지원
2026-06-30 09:00:04,521 [INFO] HTTP Request: POST https://integrate.api.nvidia.com/v1/chat/completions "HTTP/1.1 404 Not Found"
2026-06-30 09:00:05,765 [INFO] HTTP Request: POST https://integrate.api.nvidia.com/v1/chat/completions "HTTP/1.1 404 Not Found"
2026-06-30 09:01:23,587 [INFO] HTTP Request: POST https://integrate.api.nvidia.com/v1/chat/completions "HTTP/1.1 200 OK"
2026-06-30 09:04:15,266 [INFO] Retrying request to /chat/completions in 0.455066 seconds
2026-06-30 09:05:46,005 [INFO] Retrying request to /chat/completions in 0.849993 seconds
2026-06-30 09:07:17,411 [INFO] HTTP Request: POST https://api.deepseek.com/v1/chat/completions "HTTP/1.1 200 OK"
2026-06-30 09:07:34,707 [INFO] [reviewer] ['Mimo 검수 실패: HTTPSConnectionPool(host=\'api.mimo.kr\', port=443): Max retries exceeded with url: /v2_5/complete (Caused by NameResolutionError("HTTPSConnection(host=\'api.mimo.kr\', port=443): Failed to resolve \'api.mimo.kr\' ([Errno 8] nodename nor servname provided, or not known)"))']
2026-06-30 09:07:35,558 [INFO] 저장: /Users/twinssn/Projects/money-aikorea24/src/content/blog/고양시-자활기금-기초생활보장-지원-000124.md
2026-06-30 09:07:35,560 [INFO] 발행 성공: 고양시 자활기금 기초생활보장 지원 | loan | google/gemma-4-31b-it
2026-06-30 09:07:35,588 [INFO] 처리 중: 폭력 피해 이주여성 보호시설 운영 지원
2026-06-30 09:07:35,589 [INFO] [SKIP] 부적합 키워드: 폭력 피해 이주여성 보호시설 운영 지원
2026-06-30 09:07:35,603 [INFO] 처리 중: 북한이탈여성 폭력피해 예방 및 지원
2026-06-30 09:07:35,603 [INFO] [SKIP] 부적합 키워드: 북한이탈여성 폭력피해 예방 및 지원
2026-06-30 09:07:35,612 [INFO] 처리 중: 학교 밖 청소년 건강검진 지원
2026-06-30 09:07:35,983 [INFO] HTTP Request: POST https://integrate.api.nvidia.com/v1/chat/completions "HTTP/1.1 404 Not Found"
2026-06-30 09:07:37,209 [INFO] HTTP Request: POST https://integrate.api.nvidia.com/v1/chat/completions "HTTP/1.1 404 Not Found"
2026-06-30 09:07:39,129 [INFO] HTTP Request: POST https://integrate.api.nvidia.com/v1/chat/completions "HTTP/1.1 200 OK"
2026-06-30 09:11:19,763 [INFO] Retrying request to /chat/completions in 0.487325 seconds
2026-06-30 09:12:50,536 [INFO] Retrying request to /chat/completions in 0.916520 seconds
2026-06-30 09:14:21,995 [INFO] HTTP Request: POST https://api.deepseek.com/v1/chat/completions "HTTP/1.1 200 OK"
2026-06-30 09:14:36,612 [INFO] [reviewer] ['Mimo 검수 실패: HTTPSConnectionPool(host=\'api.mimo.kr\', port=443): Max retries exceeded with url: /v2_5/complete (Caused by NameResolutionError("HTTPSConnection(host=\'api.mimo.kr\', port=443): Failed to resolve \'api.mimo.kr\' ([Errno 8] nodename nor servname provided, or not known)"))']
2026-06-30 09:14:37,148 [INFO] 저장: /Users/twinssn/Projects/money-aikorea24/src/content/blog/학교-밖-청소년-건강검진-지원-000033.md
2026-06-30 09:14:37,152 [INFO] 발행 성공: 학교 밖 청소년 건강검진 지원 | insurance | google/gemma-4-31b-it
2026-06-30 09:14:37,187 [INFO] 처리 중: 신혼부부 주택전세자금 대출이자 지원
2026-06-30 09:14:37,582 [INFO] HTTP Request: POST https://integrate.api.nvidia.com/v1/chat/completions "HTTP/1.1 404 Not Found"
2026-06-30 09:14:38,810 [INFO] HTTP Request: POST https://integrate.api.nvidia.com/v1/chat/completions "HTTP/1.1 404 Not Found"
2026-06-30 09:14:39,832 [INFO] HTTP Request: POST https://integrate.api.nvidia.com/v1/chat/completions "HTTP/1.1 200 OK"
2026-06-30 09:18:26,572 [INFO] Retrying request to /chat/completions in 0.442096 seconds
2026-06-30 09:19:57,291 [INFO] Retrying request to /chat/completions in 0.887802 seconds
2026-06-30 09:21:28,782 [INFO] HTTP Request: POST https://api.deepseek.com/v1/chat/completions "HTTP/1.1 200 OK"
2026-06-30 09:21:41,450 [INFO] [reviewer] ['Mimo 검수 실패: HTTPSConnectionPool(host=\'api.mimo.kr\', port=443): Max retries exceeded with url: /v2_5/complete (Caused by NameResolutionError("HTTPSConnection(host=\'api.mimo.kr\', port=443): Failed to resolve \'api.mimo.kr\' ([Errno 8] nodename nor servname provided, or not known)"))']
2026-06-30 09:21:41,919 [INFO] 저장: /Users/twinssn/Projects/money-aikorea24/src/content/blog/신혼부부-주택전세자금-대출이자-지원-000114.md
2026-06-30 09:21:41,924 [INFO] 발행 성공: 신혼부부 주택전세자금 대출이자 지원 | loan | google/gemma-4-31b-it
2026-06-30 09:21:41,924 [INFO] 3건 발행 → 빌드/배포 시작
2026-06-30 09:22:45,051 [ERROR] 빌드/배포 실패 (3건 저장됨)
2026-06-30 09:22:45,052 [ERROR] [ERROR] 빌드/배포 실패 ❌ (3건 저장됨)
2026-06-30 09:22:46,173 [INFO] 파이프라인 종료 2026-06-30 09:22:46
2026-06-30 09:22:46,173 [INFO] 스케줄러 정상 종료
2026-07-01 09:00:01,346 [INFO] 스케줄러 시작
2026-07-01 09:00:02,005 [INFO] 파이프라인 시작 2026-07-01 09:00:02
2026-07-01 09:00:02,008 [INFO] 오늘 0건 발행됨, 5건 남음
2026-07-01 09:00:02,027 [INFO] 처리 중: 범죄 피해 구조금 지급
2026-07-01 09:00:02,995 [INFO] HTTP Request: POST https://integrate.api.nvidia.com/v1/chat/completions "HTTP/1.1 200 OK"
2026-07-01 09:01:35,585 [INFO] Retrying request to /chat/completions in 0.393236 seconds
2026-07-01 09:03:06,238 [INFO] Retrying request to /chat/completions in 0.777226 seconds
2026-07-01 09:04:37,534 [INFO] HTTP Request: POST https://api.deepseek.com/v1/chat/completions "HTTP/1.1 200 OK"
2026-07-01 09:04:46,474 [INFO] 제목 추출: 30대 직장인, 갑작스러운 범죄 피해 시 '피해 구조금' 받는 법 총정리
2026-07-01 09:04:46,845 [INFO] [reviewer] ['Mimo 검수 실패: HTTPSConnectionPool(host=\'api.mimo.kr\', port=443): Max retries exceeded with url: /v2_5/complete (Caused by NameResolutionError("HTTPSConnection(host=\'api.mimo.kr\', port=443): Failed to resolve \'api.mimo.kr\' ([Errno 8] nodename nor servname provided, or not known)"))']
2026-07-01 09:04:46,845 [INFO] [validator] 수정됨: ['HEADING_MISSING:이란?', 'HEADING_MISSING:방법']
2026-07-01 09:04:47,600 [INFO] 저장: /Users/twinssn/Projects/money-aikorea24/src/content/blog/30대-직장인-갑작스러운-범죄-피해-시-피해-구조금-받는-법-총정리-000001.md
2026-07-01 09:04:47,603 [INFO] 발행 성공: 30대 직장인, 갑작스러운 범죄 피해 시 '피해 구조금' 받는 법 총정리 | general | google/diffusiongemma-26b-a4b-it
2026-07-01 09:04:47,633 [INFO] 처리 중: 기초생활보장수급자 이사비용 지원
2026-07-01 09:04:48,239 [INFO] HTTP Request: POST https://integrate.api.nvidia.com/v1/chat/completions "HTTP/1.1 200 OK"
2026-07-01 09:06:21,017 [INFO] Retrying request to /chat/completions in 0.398675 seconds
2026-07-01 09:07:51,756 [INFO] Retrying request to /chat/completions in 0.814114 seconds
2026-07-01 09:09:23,066 [INFO] HTTP Request: POST https://api.deepseek.com/v1/chat/completions "HTTP/1.1 200 OK"
2026-07-01 09:09:31,256 [INFO] 제목 추출: 무주택 직장인, 과천시 이사비 지원 20만 원 챙기는 법 총정리
2026-07-01 09:09:31,750 [INFO] [reviewer] ['Mimo 검수 실패: HTTPSConnectionPool(host=\'api.mimo.kr\', port=443): Max retries exceeded with url: /v2_5/complete (Caused by NameResolutionError("HTTPSConnection(host=\'api.mimo.kr\', port=443): Failed to resolve \'api.mimo.kr\' ([Errno 8] nodename nor servname provided, or not known)"))']
2026-07-01 09:09:31,751 [INFO] [validator] 수정됨: ['HEADING_MISSING:이란?', 'HEADING_MISSING:방법']
2026-07-01 09:09:32,233 [INFO] 저장: /Users/twinssn/Projects/money-aikorea24/src/content/blog/무주택-직장인-과천시-이사비-지원-20만-원-챙기는-법-총정리-000120.md
2026-07-01 09:09:32,235 [INFO] 발행 성공: 무주택 직장인, 과천시 이사비 지원 20만 원 챙기는 법 총정리 | loan | google/diffusiongemma-26b-a4b-it
2026-07-01 09:09:32,263 [INFO] 처리 중: 중앙디지털성범죄피해자지원센터 지원
2026-07-01 09:09:32,790 [INFO] HTTP Request: POST https://integrate.api.nvidia.com/v1/chat/completions "HTTP/1.1 200 OK"
2026-07-01 09:11:05,924 [INFO] Retrying request to /chat/completions in 0.499040 seconds
2026-07-01 09:12:36,724 [INFO] Retrying request to /chat/completions in 0.985963 seconds
2026-07-01 09:14:08,321 [INFO] HTTP Request: POST https://api.deepseek.com/v1/chat/completions "HTTP/1.1 200 OK"
2026-07-01 09:14:17,236 [INFO] 제목 추출: 맞벌이 신혼부부, 디지털 성범죄 피해 시 삭제 지원부터 법률 상담까지 완
2026-07-01 09:14:17,589 [INFO] [reviewer] ['Mimo 검수 실패: HTTPSConnectionPool(host=\'api.mimo.kr\', port=443): Max retries exceeded with url: /v2_5/complete (Caused by NameResolutionError("HTTPSConnection(host=\'api.mimo.kr\', port=443): Failed to resolve \'api.mimo.kr\' ([Errno 8] nodename nor servname provided, or not known)"))']
2026-07-01 09:14:17,590 [INFO] [validator] 수정됨: ['HEADING_MISSING:이란?', 'HEADING_MISSING:방법']
2026-07-01 09:14:18,095 [INFO] 저장: /Users/twinssn/Projects/money-aikorea24/src/content/blog/맞벌이-신혼부부-디지털-성범죄-피해-시-삭제-지원부터-법률-상담까지-완벽정리-000038.md
2026-07-01 09:14:18,099 [INFO] 발행 성공: 맞벌이 신혼부부, 디지털 성범죄 피해 시 삭제 지원부터 법률 상담까지 완 | insurance | google/diffusiongemma-26b-a4b-it
2026-07-01 09:14:18,128 [INFO] 처리 중: [2026] 경기 30대 여성 평균 월급 244만원… 나는 어디쯤?
2026-07-01 09:14:18,679 [INFO] HTTP Request: POST https://integrate.api.nvidia.com/v1/chat/completions "HTTP/1.1 200 OK"
2026-07-01 09:15:51,602 [INFO] Retrying request to /chat/completions in 0.428472 seconds
2026-07-01 09:17:23,317 [INFO] Retrying request to /chat/completions in 0.915916 seconds
2026-07-01 09:18:54,793 [INFO] HTTP Request: POST https://api.deepseek.com/v1/chat/completions "HTTP/1.1 200 OK"
2026-07-01 09:19:03,125 [INFO] 제목 추출: 35세 경기 직장인, 내 월급은 평균보다 높을까? 소득 수준 총정리
2026-07-01 09:19:03,456 [INFO] [reviewer] ['Mimo 검수 실패: HTTPSConnectionPool(host=\'api.mimo.kr\', port=443): Max retries exceeded with url: /v2_5/complete (Caused by NameResolutionError("HTTPSConnection(host=\'api.mimo.kr\', port=443): Failed to resolve \'api.mimo.kr\' ([Errno 8] nodename nor servname provided, or not known)"))']
2026-07-01 09:19:03,459 [INFO] [validator] 수정됨: ['HEADING_MISSING:이란?']
2026-07-01 09:19:03,909 [INFO] 저장: /Users/twinssn/Projects/money-aikorea24/src/content/blog/35세-경기-직장인-내-월급은-평균보다-높을까-소득-수준-총정리-26-06-.md
2026-07-01 09:19:03,912 [INFO] 발행 성공: 35세 경기 직장인, 내 월급은 평균보다 높을까? 소득 수준 총정리 | invest | google/diffusiongemma-26b-a4b-it
2026-07-01 09:19:03,940 [INFO] 처리 중: 저소득 장애인 주거환경 개선 지원
2026-07-01 09:19:04,547 [INFO] HTTP Request: POST https://integrate.api.nvidia.com/v1/chat/completions "HTTP/1.1 200 OK"
2026-07-01 09:20:37,713 [INFO] Retrying request to /chat/completions in 0.425139 seconds
2026-07-01 09:22:08,433 [INFO] Retrying request to /chat/completions in 0.809453 seconds
2026-07-01 09:23:39,785 [INFO] HTTP Request: POST https://api.deepseek.com/v1/chat/completions "HTTP/1.1 200 OK"
2026-07-01 09:23:47,901 [INFO] 제목 추출: 무주택 직장인, 저소득 장애인 주거환경 개선 152만 원 혜택 총정리
2026-07-01 09:23:48,252 [INFO] [reviewer] ['Mimo 검수 실패: HTTPSConnectionPool(host=\'api.mimo.kr\', port=443): Max retries exceeded with url: /v2_5/complete (Caused by NameResolutionError("HTTPSConnection(host=\'api.mimo.kr\', port=443): Failed to resolve \'api.mimo.kr\' ([Errno 8] nodename nor servname provided, or not known)"))']
2026-07-01 09:23:48,253 [INFO] [validator] 수정됨: ['HEADING_MISSING:이란?']
2026-07-01 09:23:48,803 [INFO] 저장: /Users/twinssn/Projects/money-aikorea24/src/content/blog/무주택-직장인-저소득-장애인-주거환경-개선-152만-원-혜택-총정리-000117.md
2026-07-01 09:23:48,806 [INFO] 발행 성공: 무주택 직장인, 저소득 장애인 주거환경 개선 152만 원 혜택 총정리 | loan | google/diffusiongemma-26b-a4b-it
2026-07-01 09:23:48,806 [INFO] 5건 발행 → 빌드/배포 시작
2026-07-01 09:24:50,977 [ERROR] 빌드/배포 실패 (5건 저장됨)
2026-07-01 09:24:50,978 [ERROR] [ERROR] 빌드/배포 실패 ❌ (5건 저장됨)
2026-07-01 09:24:51,972 [INFO] 파이프라인 종료 2026-07-01 09:24:51
2026-07-01 09:24:51,972 [INFO] 스케줄러 정상 종료
2026-07-02 09:00:04,653 [INFO] 스케줄러 시작
2026-07-02 09:00:05,001 [ERROR] 스케줄러 오류: name 'sys' is not defined
Traceback (most recent call last):
  File "/Users/twinssn/Projects/money-aikorea24/scripts/auto-writer/scheduler.py", line 100, in run
    from pipeline import run as pipeline_run
  File "/Users/twinssn/Projects/money-aikorea24/scripts/auto-writer/pipeline.py", line 35, in <module>
    from shared.thumbnail_gen import generate as gen_thumbnail
  File "/Users/twinssn/Projects/money-aikorea24/scripts/auto-writer/shared/thumbnail_gen.py", line 6, in <module>
    sys.path.insert(0, str(Path(__file__).resolve().parent.parent.parent))
    ^^^
NameError: name 'sys' is not defined. Did you forget to import 'sys'?
2026-07-03 09:00:04,453 [INFO] 스케줄러 시작
2026-07-03 09:00:07,664 [ERROR] 스케줄러 오류: name 'sys' is not defined
Traceback (most recent call last):
  File "/Users/twinssn/Projects/money-aikorea24/scripts/auto-writer/scheduler.py", line 100, in run
    from pipeline import run as pipeline_run
  File "/Users/twinssn/Projects/money-aikorea24/scripts/auto-writer/pipeline.py", line 36, in <module>
    from shared.build_deploy   import run as deploy
  File "/Users/twinssn/Projects/money-aikorea24/scripts/auto-writer/shared/build_deploy.py", line 5, in <module>
    sys.path.insert(0, str(Path(__file__).resolve().parent.parent.parent))
    ^^^
NameError: name 'sys' is not defined. Did you forget to import 'sys'?
2026-07-04 09:00:08,610 [INFO] 스케줄러 시작
2026-07-04 09:00:20,414 [ERROR] 스케줄러 오류: name 'sys' is not defined
Traceback (most recent call last):
  File "/Users/twinssn/Projects/money-aikorea24/scripts/auto-writer/scheduler.py", line 100, in run
    from pipeline import run as pipeline_run
  File "/Users/twinssn/Projects/money-aikorea24/scripts/auto-writer/pipeline.py", line 36, in <module>
    from shared.build_deploy   import run as deploy
  File "/Users/twinssn/Projects/money-aikorea24/scripts/auto-writer/shared/build_deploy.py", line 5, in <module>
    sys.path.insert(0, str(Path(__file__).resolve().parent.parent.parent))
    ^^^
NameError: name 'sys' is not defined. Did you forget to import 'sys'?
2026-07-04 21:11:51,657 [INFO] [DRY-RUN] 스케줄러 시작
2026-07-04 21:11:51,973 [INFO] 파이프라인 시작 2026-07-04 21:11:51
2026-07-04 21:11:51,974 [INFO] 오늘 0건 발행됨, 5건 남음
2026-07-04 21:11:51,978 [INFO] 처리 중: 지역디지털성범죄피해자지원센터
2026-07-04 21:11:53,504 [INFO] [DRY] 글쓰기 스킵 | category=insurance | persona=general
2026-07-04 21:11:53,511 [INFO] 처리 중: 지역디지털성범죄피해자지원센터
2026-07-04 21:11:54,058 [INFO] [DRY] 글쓰기 스킵 | category=insurance | persona=general
2026-07-04 21:11:54,065 [INFO] 처리 중: 지역디지털성범죄피해자지원센터
2026-07-04 21:11:57,744 [INFO] [DRY] 글쓰기 스킵 | category=insurance | persona=general
2026-07-04 21:11:57,750 [INFO] 처리 중: 지역디지털성범죄피해자지원센터
2026-07-04 21:11:59,641 [INFO] [DRY] 글쓰기 스킵 | category=insurance | persona=general
2026-07-04 21:11:59,648 [INFO] 처리 중: 지역디지털성범죄피해자지원센터
2026-07-04 21:12:00,197 [INFO] [DRY] 글쓰기 스킵 | category=insurance | persona=general
2026-07-04 21:12:00,197 [INFO] 발행 없음
2026-07-04 21:12:00,197 [INFO] 파이프라인 종료 2026-07-04 21:12:00
2026-07-04 21:12:00,198 [INFO] 스케줄러 정상 종료
2026-07-04 21:12:08,981 [INFO] 스케줄러 시작
2026-07-04 21:12:09,299 [INFO] 파이프라인 시작 2026-07-04 21:12:09
2026-07-04 21:12:09,299 [INFO] 오늘 0건 발행됨, 5건 남음
2026-07-04 21:12:09,304 [INFO] 처리 중: 지역디지털성범죄피해자지원센터
2026-07-04 21:12:19,838 [INFO] HTTP Request: POST https://integrate.api.nvidia.com/v1/chat/completions "HTTP/1.1 200 OK"
2026-07-04 21:13:53,021 [INFO] Retrying request to /chat/completions in 0.404197 seconds
2026-07-04 21:15:23,655 [INFO] Retrying request to /chat/completions in 0.858182 seconds
2026-07-04 21:16:55,041 [INFO] HTTP Request: POST https://api.deepseek.com/v1/chat/completions "HTTP/1.1 200 OK"
2026-07-04 21:17:05,127 [INFO] 제목 추출: 맞벌이 신혼부부가 꼭 알아야 할 디지털 성범죄 피해자 지원 및 삭제 요청
2026-07-04 21:17:05,473 [INFO] [reviewer] ['Mimo 검수 실패: HTTPSConnectionPool(host=\'api.mimo.kr\', port=443): Max retries exceeded with url: /v2_5/complete (Caused by NameResolutionError("HTTPSConnection(host=\'api.mimo.kr\', port=443): Failed to resolve \'api.mimo.kr\' ([Errno 8] nodename nor servname provided, or not known)"))']
2026-07-04 21:17:05,474 [INFO] [validator] 수정됨: ['HEADING_MISSING:이란?', 'STALE_YEAR:2024']
2026-07-04 21:17:06,251 [INFO] 저장: /Users/twinssn/Projects/money-aikorea24/src/content/blog/맞벌이-신혼부부가-꼭-알아야-할-디지털-성범죄-피해자-지원-및-삭제-요청-가이드-총정리-000043.md
2026-07-04 21:17:06,252 [INFO] 발행 성공: 맞벌이 신혼부부가 꼭 알아야 할 디지털 성범죄 피해자 지원 및 삭제 요청 | insurance | google/diffusiongemma-26b-a4b-it
2026-07-04 21:17:06,257 [INFO] 처리 중: 시흥형 주거비(아동 주거비) 지원
2026-07-04 21:17:07,473 [INFO] HTTP Request: POST https://integrate.api.nvidia.com/v1/chat/completions "HTTP/1.1 502 Bad Gateway"
2026-07-04 21:17:07,473 [INFO] Retrying request to /chat/completions in 0.499961 seconds
2026-07-04 21:17:08,474 [INFO] HTTP Request: POST https://integrate.api.nvidia.com/v1/chat/completions "HTTP/1.1 200 OK"
2026-07-05 09:00:03,563 [INFO] 스케줄러 시작
2026-07-05 09:00:04,215 [INFO] 파이프라인 시작 2026-07-05 09:00:04
2026-07-05 09:00:04,217 [INFO] 오늘 0건 발행됨, 5건 남음
2026-07-05 09:00:04,236 [INFO] 처리 중: 시흥형 주거비(아동 주거비) 지원
2026-07-05 09:00:06,215 [INFO] HTTP Request: POST https://integrate.api.nvidia.com/v1/chat/completions "HTTP/1.1 200 OK"
2026-07-05 09:01:44,262 [INFO] Retrying request to /chat/completions in 0.402663 seconds
2026-07-05 09:03:15,007 [INFO] Retrying request to /chat/completions in 0.966846 seconds
2026-07-05 09:04:16,053 [INFO] Retrying request to /chat/completions in 0.449705 seconds
2026-07-05 09:04:38,044 [INFO] Retrying request to /chat/completions in 0.962916 seconds
2026-07-05 09:04:39,054 [INFO] 제목 추출: 시흥시 무주택 직장인을 위한 시흥형 주거비 지원 혜택 완벽정리
2026-07-05 09:04:39,062 [INFO] [reviewer] ['Mimo 검수 실패: HTTPSConnectionPool(host=\'api.mimo.kr\', port=443): Max retries exceeded with url: /v2_5/complete (Caused by NameResolutionError("HTTPSConnection(host=\'api.mimo.kr\', port=443): Failed to resolve \'api.mimo.kr\' ([Errno 8] nodename nor servname provided, or not known)"))']
2026-07-05 09:04:39,062 [INFO] [validator] 수정됨: ['HEADING_MISSING:이란?', 'YEAR_REPLACED:2024']
2026-07-05 09:04:46,931 [INFO] 저장: /Users/twinssn/Projects/money-aikorea24/src/content/blog/시흥시-무주택-직장인을-위한-시흥형-주거비-지원-혜택-완벽정리-000104.md
2026-07-05 09:04:46,936 [INFO] 발행 성공: 시흥시 무주택 직장인을 위한 시흥형 주거비 지원 혜택 완벽정리 | loan | google/diffusiongemma-26b-a4b-it
2026-07-05 09:04:46,965 [INFO] 처리 중: 신혼부부 전세대출금 이자 지원
2026-07-05 09:04:48,223 [INFO] HTTP Request: POST https://integrate.api.nvidia.com/v1/chat/completions "HTTP/1.1 200 OK"
2026-07-05 09:04:53,479 [INFO] HTTP Request: POST https://integrate.api.nvidia.com/v1/chat/completions "HTTP/1.1 200 OK"
2026-07-05 09:06:26,812 [INFO] Retrying request to /chat/completions in 0.485563 seconds
2026-07-05 09:07:57,652 [INFO] Retrying request to /chat/completions in 0.969066 seconds
2026-07-05 09:09:29,181 [INFO] HTTP Request: POST https://api.deepseek.com/v1/chat/completions "HTTP/1.1 200 OK"
2026-07-05 09:09:37,572 [INFO] 제목 추출: 무주택 직장인 신혼부부, 전세대출 이자 최대 100만 원 지원받는 법 총
2026-07-05 09:09:37,791 [INFO] [reviewer] ['Mimo 검수 실패: HTTPSConnectionPool(host=\'api.mimo.kr\', port=443): Max retries exceeded with url: /v2_5/complete (Caused by NameResolutionError("HTTPSConnection(host=\'api.mimo.kr\', port=443): Failed to resolve \'api.mimo.kr\' ([Errno 8] nodename nor servname provided, or not known)"))']
2026-07-05 09:09:37,792 [INFO] [validator] 수정됨: ['HEADING_MISSING:방법', 'YEAR_REPLACED:2024']
2026-07-05 09:09:38,250 [INFO] 저장: /Users/twinssn/Projects/money-aikorea24/src/content/blog/무주택-직장인-신혼부부-전세대출-이자-최대-100만-원-지원받는-법-총정리-000109.md
2026-07-05 09:09:38,253 [INFO] 발행 성공: 무주택 직장인 신혼부부, 전세대출 이자 최대 100만 원 지원받는 법 총 | loan | google/diffusiongemma-26b-a4b-it
2026-07-05 09:09:38,283 [INFO] 처리 중: 고립·은둔 청소년 원스톱 패키지 지원
2026-07-05 09:09:39,329 [INFO] HTTP Request: POST https://integrate.api.nvidia.com/v1/chat/completions "HTTP/1.1 200 OK"
2026-07-05 09:11:13,396 [INFO] Retrying request to /chat/completions in 0.430897 seconds
2026-07-05 09:12:44,159 [INFO] Retrying request to /chat/completions in 0.853645 seconds
2026-07-05 09:14:15,534 [INFO] HTTP Request: POST https://api.deepseek.com/v1/chat/completions "HTTP/1.1 200 OK"
2026-07-05 09:14:25,590 [INFO] 제목 추출: 맞벌이 신혼부부 우리 아이가 방에만 있다면? 고립·은둔 청소년 원스톱 지
2026-07-05 09:14:25,733 [INFO] [reviewer] ['Mimo 검수 실패: HTTPSConnectionPool(host=\'api.mimo.kr\', port=443): Max retries exceeded with url: /v2_5/complete (Caused by NameResolutionError("HTTPSConnection(host=\'api.mimo.kr\', port=443): Failed to resolve \'api.mimo.kr\' ([Errno 8] nodename nor servname provided, or not known)"))']
2026-07-05 09:14:25,734 [INFO] [validator] 수정됨: ['HEADING_MISSING:이란?', 'HEADING_MISSING:방법', 'YEAR_REPLACED:2024']
2026-07-05 09:14:26,413 [INFO] 저장: /Users/twinssn/Projects/money-aikorea24/src/content/blog/맞벌이-신혼부부-우리-아이가-방에만-있다면-고립은둔-청소년-원스톱-지원-총정리-000054.md
2026-07-05 09:14:26,416 [INFO] 발행 성공: 맞벌이 신혼부부 우리 아이가 방에만 있다면? 고립·은둔 청소년 원스톱 지 | insurance | google/diffusiongemma-26b-a4b-it
2026-07-05 09:14:26,447 [INFO] 처리 중: [2026] 인천 30대 직장인 평균 월급 358만원… 나는 어디쯤?
2026-07-05 09:14:27,994 [INFO] HTTP Request: POST https://integrate.api.nvidia.com/v1/chat/completions "HTTP/1.1 200 OK"
2026-07-05 09:16:04,192 [INFO] Retrying request to /chat/completions in 0.458383 seconds
2026-07-05 09:17:34,948 [INFO] Retrying request to /chat/completions in 0.755533 seconds
2026-07-05 09:19:06,168 [INFO] HTTP Request: POST https://api.deepseek.com/v1/chat/completions "HTTP/1.1 200 OK"
2026-07-05 09:19:15,526 [INFO] 제목 추출: 인천 35세 직장인, 내 월급은 평균 이상일까? 소득 통계 완벽정리
2026-07-05 09:19:15,751 [INFO] [reviewer] ['Mimo 검수 실패: HTTPSConnectionPool(host=\'api.mimo.kr\', port=443): Max retries exceeded with url: /v2_5/complete (Caused by NameResolutionError("HTTPSConnection(host=\'api.mimo.kr\', port=443): Failed to resolve \'api.mimo.kr\' ([Errno 8] nodename nor servname provided, or not known)"))']
2026-07-05 09:19:15,752 [INFO] [validator] 수정됨: ['HEADING_MISSING:이란?', 'YEAR_REPLACED:2024']
2026-07-05 09:19:16,307 [INFO] 저장: /Users/twinssn/Projects/money-aikorea24/src/content/blog/인천-35세-직장인-내-월급은-평균-이상일까-소득-통계-완벽정리-26-06-.md
2026-07-05 09:19:16,310 [INFO] 발행 성공: 인천 35세 직장인, 내 월급은 평균 이상일까? 소득 통계 완벽정리 | invest | google/diffusiongemma-26b-a4b-it
2026-07-05 09:19:16,337 [INFO] 처리 중: 동네관리소 간단 집수리 지원
2026-07-05 09:19:17,451 [INFO] HTTP Request: POST https://integrate.api.nvidia.com/v1/chat/completions "HTTP/1.1 200 OK"
2026-07-05 09:20:57,272 [INFO] Retrying request to /chat/completions in 0.466737 seconds
2026-07-05 09:22:28,036 [INFO] Retrying request to /chat/completions in 0.768110 seconds
2026-07-05 09:23:59,355 [INFO] HTTP Request: POST https://api.deepseek.com/v1/chat/completions "HTTP/1.1 200 OK"
2026-07-05 09:24:09,623 [INFO] 제목 추출: 40대 무주택 직장인, 시흥시 동네관리소 간단 집수리 지원으로 주거비 아
2026-07-05 09:24:09,742 [INFO] [reviewer] ['Mimo 검수 실패: HTTPSConnectionPool(host=\'api.mimo.kr\', port=443): Max retries exceeded with url: /v2_5/complete (Caused by NameResolutionError("HTTPSConnection(host=\'api.mimo.kr\', port=443): Failed to resolve \'api.mimo.kr\' ([Errno 8] nodename nor servname provided, or not known)"))']
2026-07-05 09:24:09,743 [INFO] [validator] 수정됨: ['HEADING_MISSING:이란?', 'YEAR_REPLACED:2024']
2026-07-05 09:24:10,273 [INFO] 저장: /Users/twinssn/Projects/money-aikorea24/src/content/blog/40대-무주택-직장인-시흥시-동네관리소-간단-집수리-지원으로-주거비-아끼는-법-총정리-000498.md
2026-07-05 09:24:10,277 [INFO] 발행 성공: 40대 무주택 직장인, 시흥시 동네관리소 간단 집수리 지원으로 주거비 아 | loan | google/diffusiongemma-26b-a4b-it
2026-07-05 09:24:10,277 [INFO] 5건 발행 → 빌드/배포 시작
2026-07-05 09:25:41,575 [INFO] 배포 완료 (5건)
2026-07-05 09:25:41,576 [INFO] 파이프라인 종료 2026-07-05 09:25:41
2026-07-05 09:25:41,576 [INFO] 스케줄러 정상 종료
2026-07-06 09:00:04,951 [INFO] 스케줄러 시작
2026-07-06 09:00:05,585 [INFO] 파이프라인 시작 2026-07-06 09:00:05
2026-07-06 09:00:05,587 [INFO] 오늘 0건 발행됨, 5건 남음
2026-07-06 09:00:05,606 [INFO] 처리 중: 이전비 지원
2026-07-06 09:00:10,592 [INFO] HTTP Request: POST https://integrate.api.nvidia.com/v1/chat/completions "HTTP/1.1 200 OK"
2026-07-06 09:01:50,208 [INFO] Retrying request to /chat/completions in 0.458121 seconds
2026-07-06 09:03:20,970 [INFO] Retrying request to /chat/completions in 0.948685 seconds
2026-07-06 09:04:52,542 [INFO] HTTP Request: POST https://api.deepseek.com/v1/chat/completions "HTTP/1.1 200 OK"
2026-07-06 09:05:01,496 [INFO] 제목 추출: 30대 직장인, 보복 두려운 이사 고민? 피해자 이전비 지원 총정리
2026-07-06 09:05:01,885 [INFO] [reviewer] ['Mimo 검수 실패: HTTPSConnectionPool(host=\'api.mimo.kr\', port=443): Max retries exceeded with url: /v2_5/complete (Caused by NameResolutionError("HTTPSConnection(host=\'api.mimo.kr\', port=443): Failed to resolve \'api.mimo.kr\' ([Errno 8] nodename nor servname provided, or not known)"))']
2026-07-06 09:05:01,886 [INFO] [validator] 수정됨: ['HEADING_MISSING:이란?', 'HEADING_MISSING:방법', 'YEAR_REPLACED:2024']
2026-07-06 09:05:02,881 [INFO] 저장: /Users/twinssn/Projects/money-aikorea24/src/content/blog/30대-직장인-보복-두려운-이사-고민-피해자-이전비-지원-총정리-000002.md
2026-07-06 09:05:02,884 [INFO] 발행 성공: 30대 직장인, 보복 두려운 이사 고민? 피해자 이전비 지원 총정리 | general | google/diffusiongemma-26b-a4b-it
2026-07-06 09:05:02,918 [INFO] 처리 중: 양육비 이행 지원 서비스
2026-07-06 09:05:04,451 [INFO] HTTP Request: POST https://integrate.api.nvidia.com/v1/chat/completions "HTTP/1.1 200 OK"
2026-07-06 09:06:40,538 [INFO] Retrying request to /chat/completions in 0.388943 seconds
2026-07-06 09:08:11,244 [INFO] Retrying request to /chat/completions in 0.778823 seconds
2026-07-06 09:09:42,687 [INFO] HTTP Request: POST https://api.deepseek.com/v1/chat/completions "HTTP/1.1 200 OK"
2026-07-06 09:09:51,842 [INFO] 제목 추출: 맞벌이 신혼부, 양육비 미지급 고민 해결해 줄 정부지원금 혜택 총정리
2026-07-06 09:09:52,211 [INFO] [reviewer] ['Mimo 검수 실패: HTTPSConnectionPool(host=\'api.mimo.kr\', port=443): Max retries exceeded with url: /v2_5/complete (Caused by NameResolutionError("HTTPSConnection(host=\'api.mimo.kr\', port=443): Failed to resolve \'api.mimo.kr\' ([Errno 8] nodename nor servname provided, or not known)"))']
2026-07-06 09:09:52,212 [INFO] [validator] 수정됨: ['HEADING_MISSING:이란?', 'YEAR_REPLACED:2024']
2026-07-06 09:09:52,736 [INFO] 저장: /Users/twinssn/Projects/money-aikorea24/src/content/blog/맞벌이-신혼부-양육비-미지급-고민-해결해-줄-정부지원금-혜택-총정리-000066.md
2026-07-06 09:09:52,739 [INFO] 발행 성공: 맞벌이 신혼부, 양육비 미지급 고민 해결해 줄 정부지원금 혜택 총정리 | insurance | google/diffusiongemma-26b-a4b-it
2026-07-06 09:09:52,765 [INFO] 처리 중: 장애인 자립생활 정착금 지원
2026-07-06 09:09:54,146 [INFO] HTTP Request: POST https://integrate.api.nvidia.com/v1/chat/completions "HTTP/1.1 200 OK"
2026-07-06 09:11:29,851 [INFO] Retrying request to /chat/completions in 0.472570 seconds
2026-07-06 09:13:00,634 [INFO] Retrying request to /chat/completions in 0.938434 seconds
2026-07-06 09:14:32,146 [INFO] HTTP Request: POST https://api.deepseek.com/v1/chat/completions "HTTP/1.1 200 OK"
2026-07-06 09:14:42,178 [INFO] 제목 추출: 무주택 직장인을 위한 장애인 자립생활 정착금 2,000만원 지원 완벽정리
2026-07-06 09:14:42,515 [INFO] [reviewer] ['Mimo 검수 실패: HTTPSConnectionPool(host=\'api.mimo.kr\', port=443): Max retries exceeded with url: /v2_5/complete (Caused by NameResolutionError("HTTPSConnection(host=\'api.mimo.kr\', port=443): Failed to resolve \'api.mimo.kr\' ([Errno 8] nodename nor servname provided, or not known)"))']
2026-07-06 09:14:42,516 [INFO] [validator] 수정됨: ['HEADING_MISSING:이란?', 'HEADING_MISSING:방법', 'YEAR_REPLACED:2024']
2026-07-06 09:14:43,005 [INFO] 저장: /Users/twinssn/Projects/money-aikorea24/src/content/blog/무주택-직장인을-위한-장애인-자립생활-정착금-2000만원-지원-완벽정리-000103.md
2026-07-06 09:14:43,009 [INFO] 발행 성공: 무주택 직장인을 위한 장애인 자립생활 정착금 2,000만원 지원 완벽정리 | loan | google/diffusiongemma-26b-a4b-it
2026-07-06 09:14:43,036 [INFO] 처리 중: 군포시 신혼부부 전월세 보증금 대출이자 지원
2026-07-06 09:14:44,373 [INFO] HTTP Request: POST https://integrate.api.nvidia.com/v1/chat/completions "HTTP/1.1 200 OK"
2026-07-06 09:16:21,023 [INFO] Retrying request to /chat/completions in 0.498595 seconds
2026-07-06 09:17:51,821 [INFO] Retrying request to /chat/completions in 0.919868 seconds
2026-07-06 09:19:23,826 [INFO] HTTP Request: POST https://api.deepseek.com/v1/chat/completions "HTTP/1.1 200 OK"
2026-07-06 09:19:35,726 [INFO] 제목 추출: 33세 무주택 직장인, 군포시 신혼부부 대출이자 지원 혜택 총정리
2026-07-06 09:19:36,071 [INFO] [reviewer] ['Mimo 검수 실패: HTTPSConnectionPool(host=\'api.mimo.kr\', port=443): Max retries exceeded with url: /v2_5/complete (Caused by NameResolutionError("HTTPSConnection(host=\'api.mimo.kr\', port=443): Failed to resolve \'api.mimo.kr\' ([Errno 8] nodename nor servname provided, or not known)"))']
2026-07-06 09:19:36,072 [INFO] [validator] 수정됨: ['YEAR_REPLACED:2024']
2026-07-06 09:19:36,568 [INFO] 저장: /Users/twinssn/Projects/money-aikorea24/src/content/blog/33세-무주택-직장인-군포시-신혼부부-대출이자-지원-혜택-총정리-000115.md
2026-07-06 09:19:36,571 [INFO] 발행 성공: 33세 무주택 직장인, 군포시 신혼부부 대출이자 지원 혜택 총정리 | loan | google/diffusiongemma-26b-a4b-it
2026-07-06 09:19:36,601 [INFO] 처리 중: 의약품부작용피해구제
2026-07-06 09:19:37,848 [INFO] HTTP Request: POST https://integrate.api.nvidia.com/v1/chat/completions "HTTP/1.1 200 OK"
2026-07-06 09:21:15,973 [INFO] Retrying request to /chat/completions in 0.409031 seconds
2026-07-06 09:22:46,713 [INFO] Retrying request to /chat/completions in 0.784268 seconds
2026-07-06 09:24:18,121 [INFO] HTTP Request: POST https://api.deepseek.com/v1/chat/completions "HTTP/1.1 200 OK"
2026-07-06 09:24:27,871 [INFO] 제목 추출: 맞벌이 신혼부부 주목, 약 부작용 피해 발생 시 치료비 지원받는 법 총정
2026-07-06 09:24:28,230 [INFO] [reviewer] ['Mimo 검수 실패: HTTPSConnectionPool(host=\'api.mimo.kr\', port=443): Max retries exceeded with url: /v2_5/complete (Caused by NameResolutionError("HTTPSConnection(host=\'api.mimo.kr\', port=443): Failed to resolve \'api.mimo.kr\' ([Errno 8] nodename nor servname provided, or not known)"))']
2026-07-06 09:24:28,231 [INFO] [validator] 수정됨: ['HEADING_MISSING:이란?', 'YEAR_REPLACED:2024']
2026-07-06 09:24:28,730 [INFO] 저장: /Users/twinssn/Projects/money-aikorea24/src/content/blog/맞벌이-신혼부부-주목-약-부작용-피해-발생-시-치료비-지원받는-법-총정리-000002.md
2026-07-06 09:24:28,733 [INFO] 발행 성공: 맞벌이 신혼부부 주목, 약 부작용 피해 발생 시 치료비 지원받는 법 총정 | insurance | google/diffusiongemma-26b-a4b-it
2026-07-06 09:24:28,733 [INFO] 5건 발행 → 빌드/배포 시작
2026-07-06 09:26:04,245 [INFO] 배포 완료 (5건)
2026-07-06 09:26:04,247 [INFO] 파이프라인 종료 2026-07-06 09:26:04
2026-07-06 09:26:04,247 [INFO] 스케줄러 정상 종료
2026-07-07 09:00:02,262 [INFO] 스케줄러 시작
2026-07-07 09:00:03,094 [INFO] 파이프라인 시작 2026-07-07 09:00:03
2026-07-07 09:00:03,096 [INFO] 오늘 0건 발행됨, 5건 남음
2026-07-07 09:00:03,114 [INFO] 처리 중: [2026] 대구 30대 직장인 평균 월급 340만원… 나는 어디쯤?
2026-07-07 09:00:05,030 [INFO] HTTP Request: POST https://integrate.api.nvidia.com/v1/chat/completions "HTTP/1.1 200 OK"
2026-07-07 09:01:39,478 [INFO] Retrying request to /chat/completions in 0.463204 seconds
2026-07-07 09:02:10,017 [INFO] Retrying request to /chat/completions in 0.964527 seconds
2026-07-07 09:03:11,066 [INFO] Retrying request to /chat/completions in 0.486017 seconds
2026-07-07 09:03:41,630 [INFO] Retrying request to /chat/completions in 0.883153 seconds
2026-07-07 09:04:12,587 [INFO] 제목 추출: 대구 35세 남성 월 소득 360만원, 내 또래 연봉 비교 총정리
2026-07-07 09:04:42,599 [INFO] [reviewer] ['Mimo 검수 실패: HTTPSConnectionPool(host=\'api.mimo.kr\', port=443): Max retries exceeded with url: /v2_5/complete (Caused by NameResolutionError("HTTPSConnection(host=\'api.mimo.kr\', port=443): Failed to resolve \'api.mimo.kr\' ([Errno 8] nodename nor servname provided, or not known)"))']
2026-07-07 09:04:42,601 [INFO] [validator] 수정됨: ['HEADING_MISSING:이란?', 'YEAR_REPLACED:2024']
2026-07-07 09:05:20,706 [INFO] 저장: /Users/twinssn/Projects/money-aikorea24/src/content/blog/대구-35세-남성-월-소득-360만원-내-또래-연봉-비교-총정리-26-06-.md
2026-07-07 09:05:20,710 [INFO] 발행 성공: 대구 35세 남성 월 소득 360만원, 내 또래 연봉 비교 총정리 | invest | google/diffusiongemma-26b-a4b-it
2026-07-07 09:05:20,743 [INFO] 처리 중: 군포시 청년 전월세 보증금 대출이자 지원
2026-07-07 09:05:23,020 [INFO] HTTP Request: POST https://integrate.api.nvidia.com/v1/chat/completions "HTTP/1.1 200 OK"
2026-07-07 09:06:59,676 [INFO] Retrying request to /chat/completions in 0.472339 seconds
2026-07-07 09:08:33,281 [INFO] Retrying request to /chat/completions in 0.831500 seconds
2026-07-07 09:10:05,256 [INFO] HTTP Request: POST https://api.deepseek.com/v1/chat/completions "HTTP/1.1 200 OK"
2026-07-07 09:10:15,137 [INFO] 제목 추출: 2040 무주택 직장인, 군포시 청년 전월세 대출이자 지원 혜택 완벽정리
2026-07-07 09:10:15,384 [INFO] [reviewer] ['Mimo 검수 실패: HTTPSConnectionPool(host=\'api.mimo.kr\', port=443): Max retries exceeded with url: /v2_5/complete (Caused by NameResolutionError("HTTPSConnection(host=\'api.mimo.kr\', port=443): Failed to resolve \'api.mimo.kr\' ([Errno 8] nodename nor servname provided, or not known)"))']
2026-07-07 09:10:15,385 [INFO] [validator] 수정됨: ['YEAR_REPLACED:2024']
2026-07-07 09:10:16,070 [INFO] 저장: /Users/twinssn/Projects/money-aikorea24/src/content/blog/2040-무주택-직장인-군포시-청년-전월세-대출이자-지원-혜택-완벽정리-000126.md
2026-07-07 09:10:16,073 [INFO] 발행 성공: 2040 무주택 직장인, 군포시 청년 전월세 대출이자 지원 혜택 완벽정리 | loan | google/diffusiongemma-26b-a4b-it
2026-07-07 09:10:16,099 [INFO] 처리 중: 수입요건확인면제의 범위 및 추천
2026-07-07 09:10:17,190 [INFO] HTTP Request: POST https://integrate.api.nvidia.com/v1/chat/completions "HTTP/1.1 200 OK"
2026-07-07 09:11:50,274 [INFO] Retrying request to /chat/completions in 0.380321 seconds
2026-07-07 09:13:20,994 [INFO] Retrying request to /chat/completions in 0.953411 seconds
2026-07-07 09:14:52,542 [INFO] HTTP Request: POST https://api.deepseek.com/v1/chat/completions "HTTP/1.1 200 OK"
2026-07-07 09:15:01,812 [INFO] 제목 추출: 맞벌이 신혼부부를 위한 해외 의약품 직구 및 수입요건 면제 혜택 총정리
2026-07-07 09:15:01,945 [INFO] [reviewer] ['Mimo 검수 실패: HTTPSConnectionPool(host=\'api.mimo.kr\', port=443): Max retries exceeded with url: /v2_5/complete (Caused by NameResolutionError("HTTPSConnection(host=\'api.mimo.kr\', port=443): Failed to resolve \'api.mimo.kr\' ([Errno 8] nodename nor servname provided, or not known)"))']
2026-07-07 09:15:01,946 [INFO] [validator] 수정됨: ['HEADING_MISSING:이란?', 'YEAR_REPLACED:2024']
2026-07-07 09:15:02,465 [INFO] 저장: /Users/twinssn/Projects/money-aikorea24/src/content/blog/맞벌이-신혼부부를-위한-해외-의약품-직구-및-수입요건-면제-혜택-총정리-000003.md
2026-07-07 09:15:02,469 [INFO] 발행 성공: 맞벌이 신혼부부를 위한 해외 의약품 직구 및 수입요건 면제 혜택 총정리 | insurance | google/diffusiongemma-26b-a4b-it
2026-07-07 09:15:02,496 [INFO] 처리 중: 북한이탈주민 자격증 취득 지원
2026-07-07 09:15:02,496 [INFO] [SKIP] 부적합 키워드: 북한이탈주민 자격증 취득 지원
2026-07-07 09:15:02,510 [INFO] 처리 중: 청년 학자금대출 장기연체자 신용회복 지원
2026-07-07 09:15:03,637 [INFO] HTTP Request: POST https://integrate.api.nvidia.com/v1/chat/completions "HTTP/1.1 200 OK"
2026-07-07 09:16:36,908 [INFO] Retrying request to /chat/completions in 0.454028 seconds
2026-07-07 09:18:07,652 [INFO] Retrying request to /chat/completions in 0.952055 seconds
2026-07-07 09:19:39,398 [INFO] HTTP Request: POST https://api.deepseek.com/v1/chat/completions "HTTP/1.1 200 OK"
2026-07-07 09:19:48,126 [INFO] 제목 추출: 2040 직장인, 학자금 대출 연체 신용회복 혜택받는 법 총정리
2026-07-07 09:19:48,424 [INFO] [reviewer] ['Mimo 검수 실패: HTTPSConnectionPool(host=\'api.mimo.kr\', port=443): Max retries exceeded with url: /v2_5/complete (Caused by NameResolutionError("HTTPSConnection(host=\'api.mimo.kr\', port=443): Failed to resolve \'api.mimo.kr\' ([Errno 8] nodename nor servname provided, or not known)"))']
2026-07-07 09:19:48,425 [INFO] [validator] 수정됨: ['YEAR_REPLACED:2024']
2026-07-07 09:19:48,944 [INFO] 저장: /Users/twinssn/Projects/money-aikorea24/src/content/blog/2040-직장인-학자금-대출-연체-신용회복-혜택받는-법-총정리-000147.md
2026-07-07 09:19:48,947 [INFO] 발행 성공: 2040 직장인, 학자금 대출 연체 신용회복 혜택받는 법 총정리 | loan | google/diffusiongemma-26b-a4b-it
2026-07-07 09:19:48,947 [INFO] 4건 발행 → 빌드/배포 시작
2026-07-07 09:21:53,160 [INFO] 배포 완료 (4건)
2026-07-07 09:21:53,161 [INFO] 파이프라인 종료 2026-07-07 09:21:53
2026-07-07 09:21:53,161 [INFO] 스케줄러 정상 종료
2026-07-08 09:00:05,477 [INFO] 스케줄러 시작
2026-07-08 09:00:06,099 [INFO] 파이프라인 시작 2026-07-08 09:00:06
2026-07-08 09:00:06,101 [INFO] 오늘 0건 발행됨, 5건 남음
2026-07-08 09:00:06,119 [INFO] 처리 중: 범죄피해자에 대한 경제적 지원
2026-07-08 09:00:08,037 [INFO] HTTP Request: POST https://integrate.api.nvidia.com/v1/chat/completions "HTTP/1.1 200 OK"
2026-07-08 09:01:41,150 [INFO] Retrying request to /chat/completions in 0.426027 seconds
2026-07-08 09:03:11,877 [INFO] Retrying request to /chat/completions in 0.772355 seconds
2026-07-08 09:04:43,221 [INFO] HTTP Request: POST https://api.deepseek.com/v1/chat/completions "HTTP/1.1 200 OK"
2026-07-08 09:04:54,735 [INFO] 제목 추출: 30대 직장인, 범죄피해자 지원금 놓치지 말고 신청하는 법 총정리
2026-07-08 09:04:55,084 [INFO] [reviewer] ['Mimo 검수 실패: HTTPSConnectionPool(host=\'api.mimo.kr\', port=443): Max retries exceeded with url: /v2_5/complete (Caused by NameResolutionError("HTTPSConnection(host=\'api.mimo.kr\', port=443): Failed to resolve \'api.mimo.kr\' ([Errno 8] nodename nor servname provided, or not known)"))']
2026-07-08 09:04:55,086 [INFO] [validator] 수정됨: ['YEAR_REPLACED:2024']
2026-07-08 09:04:55,851 [INFO] 저장: /Users/twinssn/Projects/money-aikorea24/src/content/blog/30대-직장인-범죄피해자-지원금-놓치지-말고-신청하는-법-총정리-000003.md
2026-07-08 09:04:55,854 [INFO] 발행 성공: 30대 직장인, 범죄피해자 지원금 놓치지 말고 신청하는 법 총정리 | general | google/diffusiongemma-26b-a4b-it
2026-07-08 09:04:55,884 [INFO] 처리 중: 신혼부부 주택임차보증금 대출이자 지원
2026-07-08 09:04:56,991 [INFO] HTTP Request: POST https://integrate.api.nvidia.com/v1/chat/completions "HTTP/1.1 200 OK"
2026-07-08 09:06:30,108 [INFO] Retrying request to /chat/completions in 0.434018 seconds
2026-07-08 09:08:00,981 [INFO] Retrying request to /chat/completions in 0.898983 seconds
2026-07-08 09:09:32,653 [INFO] HTTP Request: POST https://api.deepseek.com/v1/chat/completions "HTTP/1.1 200 OK"
2026-07-08 09:09:41,462 [INFO] 제목 추출: 2024 무주택 직장인, 의왕시 신혼부부 전세자금 이자지원혜택 챙기는 법
2026-07-08 09:09:41,781 [INFO] [reviewer] ['Mimo 검수 실패: HTTPSConnectionPool(host=\'api.mimo.kr\', port=443): Max retries exceeded with url: /v2_5/complete (Caused by NameResolutionError("HTTPSConnection(host=\'api.mimo.kr\', port=443): Failed to resolve \'api.mimo.kr\' ([Errno 8] nodename nor servname provided, or not known)"))']
2026-07-08 09:09:41,782 [INFO] [validator] 수정됨: ['YEAR_REPLACED:2024']
2026-07-08 09:09:42,220 [INFO] 저장: /Users/twinssn/Projects/money-aikorea24/src/content/blog/2024-무주택-직장인-의왕시-신혼부부-전세자금-이자지원혜택-챙기는-법-총정리-000132.md
2026-07-08 09:09:42,223 [INFO] 발행 성공: 2024 무주택 직장인, 의왕시 신혼부부 전세자금 이자지원혜택 챙기는 법 | loan | google/diffusiongemma-26b-a4b-it
2026-07-08 09:09:42,248 [INFO] 처리 중: 사회복지시설 급식관리 지원
2026-07-08 09:09:43,329 [INFO] HTTP Request: POST https://integrate.api.nvidia.com/v1/chat/completions "HTTP/1.1 200 OK"
2026-07-08 09:11:16,544 [INFO] Retrying request to /chat/completions in 0.485504 seconds
2026-07-08 09:12:47,411 [INFO] Retrying request to /chat/completions in 0.995772 seconds
2026-07-08 09:14:19,088 [INFO] HTTP Request: POST https://api.deepseek.com/v1/chat/completions "HTTP/1.1 200 OK"
2026-07-08 09:14:28,071 [INFO] 제목 추출: 맞벌이 직장인 부모님, 우리 아이 식단 걱정 덜어주는 사회복지급식지원 총
2026-07-08 09:14:28,397 [INFO] [reviewer] ['Mimo 검수 실패: HTTPSConnectionPool(host=\'api.mimo.kr\', port=443): Max retries exceeded with url: /v2_5/complete (Caused by NameResolutionError("HTTPSConnection(host=\'api.mimo.kr\', port=443): Failed to resolve \'api.mimo.kr\' ([Errno 8] nodename nor servname provided, or not known)"))']
2026-07-08 09:14:28,398 [INFO] [validator] 수정됨: ['HEADING_MISSING:이란?', 'YEAR_REPLACED:2024']
2026-07-08 09:14:29,004 [INFO] 저장: /Users/twinssn/Projects/money-aikorea24/src/content/blog/맞벌이-직장인-부모님-우리-아이-식단-걱정-덜어주는-사회복지급식지원-총정리-000004.md
2026-07-08 09:14:29,008 [INFO] 발행 성공: 맞벌이 직장인 부모님, 우리 아이 식단 걱정 덜어주는 사회복지급식지원 총 | insurance | google/diffusiongemma-26b-a4b-it
2026-07-08 09:14:29,038 [INFO] 처리 중: [2026] 대전 30대 직장인 평균 월급 344만원… 나는 어디쯤?
2026-07-08 09:14:30,160 [INFO] HTTP Request: POST https://integrate.api.nvidia.com/v1/chat/completions "HTTP/1.1 200 OK"
2026-07-08 09:14:35,530 [INFO] HTTP Request: POST https://integrate.api.nvidia.com/v1/chat/completions "HTTP/1.1 200 OK"
2026-07-08 09:16:08,751 [INFO] Retrying request to /chat/completions in 0.439377 seconds
2026-07-08 09:17:39,498 [INFO] Retrying request to /chat/completions in 0.925866 seconds
2026-07-08 09:19:10,974 [INFO] HTTP Request: POST https://api.deepseek.com/v1/chat/completions "HTTP/1.1 200 OK"
2026-07-08 09:19:19,772 [INFO] 제목 추출: 대전 35세 직장인, 내 월급은 평균보다 높을까? 완벽정리
2026-07-08 09:19:20,212 [INFO] [reviewer] ['Mimo 검수 실패: HTTPSConnectionPool(host=\'api.mimo.kr\', port=443): Max retries exceeded with url: /v2_5/complete (Caused by NameResolutionError("HTTPSConnection(host=\'api.mimo.kr\', port=443): Failed to resolve \'api.mimo.kr\' ([Errno 8] nodename nor servname provided, or not known)"))']
2026-07-08 09:19:20,213 [INFO] [validator] 수정됨: ['HEADING_MISSING:이란?', 'HEADING_MISSING:방법', 'YEAR_REPLACED:2023,2024']
2026-07-08 09:19:20,888 [INFO] 저장: /Users/twinssn/Projects/money-aikorea24/src/content/blog/대전-35세-직장인-내-월급은-평균보다-높을까-완벽정리-26-06-.md
2026-07-08 09:19:20,891 [INFO] 발행 성공: 대전 35세 직장인, 내 월급은 평균보다 높을까? 완벽정리 | invest | google/diffusiongemma-26b-a4b-it
2026-07-08 09:19:20,918 [INFO] 처리 중: 청년 이사비 지원
2026-07-08 09:19:22,255 [INFO] HTTP Request: POST https://integrate.api.nvidia.com/v1/chat/completions "HTTP/1.1 200 OK"
2026-07-08 09:20:55,616 [INFO] Retrying request to /chat/completions in 0.484453 seconds
2026-07-08 09:22:26,392 [INFO] Retrying request to /chat/completions in 0.909969 seconds
2026-07-08 09:23:57,831 [INFO] HTTP Request: POST https://api.deepseek.com/v1/chat/completions "HTTP/1.1 200 OK"
2026-07-08 09:24:05,445 [INFO] 제목 추출: 2040 직장인, 의왕시 이사비 40만 원 지원받는 막차 타는 법 총정리
2026-07-08 09:24:05,773 [INFO] [reviewer] ['Mimo 검수 실패: HTTPSConnectionPool(host=\'api.mimo.kr\', port=443): Max retries exceeded with url: /v2_5/complete (Caused by NameResolutionError("HTTPSConnection(host=\'api.mimo.kr\', port=443): Failed to resolve \'api.mimo.kr\' ([Errno 8] nodename nor servname provided, or not known)"))']
2026-07-08 09:24:05,773 [INFO] [validator] 수정됨: ['HEADING_MISSING:이란?', 'YEAR_REPLACED:2024']
2026-07-08 09:24:06,240 [INFO] 저장: /Users/twinssn/Projects/money-aikorea24/src/content/blog/2040-직장인-의왕시-이사비-40만-원-지원받는-막차-타는-법-총정리-000154.md
2026-07-08 09:24:06,243 [INFO] 발행 성공: 2040 직장인, 의왕시 이사비 40만 원 지원받는 막차 타는 법 총정리 | loan | google/diffusiongemma-26b-a4b-it
2026-07-08 09:24:06,243 [INFO] 5건 발행 → 빌드/배포 시작
2026-07-08 09:25:51,051 [INFO] 배포 완료 (5건)
2026-07-08 09:25:51,052 [INFO] 파이프라인 종료 2026-07-08 09:25:51
2026-07-08 09:25:51,052 [INFO] 스케줄러 정상 종료
2026-07-09 09:00:05,868 [INFO] 스케줄러 시작
2026-07-09 09:00:06,602 [INFO] 파이프라인 시작 2026-07-09 09:00:06
2026-07-09 09:00:06,605 [INFO] 오늘 0건 발행됨, 5건 남음
2026-07-09 09:00:06,624 [INFO] 처리 중: 진폐위로금지급
2026-07-09 09:00:08,214 [INFO] HTTP Request: POST https://integrate.api.nvidia.com/v1/chat/completions "HTTP/1.1 200 OK"
2026-07-09 09:01:41,556 [INFO] Retrying request to /chat/completions in 0.422227 seconds
2026-07-09 09:03:12,277 [INFO] Retrying request to /chat/completions in 0.787190 seconds
2026-07-09 09:04:43,676 [INFO] HTTP Request: POST https://api.deepseek.com/v1/chat/completions "HTTP/1.1 200 OK"
2026-07-09 09:04:53,744 [INFO] 제목 추출: 맞벌이 신혼부 직장인, 진폐재해위로금 혜택 챙기는 법 총정리
2026-07-09 09:04:53,968 [INFO] [reviewer] ['Mimo 검수 실패: HTTPSConnectionPool(host=\'api.mimo.kr\', port=443): Max retries exceeded with url: /v2_5/complete (Caused by NameResolutionError("HTTPSConnection(host=\'api.mimo.kr\', port=443): Failed to resolve \'api.mimo.kr\' ([Errno 8] nodename nor servname provided, or not known)"))']
2026-07-09 09:04:53,968 [INFO] [validator] 수정됨: ['YEAR_REPLACED:2024']
2026-07-09 09:04:54,672 [INFO] 저장: /Users/twinssn/Projects/money-aikorea24/src/content/blog/맞벌이-신혼부-직장인-진폐재해위로금-혜택-챙기는-법-총정리-000017.md
2026-07-09 09:04:54,675 [INFO] 발행 성공: 맞벌이 신혼부 직장인, 진폐재해위로금 혜택 챙기는 법 총정리 | insurance | google/diffusiongemma-26b-a4b-it
2026-07-09 09:04:54,700 [INFO] 처리 중: 장애인 운전면허 취득 지원
2026-07-09 09:04:55,867 [INFO] HTTP Request: POST https://integrate.api.nvidia.com/v1/chat/completions "HTTP/1.1 200 OK"
2026-07-09 09:06:28,959 [INFO] Retrying request to /chat/completions in 0.430453 seconds
2026-07-09 09:07:59,706 [INFO] Retrying request to /chat/completions in 0.807323 seconds
2026-07-09 09:09:31,123 [INFO] HTTP Request: POST https://api.deepseek.com/v1/chat/completions "HTTP/1.1 200 OK"
2026-07-09 09:09:40,041 [INFO] 제목 추출: 무주택 직장인, 장애인 운전면허 취득 지원 최대 70만 원 받는 법 총정
2026-07-09 09:09:40,267 [INFO] [reviewer] ['Mimo 검수 실패: HTTPSConnectionPool(host=\'api.mimo.kr\', port=443): Max retries exceeded with url: /v2_5/complete (Caused by NameResolutionError("HTTPSConnection(host=\'api.mimo.kr\', port=443): Failed to resolve \'api.mimo.kr\' ([Errno 8] nodename nor servname provided, or not known)"))']
2026-07-09 09:09:40,267 [INFO] [validator] 수정됨: ['YEAR_REPLACED:2024']
2026-07-09 09:09:40,689 [INFO] 저장: /Users/twinssn/Projects/money-aikorea24/src/content/blog/무주택-직장인-장애인-운전면허-취득-지원-최대-70만-원-받는-법-총정리-000106.md
2026-07-09 09:09:40,692 [INFO] 발행 성공: 무주택 직장인, 장애인 운전면허 취득 지원 최대 70만 원 받는 법 총정 | loan | google/diffusiongemma-26b-a4b-it
2026-07-09 09:09:40,729 [INFO] 처리 중: 한부모가족 복지시설 퇴소자 자립지원금 지원
2026-07-09 09:09:41,771 [INFO] HTTP Request: POST https://integrate.api.nvidia.com/v1/chat/completions "HTTP/1.1 200 OK"
2026-07-09 09:11:14,574 [INFO] Retrying request to /chat/completions in 0.498139 seconds
2026-07-09 09:12:45,333 [INFO] Retrying request to /chat/completions in 0.880619 seconds
2026-07-09 09:14:16,764 [INFO] HTTP Request: POST https://api.deepseek.com/v1/chat/completions "HTTP/1.1 200 OK"
2026-07-09 09:14:25,247 [INFO] 제목 추출: 2024 무주택 직장인, 한부모가족 자립지원금 1,500만 원 받는 법 
2026-07-09 09:14:25,467 [INFO] [reviewer] ['Mimo 검수 실패: HTTPSConnectionPool(host=\'api.mimo.kr\', port=443): Max retries exceeded with url: /v2_5/complete (Caused by NameResolutionError("HTTPSConnection(host=\'api.mimo.kr\', port=443): Failed to resolve \'api.mimo.kr\' ([Errno 8] nodename nor servname provided, or not known)"))']
2026-07-09 09:14:25,468 [INFO] [validator] 수정됨: ['YEAR_REPLACED:2024']
2026-07-09 09:14:26,012 [INFO] 저장: /Users/twinssn/Projects/money-aikorea24/src/content/blog/2024-무주택-직장인-한부모가족-자립지원금-1500만-원-받는-법-총정리-000629.md
2026-07-09 09:14:26,016 [INFO] 발행 성공: 2024 무주택 직장인, 한부모가족 자립지원금 1,500만 원 받는 법  | loan | google/diffusiongemma-26b-a4b-it
2026-07-09 09:14:26,050 [INFO] 처리 중: 산재근로자합병증 등 예방관리
2026-07-09 09:14:27,120 [INFO] HTTP Request: POST https://integrate.api.nvidia.com/v1/chat/completions "HTTP/1.1 200 OK"
2026-07-09 09:15:59,834 [INFO] Retrying request to /chat/completions in 0.437397 seconds
2026-07-09 09:17:30,508 [INFO] Retrying request to /chat/completions in 0.919233 seconds
2026-07-09 09:19:01,971 [INFO] HTTP Request: POST https://api.deepseek.com/v1/chat/completions "HTTP/1.1 200 OK"
2026-07-09 09:19:11,135 [INFO] 제목 추출: 3040 직장인 산재 후 합병증 예방관리 진료지원 혜택 챙기는 법 총정리
2026-07-09 09:19:11,251 [INFO] [reviewer] ['Mimo 검수 실패: HTTPSConnectionPool(host=\'api.mimo.kr\', port=443): Max retries exceeded with url: /v2_5/complete (Caused by NameResolutionError("HTTPSConnection(host=\'api.mimo.kr\', port=443): Failed to resolve \'api.mimo.kr\' ([Errno 8] nodename nor servname provided, or not known)"))']
2026-07-09 09:19:11,252 [INFO] [validator] 수정됨: ['HEADING_MISSING:이란?', 'YEAR_REPLACED:2024']
2026-07-09 09:19:11,943 [INFO] 저장: /Users/twinssn/Projects/money-aikorea24/src/content/blog/3040-직장인-산재-후-합병증-예방관리-진료지원-혜택-챙기는-법-총정리-000019.md
2026-07-09 09:19:11,947 [INFO] 발행 성공: 3040 직장인 산재 후 합병증 예방관리 진료지원 혜택 챙기는 법 총정리 | insurance | google/diffusiongemma-26b-a4b-it
2026-07-09 09:19:11,974 [INFO] 처리 중: [2026] 광주 30대 직장인 평균 월급 333만원… 나는 어디쯤?
2026-07-09 09:19:13,156 [INFO] HTTP Request: POST https://integrate.api.nvidia.com/v1/chat/completions "HTTP/1.1 200 OK"
2026-07-09 09:20:46,468 [INFO] Retrying request to /chat/completions in 0.430373 seconds
2026-07-09 09:22:17,205 [INFO] Retrying request to /chat/completions in 0.793033 seconds
2026-07-09 09:23:48,485 [INFO] HTTP Request: POST https://api.deepseek.com/v1/chat/completions "HTTP/1.1 200 OK"
2026-07-09 09:23:57,549 [INFO] 제목 추출: 광주 35세 직장인, 내 월급은 평균보다 높을까? 소득 현황 총정리
2026-07-09 09:23:57,672 [INFO] [reviewer] ['Mimo 검수 실패: HTTPSConnectionPool(host=\'api.mimo.kr\', port=443): Max retries exceeded with url: /v2_5/complete (Caused by NameResolutionError("HTTPSConnection(host=\'api.mimo.kr\', port=443): Failed to resolve \'api.mimo.kr\' ([Errno 8] nodename nor servname provided, or not known)"))']
2026-07-09 09:23:57,673 [INFO] [validator] 수정됨: ['HEADING_MISSING:이란?', 'HEADING_MISSING:방법', 'YEAR_REPLACED:2024']
2026-07-09 09:23:58,278 [INFO] 저장: /Users/twinssn/Projects/money-aikorea24/src/content/blog/광주-35세-직장인-내-월급은-평균보다-높을까-소득-현황-총정리-26-06-.md
2026-07-09 09:23:58,281 [INFO] 발행 성공: 광주 35세 직장인, 내 월급은 평균보다 높을까? 소득 현황 총정리 | invest | google/diffusiongemma-26b-a4b-it
2026-07-09 09:23:58,281 [INFO] 5건 발행 → 빌드/배포 시작
2026-07-09 09:25:50,223 [INFO] 배포 완료 (5건)
2026-07-09 09:25:50,225 [INFO] 파이프라인 종료 2026-07-09 09:25:50
2026-07-09 09:25:50,225 [INFO] 스케줄러 정상 종료
2026-07-09 16:18:31,009 [INFO] [DRY-RUN] 스케줄러 시작
2026-07-09 16:18:32,479 [INFO] 파이프라인 시작 2026-07-09 16:18:32
2026-07-09 16:18:32,489 [INFO] 오늘 quota 초과 (5/5), 종료
2026-07-09 16:18:32,489 [INFO] 스케줄러 정상 종료
2026-07-09 22:50:27,423 [INFO] [DRY-RUN] 스케줄러 시작
2026-07-09 22:50:29,014 [INFO] 파이프라인 시작 2026-07-09 22:50:29
2026-07-09 22:50:29,015 [INFO] 오늘 quota 초과 (5/5), 종료
2026-07-09 22:50:29,015 [INFO] 스케줄러 정상 종료
2026-07-10 09:00:02,826 [INFO] 스케줄러 시작
2026-07-10 09:00:03,574 [INFO] 파이프라인 시작 2026-07-10 09:00:03
2026-07-10 09:00:03,576 [INFO] 오늘 0건 발행됨, 5건 남음
2026-07-10 09:00:03,595 [INFO] 처리 중: 범죄수익환수 포상금 지급
2026-07-10 09:00:05,338 [INFO] HTTP Request: POST https://integrate.api.nvidia.com/v1/chat/completions "HTTP/1.1 200 OK"
2026-07-10 09:01:39,589 [INFO] Retrying request to /chat/completions in 0.392882 seconds
2026-07-10 09:03:10,210 [INFO] Retrying request to /chat/completions in 0.998802 seconds
2026-07-10 09:04:42,001 [INFO] HTTP Request: POST https://api.deepseek.com/v1/chat/completions "HTTP/1.1 200 OK"
2026-07-10 09:04:51,265 [INFO] 제목 추출: 30대 직장인, 범죄수익 신고로 최대 1억 원 포상금 받는 법
2026-07-10 09:04:51,266 [INFO] refinish_title 적용: 30대 직장인, 범죄수익 신고로 최대 1억 원 포상금 놓치면 아까운
2026-07-10 09:04:51,488 [INFO] [reviewer] ['Mimo 검수 실패: HTTPSConnectionPool(host=\'api.mimo.kr\', port=443): Max retries exceeded with url: /v2_5/complete (Caused by NameResolutionError("HTTPSConnection(host=\'api.mimo.kr\', port=443): Failed to resolve \'api.mimo.kr\' ([Errno 8] nodename nor servname provided, or not known)"))']
2026-07-10 09:04:51,489 [INFO] [validator] 수정됨: ['HEADING_MISSING:이란?', 'YEAR_REPLACED:2024']
2026-07-10 09:04:52,296 [INFO] 저장: /Users/twinssn/Projects/money-aikorea24/src/content/blog/30대-직장인-범죄수익-신고로-최대-1억-원-포상금-놓치면-아까운-000004.md
2026-07-10 09:04:52,298 [INFO] 발행 성공: 30대 직장인, 범죄수익 신고로 최대 1억 원 포상금 놓치면 아까운 | general | google/diffusiongemma-26b-a4b-it
2026-07-10 09:04:52,311 [INFO] 처리 중: 군인 재해보상 유족급여 지급
2026-07-10 09:04:53,574 [INFO] HTTP Request: POST https://integrate.api.nvidia.com/v1/chat/completions "HTTP/1.1 200 OK"
2026-07-10 09:06:29,326 [INFO] Retrying request to /chat/completions in 0.460076 seconds
2026-07-10 09:08:00,208 [INFO] Retrying request to /chat/completions in 0.822118 seconds
2026-07-10 09:09:31,604 [INFO] HTTP Request: POST https://api.deepseek.com/v1/chat/completions "HTTP/1.1 200 OK"
2026-07-10 09:09:39,995 [INFO] 제목 추출: 30대 직장인 가족을 위한 군인 재해보상 유족급여 신청 및 혜택 가이드
2026-07-10 09:09:39,996 [INFO] refinish_title 적용: 30대 직장인 가족을 위한 군인 재해보상 유족급여 신청 및 혜택 요점만 쏙쏙
2026-07-10 09:09:40,125 [INFO] [reviewer] ['Mimo 검수 실패: HTTPSConnectionPool(host=\'api.mimo.kr\', port=443): Max retries exceeded with url: /v2_5/complete (Caused by NameResolutionError("HTTPSConnection(host=\'api.mimo.kr\', port=443): Failed to resolve \'api.mimo.kr\' ([Errno 8] nodename nor servname provided, or not known)"))']
2026-07-10 09:09:40,126 [INFO] [validator] 수정됨: ['HEADING_MISSING:이란?', 'HEADING_MISSING:방법', 'YEAR_REPLACED:2024']
2026-07-10 09:09:40,566 [INFO] 저장: /Users/twinssn/Projects/money-aikorea24/src/content/blog/30대-직장인-가족을-위한-군인-재해보상-유족급여-신청-및-혜택-요점만-쏙쏙-000007.md
2026-07-10 09:09:40,569 [INFO] 발행 성공: 30대 직장인 가족을 위한 군인 재해보상 유족급여 신청 및 혜택 요점만  | general | google/diffusiongemma-26b-a4b-it
2026-07-10 09:09:40,600 [INFO] 처리 중: 특수임무수행자와 그 유족에 대한 보상
2026-07-10 09:09:41,773 [INFO] HTTP Request: POST https://integrate.api.nvidia.com/v1/chat/completions "HTTP/1.1 200 OK"
2026-07-10 09:11:16,450 [INFO] Retrying request to /chat/completions in 0.473322 seconds
2026-07-10 09:12:47,209 [INFO] Retrying request to /chat/completions in 0.983046 seconds
2026-07-10 09:14:18,890 [INFO] HTTP Request: POST https://api.deepseek.com/v1/chat/completions "HTTP/1.1 200 OK"
2026-07-10 09:14:29,304 [INFO] 제목 추출: 30대 직장인 부모님이 확인해야 할 특수임행자 보상금 신청 자격과 방법
2026-07-10 09:14:29,305 [INFO] refinish_title 적용: 30대 직장인 부모님이 확인해야 할 특수임행자 보상금 신청 자격과 방법 받을 수 있습니다
2026-07-10 09:14:29,521 [INFO] [reviewer] ['Mimo 검수 실패: HTTPSConnectionPool(host=\'api.mimo.kr\', port=443): Max retries exceeded with url: /v2_5/complete (Caused by NameResolutionError("HTTPSConnection(host=\'api.mimo.kr\', port=443): Failed to resolve \'api.mimo.kr\' ([Errno 8] nodename nor servname provided, or not known)"))']
2026-07-10 09:14:29,522 [INFO] [validator] 수정됨: ['HEADING_MISSING:이란?', 'YEAR_REPLACED:2024']
2026-07-10 09:14:30,776 [INFO] 저장: /Users/twinssn/Projects/money-aikorea24/src/content/blog/30대-직장인-부모님이-확인해야-할-특수임행자-보상금-신청-자격과-방법-받을-수-있습니다-000008.md
2026-07-10 09:14:30,779 [INFO] 발행 성공: 30대 직장인 부모님이 확인해야 할 특수임행자 보상금 신청 자격과 방법  | general | google/diffusiongemma-26b-a4b-it
2026-07-10 09:14:30,807 [INFO] 처리 중: 장병 인권상담 지원
2026-07-10 09:14:32,037 [INFO] HTTP Request: POST https://integrate.api.nvidia.com/v1/chat/completions "HTTP/1.1 200 OK"
2026-07-10 09:16:05,460 [INFO] Retrying request to /chat/completions in 0.479644 seconds
2026-07-10 09:17:36,245 [INFO] Retrying request to /chat/completions in 0.947395 seconds
2026-07-10 09:19:07,778 [INFO] HTTP Request: POST https://api.deepseek.com/v1/chat/completions "HTTP/1.1 200 OK"
2026-07-10 09:19:19,455 [INFO] 제목 추출: 30대 직장인, 군 인권 상담부터 병역명문가 혜택 챙기는 법
2026-07-10 09:19:19,456 [INFO] refinish_title 적용: 30대 직장인, 군 인권 상담부터 병역명문가 혜택 이번 달 바뀐 점
2026-07-10 09:19:19,573 [INFO] [reviewer] ['Mimo 검수 실패: HTTPSConnectionPool(host=\'api.mimo.kr\', port=443): Max retries exceeded with url: /v2_5/complete (Caused by NameResolutionError("HTTPSConnection(host=\'api.mimo.kr\', port=443): Failed to resolve \'api.mimo.kr\' ([Errno 8] nodename nor servname provided, or not known)"))']
2026-07-10 09:19:19,573 [INFO] [validator] 수정됨: ['HEADING_MISSING:이란?', 'YEAR_REPLACED:2024']
2026-07-10 09:19:20,210 [INFO] 저장: /Users/twinssn/Projects/money-aikorea24/src/content/blog/30대-직장인-군-인권-상담부터-병역명문가-혜택-이번-달-바뀐-점-000009.md
2026-07-10 09:19:20,213 [INFO] 발행 성공: 30대 직장인, 군 인권 상담부터 병역명문가 혜택 이번 달 바뀐 점 | general | google/diffusiongemma-26b-a4b-it
2026-07-10 09:19:20,249 [INFO] 처리 중: 전역예정군인 재취업 지원
2026-07-10 09:19:21,328 [INFO] HTTP Request: POST https://integrate.api.nvidia.com/v1/chat/completions "HTTP/1.1 200 OK"
2026-07-10 09:20:55,313 [INFO] Retrying request to /chat/completions in 0.436911 seconds
2026-07-10 09:22:26,038 [INFO] Retrying request to /chat/completions in 0.753455 seconds
2026-07-10 09:23:57,318 [INFO] HTTP Request: POST https://api.deepseek.com/v1/chat/completions "HTTP/1.1 200 OK"
2026-07-10 09:24:07,597 [INFO] refinish_title 적용: 전역예정군인 재취업 지원 서둘러 신청하세요
2026-07-10 09:24:07,817 [INFO] [reviewer] ['Mimo 검수 실패: HTTPSConnectionPool(host=\'api.mimo.kr\', port=443): Max retries exceeded with url: /v2_5/complete (Caused by NameResolutionError("HTTPSConnection(host=\'api.mimo.kr\', port=443): Failed to resolve \'api.mimo.kr\' ([Errno 8] nodename nor servname provided, or not known)"))']
2026-07-10 09:24:07,818 [INFO] [validator] 수정됨: ['HEADING_MISSING:이란?', 'HEADING_MISSING:방법', 'YEAR_REPLACED:2024']
2026-07-10 09:24:08,761 [INFO] 저장: /Users/twinssn/Projects/money-aikorea24/src/content/blog/전역예정군인-재취업-지원-서둘러-신청하세요-000013.md
2026-07-10 09:24:08,764 [INFO] 발행 성공: 전역예정군인 재취업 지원 서둘러 신청하세요 | general | google/diffusiongemma-26b-a4b-it
2026-07-10 09:24:08,764 [INFO] 5건 발행 → 빌드/배포 시작
2026-07-10 09:25:24,046 [INFO] 배포 완료 (5건)
2026-07-10 09:25:24,046 [INFO] 파이프라인 종료 2026-07-10 09:25:24
2026-07-10 09:25:24,047 [INFO] 스케줄러 정상 종료
2026-07-11 09:00:01,978 [INFO] 스케줄러 시작
2026-07-11 09:00:02,562 [INFO] 파이프라인 시작 2026-07-11 09:00:02
2026-07-11 09:00:02,564 [INFO] 오늘 0건 발행됨, 5건 남음
2026-07-11 09:00:02,583 [INFO] 처리 중: 6·25 비정규군 공로자 보상 안내
2026-07-11 09:00:04,206 [INFO] HTTP Request: POST https://integrate.api.nvidia.com/v1/chat/completions "HTTP/1.1 200 OK"
2026-07-11 09:01:45,935 [INFO] Retrying request to /chat/completions in 0.462538 seconds
2026-07-11 09:03:17,004 [INFO] Retrying request to /chat/completions in 0.753397 seconds
2026-07-11 09:04:48,414 [INFO] HTTP Request: POST https://api.deepseek.com/v1/chat/completions "HTTP/1.1 200 OK"
2026-07-11 09:04:56,605 [INFO] 제목 추출: 3040 직장인 부모님이 챙겨야 할 비정규군 공로금 신청 대상 확인법
2026-07-11 09:04:56,605 [INFO] refinish_title 적용: 3040 직장인 부모님이 챙겨야 할 비정규군 공로금 신청 대상 확인법 한눈에 정리
2026-07-11 09:04:56,822 [INFO] [reviewer] ['Mimo 검수 실패: HTTPSConnectionPool(host=\'api.mimo.kr\', port=443): Max retries exceeded with url: /v2_5/complete (Caused by NameResolutionError("HTTPSConnection(host=\'api.mimo.kr\', port=443): Failed to resolve \'api.mimo.kr\' ([Errno 8] nodename nor servname provided, or not known)"))']
2026-07-11 09:04:56,823 [INFO] [validator] 수정됨: ['HEADING_MISSING:이란?', 'HEADING_MISSING:조건', 'YEAR_REPLACED:2024']
2026-07-11 09:04:57,521 [INFO] 저장: /Users/twinssn/Projects/money-aikorea24/src/content/blog/3040-직장인-부모님이-챙겨야-할-비정규군-공로금-신청-대상-확인법-한눈에-정리-000014.md
2026-07-11 09:04:57,524 [INFO] 발행 성공: 3040 직장인 부모님이 챙겨야 할 비정규군 공로금 신청 대상 확인법 한 | general | google/diffusiongemma-26b-a4b-it
2026-07-11 09:04:57,545 [INFO] 처리 중: 전역예정장병 취업활동지원
2026-07-11 09:04:58,687 [INFO] HTTP Request: POST https://integrate.api.nvidia.com/v1/chat/completions "HTTP/1.1 200 OK"
2026-07-11 09:06:36,134 [INFO] Retrying request to /chat/completions in 0.382069 seconds
2026-07-11 09:08:06,924 [INFO] Retrying request to /chat/completions in 0.811600 seconds
2026-07-11 09:09:38,539 [INFO] HTTP Request: POST https://api.deepseek.com/v1/chat/completions "HTTP/1.1 200 OK"
2026-07-11 09:09:46,589 [INFO] 제목 추출: 30대 전역 예정 직장인, 군 복 후 취업지원금으로 사회 복귀 완벽하게 
2026-07-11 09:09:46,589 [INFO] refinish_title 적용: 30대 전역 예정 직장인, 군 복 후 취업지원금으로 사회 복귀 완벽하게 하는 법 딱 3가지
2026-07-11 09:09:46,809 [INFO] [reviewer] ['Mimo 검수 실패: HTTPSConnectionPool(host=\'api.mimo.kr\', port=443): Max retries exceeded with url: /v2_5/complete (Caused by NameResolutionError("HTTPSConnection(host=\'api.mimo.kr\', port=443): Failed to resolve \'api.mimo.kr\' ([Errno 8] nodename nor servname provided, or not known)"))']
2026-07-11 09:09:46,810 [INFO] [validator] 수정됨: ['HEADING_MISSING:이란?', 'HEADING_MISSING:방법', 'YEAR_REPLACED:2024']
2026-07-11 09:09:47,473 [INFO] 저장: /Users/twinssn/Projects/money-aikorea24/src/content/blog/30대-전역-예정-직장인-군-복-후-취업지원금으로-사회-복귀-완벽하게-하는-법-딱-3가지만-기억하세요-000015.md
2026-07-11 09:09:47,477 [INFO] 발행 성공: 30대 전역 예정 직장인, 군 복 후 취업지원금으로 사회 복귀 완벽하게  | general | google/diffusiongemma-26b-a4b-it
2026-07-11 09:09:47,506 [INFO] 처리 중: 군무원 채용시험 응시수수료 면제
2026-07-11 09:09:48,612 [INFO] HTTP Request: POST https://integrate.api.nvidia.com/v1/chat/completions "HTTP/1.1 200 OK"
2026-07-11 09:11:21,893 [INFO] Retrying request to /chat/completions in 0.396277 seconds
2026-07-11 09:12:52,595 [INFO] Retrying request to /chat/completions in 0.843272 seconds
2026-07-11 09:14:23,948 [INFO] HTTP Request: POST https://api.deepseek.com/v1/chat/completions "HTTP/1.1 200 OK"
2026-07-11 09:14:32,943 [INFO] 제목 추출: 30대 직장인, 군무원 시험 응시료 부담 0원으로 혜택받는 법
2026-07-11 09:14:32,943 [INFO] refinish_title 적용: 30대 직장인, 군무원 시험 응시료 부담 0원으로 혜택 미리 챙겨두면 좋은
2026-07-11 09:14:33,062 [INFO] [reviewer] ['Mimo 검수 실패: HTTPSConnectionPool(host=\'api.mimo.kr\', port=443): Max retries exceeded with url: /v2_5/complete (Caused by NameResolutionError("HTTPSConnection(host=\'api.mimo.kr\', port=443): Failed to resolve \'api.mimo.kr\' ([Errno 8] nodename nor servname provided, or not known)"))']
2026-07-11 09:14:33,063 [INFO] [validator] 수정됨: ['HEADING_MISSING:이란?', 'YEAR_REPLACED:2024']
2026-07-11 09:14:33,767 [INFO] 저장: /Users/twinssn/Projects/money-aikorea24/src/content/blog/30대-직장인-군무원-시험-응시료-부담-0원으로-혜택-미리-챙겨두면-좋은-000032.md
2026-07-11 09:14:33,770 [INFO] 발행 성공: 30대 직장인, 군무원 시험 응시료 부담 0원으로 혜택 미리 챙겨두면 좋 | general | google/diffusiongemma-26b-a4b-it
2026-07-11 09:14:33,797 [INFO] 처리 중: 맞춤형 e북 지원
2026-07-11 09:14:34,971 [INFO] HTTP Request: POST https://integrate.api.nvidia.com/v1/chat/completions "HTTP/1.1 200 OK"
2026-07-11 09:16:08,052 [INFO] Retrying request to /chat/completions in 0.375921 seconds
2026-07-11 09:17:38,696 [INFO] Retrying request to /chat/completions in 0.836022 seconds
2026-07-11 09:19:10,090 [INFO] HTTP Request: POST https://api.deepseek.com/v1/chat/completions "HTTP/1.1 200 OK"
2026-07-11 09:19:18,251 [INFO] 제목 추출: 30대 직장인, 군 복무 중 자기계발 도서비 최대 12만 원 지원받는 법
2026-07-11 09:19:18,251 [INFO] refinish_title 적용: 30대 직장인, 군 복무 중 자기계발 도서비 최대 12만 원 지원 돌려받는 법
2026-07-11 09:19:18,464 [INFO] [reviewer] ['Mimo 검수 실패: HTTPSConnectionPool(host=\'api.mimo.kr\', port=443): Max retries exceeded with url: /v2_5/complete (Caused by NameResolutionError("HTTPSConnection(host=\'api.mimo.kr\', port=443): Failed to resolve \'api.mimo.kr\' ([Errno 8] nodename nor servname provided, or not known)"))']
2026-07-11 09:19:18,465 [INFO] [validator] 수정됨: ['HEADING_MISSING:이란?', 'YEAR_REPLACED:2024']
2026-07-11 09:19:19,015 [INFO] 저장: /Users/twinssn/Projects/money-aikorea24/src/content/blog/30대-직장인-군-복무-중-자기계발-도서비-최대-12만-원-지원-돌려받는-법-000081.md
2026-07-11 09:19:19,019 [INFO] 발행 성공: 30대 직장인, 군 복무 중 자기계발 도서비 최대 12만 원 지원 돌려받 | general | google/diffusiongemma-26b-a4b-it
2026-07-11 09:19:19,051 [INFO] 처리 중: 6ㆍ25전사자(미수습) 유가족 유전자 채취 포상금 및 전사자 유해 소재 
2026-07-11 09:19:20,262 [INFO] HTTP Request: POST https://integrate.api.nvidia.com/v1/chat/completions "HTTP/1.1 200 OK"
2026-07-11 09:20:55,185 [INFO] Retrying request to /chat/completions in 0.457714 seconds
2026-07-11 09:22:26,273 [INFO] Retrying request to /chat/completions in 0.863240 seconds
2026-07-11 09:22:27,551 [INFO] HTTP Request: POST https://integrate.api.nvidia.com/v1/chat/completions "HTTP/1.1 502 Bad Gateway"
2026-07-11 09:22:27,791 [INFO] HTTP Request: POST https://api.deepseek.com/v1/chat/completions "HTTP/1.1 200 OK"
2026-07-11 09:22:38,306 [INFO] 제목 추출: 30대 직장인, 6·25 전사자 유해 찾고 최대 1천만 원 포상금 받는 
2026-07-11 09:22:38,306 [INFO] refinish_title 적용: 30대 직장인, 6·25 전사자 유해 찾고 최대 1천만 원 포상금 실제 사례
2026-07-11 09:22:38,313 [INFO] [reviewer] ['Mimo 검수 실패: HTTPSConnectionPool(host=\'api.mimo.kr\', port=443): Max retries exceeded with url: /v2_5/complete (Caused by NameResolutionError("HTTPSConnection(host=\'api.mimo.kr\', port=443): Failed to resolve \'api.mimo.kr\' ([Errno 8] nodename nor servname provided, or not known)"))']
2026-07-11 09:22:38,314 [INFO] [validator] 수정됨: ['YEAR_REPLACED:2024']
2026-07-11 09:22:38,884 [INFO] 저장: /Users/twinssn/Projects/money-aikorea24/src/content/blog/30대-직장인-625-전사자-유해-찾고-최대-1천만-원-포상금-실제-사례-000082.md
2026-07-11 09:22:38,887 [INFO] 발행 성공: 30대 직장인, 6·25 전사자 유해 찾고 최대 1천만 원 포상금 실제  | general | google/diffusiongemma-26b-a4b-it
2026-07-11 09:22:38,888 [INFO] 5건 발행 → 빌드/배포 시작
2026-07-11 09:25:26,388 [INFO] 배포 완료 (5건)
2026-07-11 09:25:26,389 [INFO] 파이프라인 종료 2026-07-11 09:25:26
2026-07-11 09:25:26,389 [INFO] 스케줄러 정상 종료
2026-07-12 09:00:03,209 [INFO] 스케줄러 시작
2026-07-12 09:00:03,920 [INFO] 파이프라인 시작 2026-07-12 09:00:03
2026-07-12 09:00:03,922 [INFO] 오늘 0건 발행됨, 5건 남음
2026-07-12 09:00:03,942 [INFO] 처리 중: 지방공무원 신규 임용시험 응시 수수료 면제
2026-07-12 09:00:05,610 [INFO] HTTP Request: POST https://integrate.api.nvidia.com/v1/chat/completions "HTTP/1.1 200 OK"
2026-07-12 09:01:39,040 [INFO] Retrying request to /chat/completions in 0.457754 seconds
2026-07-12 09:03:09,773 [INFO] Retrying request to /chat/completions in 0.833615 seconds
2026-07-12 09:04:41,258 [INFO] HTTP Request: POST https://api.deepseek.com/v1/chat/completions "HTTP/1.1 200 OK"
2026-07-12 09:04:50,148 [INFO] 제목 추출: 30대 직장인, 지방공무원 시험 응시료 0원으로 만드는 혜택 확인법
2026-07-12 09:04:50,149 [INFO] refinish_title 적용: 30대 직장인, 지방공무원 시험 응시료 0원으로 만드는 혜택 확인법 총정리
2026-07-12 09:04:50,366 [INFO] [reviewer] ['Mimo 검수 실패: HTTPSConnectionPool(host=\'api.mimo.kr\', port=443): Max retries exceeded with url: /v2_5/complete (Caused by NameResolutionError("HTTPSConnection(host=\'api.mimo.kr\', port=443): Failed to resolve \'api.mimo.kr\' ([Errno 8] nodename nor servname provided, or not known)"))']
2026-07-12 09:04:50,368 [INFO] [validator] 수정됨: ['HEADING_MISSING:이란?', 'YEAR_REPLACED:2024']
2026-07-12 09:04:51,206 [INFO] 저장: /Users/twinssn/Projects/money-aikorea24/src/content/blog/30대-직장인-지방공무원-시험-응시료-0원으로-만드는-혜택-확인법-총정리-000002.md
2026-07-12 09:04:51,209 [INFO] 발행 성공: 30대 직장인, 지방공무원 시험 응시료 0원으로 만드는 혜택 확인법 총정 | general | google/diffusiongemma-26b-a4b-it
2026-07-12 09:04:51,241 [INFO] 처리 중: 장애인차량취득세및자동차세감면
2026-07-12 09:04:52,371 [INFO] HTTP Request: POST https://integrate.api.nvidia.com/v1/chat/completions "HTTP/1.1 200 OK"
2026-07-12 09:06:25,520 [INFO] Retrying request to /chat/completions in 0.423639 seconds
2026-07-12 09:07:56,251 [INFO] Retrying request to /chat/completions in 0.958564 seconds
2026-07-12 09:09:27,702 [INFO] HTTP Request: POST https://api.deepseek.com/v1/chat/completions "HTTP/1.1 200 OK"
2026-07-12 09:09:37,333 [INFO] 제목 추출: 30대 직장인, 장애인 차량 취득세 및 자동차세 면제 혜택 받는 법
2026-07-12 09:09:37,333 [INFO] refinish_title 적용: 30대 직장인, 장애인 차량 취득세 및 자동차세 면제 혜택 미리 알아두세요
2026-07-12 09:09:37,541 [INFO] [reviewer] ['Mimo 검수 실패: HTTPSConnectionPool(host=\'api.mimo.kr\', port=443): Max retries exceeded with url: /v2_5/complete (Caused by NameResolutionError("HTTPSConnection(host=\'api.mimo.kr\', port=443): Failed to resolve \'api.mimo.kr\' ([Errno 8] nodename nor servname provided, or not known)"))']
2026-07-12 09:09:37,541 [INFO] [validator] 수정됨: ['HEADING_MISSING:이란?', 'YEAR_REPLACED:2024']
2026-07-12 09:09:38,030 [INFO] 저장: /Users/twinssn/Projects/money-aikorea24/src/content/blog/30대-직장인-장애인-차량-취득세-및-자동차세-면제-혜택-미리-알아두세요-000004.md
2026-07-12 09:09:38,032 [INFO] 발행 성공: 30대 직장인, 장애인 차량 취득세 및 자동차세 면제 혜택 미리 알아두세 | general | google/diffusiongemma-26b-a4b-it
2026-07-12 09:09:38,060 [INFO] 처리 중: 노인복지시설 지방세 감면
2026-07-12 09:09:39,121 [INFO] HTTP Request: POST https://integrate.api.nvidia.com/v1/chat/completions "HTTP/1.1 200 OK"
2026-07-12 09:11:13,192 [INFO] Retrying request to /chat/completions in 0.440030 seconds
2026-07-12 09:12:43,893 [INFO] Retrying request to /chat/completions in 0.858478 seconds
2026-07-12 09:14:15,291 [INFO] HTTP Request: POST https://api.deepseek.com/v1/chat/completions "HTTP/1.1 200 OK"
2026-07-12 09:14:26,296 [INFO] 제목 추출: 30대 직장인 노인복지시설 운영 준비 시 지방세 감면 혜택받는 법
2026-07-12 09:14:26,298 [INFO] refinish_title 적용: 30대 직장인 노인복지시설 운영 준비 시 지방세 감면 혜택 지원받는 방법
2026-07-12 09:14:26,437 [INFO] [reviewer] ['Mimo 검수 실패: HTTPSConnectionPool(host=\'api.mimo.kr\', port=443): Max retries exceeded with url: /v2_5/complete (Caused by NameResolutionError("HTTPSConnection(host=\'api.mimo.kr\', port=443): Failed to resolve \'api.mimo.kr\' ([Errno 8] nodename nor servname provided, or not known)"))']
2026-07-12 09:14:26,438 [INFO] [validator] 수정됨: ['HEADING_MISSING:이란?', 'YEAR_REPLACED:2024']
2026-07-12 09:14:27,211 [INFO] 저장: /Users/twinssn/Projects/money-aikorea24/src/content/blog/30대-직장인-노인복지시설-운영-준비-시-지방세-감면-혜택-지원받는-방법-000005.md
2026-07-12 09:14:27,214 [INFO] 발행 성공: 30대 직장인 노인복지시설 운영 준비 시 지방세 감면 혜택 지원받는 방법 | general | google/diffusiongemma-26b-a4b-it
2026-07-12 09:14:27,245 [INFO] 처리 중: 국가유공자 등이 대부금으로 취득하는 부동산 취득세 감면
2026-07-12 09:14:28,334 [INFO] HTTP Request: POST https://integrate.api.nvidia.com/v1/chat/completions "HTTP/1.1 200 OK"
2026-07-12 09:16:01,541 [INFO] Retrying request to /chat/completions in 0.417600 seconds
2026-07-12 09:17:32,253 [INFO] Retrying request to /chat/completions in 0.840926 seconds
2026-07-12 09:19:03,637 [INFO] HTTP Request: POST https://api.deepseek.com/v1/chat/completions "HTTP/1.1 200 OK"
2026-07-12 09:19:12,406 [INFO] 제목 추출: 30대 직장인, 국가유공자 대부금 활용해 취득세 감면 혜택 받는 법
2026-07-12 09:19:12,408 [INFO] refinish_title 적용: 30대 직장인, 국가유공자 대부금 활용해 취득세 감면 혜택 딱 3가지만 기억하세요
2026-07-12 09:19:12,541 [INFO] [reviewer] ['Mimo 검수 실패: HTTPSConnectionPool(host=\'api.mimo.kr\', port=443): Max retries exceeded with url: /v2_5/complete (Caused by NameResolutionError("HTTPSConnection(host=\'api.mimo.kr\', port=443): Failed to resolve \'api.mimo.kr\' ([Errno 8] nodename nor servname provided, or not known)"))']
2026-07-12 09:19:12,541 [INFO] [validator] 수정됨: ['HEADING_MISSING:방법', 'YEAR_REPLACED:2024']
2026-07-12 09:19:13,050 [INFO] 저장: /Users/twinssn/Projects/money-aikorea24/src/content/blog/30대-직장인-국가유공자-대부금-활용해-취득세-감면-혜택-딱-3가지만-기억하세요-000006.md
2026-07-12 09:19:13,053 [INFO] 발행 성공: 30대 직장인, 국가유공자 대부금 활용해 취득세 감면 혜택 딱 3가지만  | general | google/diffusiongemma-26b-a4b-it
2026-07-12 09:19:13,079 [INFO] 처리 중: 다자녀가구 자동차취득세 감면
2026-07-12 09:19:14,145 [INFO] HTTP Request: POST https://integrate.api.nvidia.com/v1/chat/completions "HTTP/1.1 200 OK"
2026-07-12 09:20:49,134 [INFO] Retrying request to /chat/completions in 0.470135 seconds
2026-07-12 09:22:19,906 [INFO] Retrying request to /chat/completions in 0.756078 seconds
2026-07-12 09:23:51,153 [INFO] HTTP Request: POST https://api.deepseek.com/v1/chat/completions "HTTP/1.1 200 OK"
2026-07-12 09:24:03,170 [INFO] 제목 추출: 30대 직장인 자녀 2명이라면 자동차 취득세 최대 140만 원 아끼는 법
2026-07-12 09:24:03,171 [INFO] refinish_title 적용: 30대 직장인 자녀 2명이라면 자동차 취득세 최대 140만 원 아끼는 법 미리 챙겨두면 좋
2026-07-12 09:24:03,410 [INFO] [reviewer] ['Mimo 검수 실패: HTTPSConnectionPool(host=\'api.mimo.kr\', port=443): Max retries exceeded with url: /v2_5/complete (Caused by NameResolutionError("HTTPSConnection(host=\'api.mimo.kr\', port=443): Failed to resolve \'api.mimo.kr\' ([Errno 8] nodename nor servname provided, or not known)"))']
2026-07-12 09:24:03,411 [INFO] [validator] 수정됨: ['YEAR_REPLACED:2024']
2026-07-12 09:24:03,928 [INFO] 저장: /Users/twinssn/Projects/money-aikorea24/src/content/blog/30대-직장인-자녀-2명이라면-자동차-취득세-최대-140만-원-아끼는-법-미리-챙겨두면-좋은-000008.md
2026-07-12 09:24:03,930 [INFO] 발행 성공: 30대 직장인 자녀 2명이라면 자동차 취득세 최대 140만 원 아끼는 법 | general | google/diffusiongemma-26b-a4b-it
2026-07-12 09:24:03,930 [INFO] 5건 발행 → 빌드/배포 시작
2026-07-12 09:25:18,489 [INFO] 배포 완료 (5건)
2026-07-12 09:25:18,490 [INFO] 파이프라인 종료 2026-07-12 09:25:18
2026-07-12 09:25:18,490 [INFO] 스케줄러 정상 종료
2026-07-13 06:00:01,494 [INFO] 데이터 수집 시작 (--fetch)
2026-07-13 06:00:55,967 [INFO] 데이터 수집 완료
2026-07-13 09:00:03,884 [INFO] 스케줄러 시작
2026-07-13 09:00:04,534 [INFO] 파이프라인 시작 2026-07-13 09:00:04
2026-07-13 09:00:04,537 [INFO] 오늘 0건 발행됨, 5건 남음
2026-07-13 09:00:04,556 [INFO] 처리 중: 신혼부부 전세자금 대출이자 지원
2026-07-13 09:00:06,274 [INFO] HTTP Request: POST https://integrate.api.nvidia.com/v1/chat/completions "HTTP/1.1 200 OK"
2026-07-13 09:01:39,557 [INFO] Retrying request to /chat/completions in 0.439805 seconds
2026-07-13 09:03:10,212 [INFO] Retrying request to /chat/completions in 0.755797 seconds
2026-07-13 09:04:41,495 [INFO] HTTP Request: POST https://api.deepseek.com/v1/chat/completions "HTTP/1.1 200 OK"
2026-07-13 09:04:52,482 [INFO] 제목 추출: 3040 신혼부부, 용인시 전세자금 이자 연 100만원 지원받는 법
2026-07-13 09:04:52,483 [INFO] refinish_title 적용: 3040 신혼부부, 용인시 전세자금 이자 연 100만원 지원 누가 받을 수 있을까?
2026-07-13 09:04:52,702 [INFO] [reviewer] ['Mimo 검수 실패: HTTPSConnectionPool(host=\'api.mimo.kr\', port=443): Max retries exceeded with url: /v2_5/complete (Caused by NameResolutionError("HTTPSConnection(host=\'api.mimo.kr\', port=443): Failed to resolve \'api.mimo.kr\' ([Errno 8] nodename nor servname provided, or not known)"))']
2026-07-13 09:04:52,704 [INFO] [validator] 수정됨: ['YEAR_REPLACED:2024']
2026-07-13 09:04:53,524 [INFO] 저장: /Users/twinssn/Projects/money-aikorea24/src/content/blog/3040-신혼부부-용인시-전세자금-이자-연-100만원-지원-누가-받을-수-있을까-000631.md
2026-07-13 09:04:53,528 [INFO] 발행 성공: 3040 신혼부부, 용인시 전세자금 이자 연 100만원 지원 누가 받을  | loan | google/diffusiongemma-26b-a4b-it
2026-07-13 09:04:53,554 [INFO] 처리 중: 영유아 보육시설 지방세 감면
2026-07-13 09:04:55,072 [INFO] HTTP Request: POST https://integrate.api.nvidia.com/v1/chat/completions "HTTP/1.1 200 OK"
2026-07-13 09:06:28,136 [INFO] Retrying request to /chat/completions in 0.430399 seconds
2026-07-13 09:07:58,863 [INFO] Retrying request to /chat/completions in 0.979268 seconds
2026-07-13 09:09:30,408 [INFO] HTTP Request: POST https://api.deepseek.com/v1/chat/completions "HTTP/1.1 200 OK"
2026-07-13 09:09:41,166 [INFO] 제목 추출: 30대 직장인, 어린이집 설립할 때 취득세 면제 혜택 챙기는 법
2026-07-13 09:09:41,167 [INFO] refinish_title 적용: 30대 직장인, 어린이집 설립할 때 취득세 면제 혜택 받을 수 있습니다
2026-07-13 09:09:41,406 [INFO] [reviewer] ['Mimo 검수 실패: HTTPSConnectionPool(host=\'api.mimo.kr\', port=443): Max retries exceeded with url: /v2_5/complete (Caused by NameResolutionError("HTTPSConnection(host=\'api.mimo.kr\', port=443): Failed to resolve \'api.mimo.kr\' ([Errno 8] nodename nor servname provided, or not known)"))']
2026-07-13 09:09:41,406 [INFO] [validator] 수정됨: ['HEADING_MISSING:이란?', 'HEADING_MISSING:방법', 'YEAR_REPLACED:2024']
2026-07-13 09:09:41,971 [INFO] 저장: /Users/twinssn/Projects/money-aikorea24/src/content/blog/30대-직장인-어린이집-설립할-때-취득세-면제-혜택-받을-수-있습니다-000010.md
2026-07-13 09:09:41,975 [INFO] 발행 성공: 30대 직장인, 어린이집 설립할 때 취득세 면제 혜택 받을 수 있습니다 | general | google/diffusiongemma-26b-a4b-it
2026-07-13 09:09:42,013 [INFO] 처리 중: 장애인 주택개조 지원
2026-07-13 09:09:43,204 [INFO] HTTP Request: POST https://integrate.api.nvidia.com/v1/chat/completions "HTTP/1.1 200 OK"
2026-07-13 09:11:16,939 [INFO] Retrying request to /chat/completions in 0.376589 seconds
2026-07-13 09:12:47,606 [INFO] Retrying request to /chat/completions in 0.962676 seconds
2026-07-13 09:14:19,088 [INFO] HTTP Request: POST https://api.deepseek.com/v1/chat/completions "HTTP/1.1 200 OK"
2026-07-13 09:14:28,457 [INFO] 제목 추출: 무주택 직장인, 용인시 장애인 주택개조 지원으로 집안 안전 지키는 법
2026-07-13 09:14:28,460 [INFO] refinish_title 적용: 무주택 직장인, 용인시 장애인 주택개조 지원으로 집안 안전 지키는 법 미리 알아두세요
2026-07-13 09:14:28,582 [INFO] [reviewer] ['Mimo 검수 실패: HTTPSConnectionPool(host=\'api.mimo.kr\', port=443): Max retries exceeded with url: /v2_5/complete (Caused by NameResolutionError("HTTPSConnection(host=\'api.mimo.kr\', port=443): Failed to resolve \'api.mimo.kr\' ([Errno 8] nodename nor servname provided, or not known)"))']
2026-07-13 09:14:28,584 [INFO] [validator] 수정됨: ['HEADING_MISSING:이란?', 'YEAR_REPLACED:2023,2024']
2026-07-13 09:14:28,941 [INFO] 저장: /Users/twinssn/Projects/money-aikorea24/src/content/blog/무주택-직장인-용인시-장애인-주택개조-지원으로-집안-안전-지키는-법-미리-알아두세요-000635.md
2026-07-13 09:14:28,946 [INFO] 발행 성공: 무주택 직장인, 용인시 장애인 주택개조 지원으로 집안 안전 지키는 법 미 | loan | google/diffusiongemma-26b-a4b-it
2026-07-13 09:14:28,978 [INFO] 처리 중: 신규 정착 북한이탈주민 지원
2026-07-13 09:14:28,978 [INFO] [SKIP] 부적합 키워드: 신규 정착 북한이탈주민 지원
2026-07-13 09:14:28,991 [INFO] 처리 중: 장애인 자립생활 정착금 지원
2026-07-13 09:14:30,232 [INFO] HTTP Request: POST https://integrate.api.nvidia.com/v1/chat/completions "HTTP/1.1 200 OK"
2026-07-13 09:16:03,391 [INFO] Retrying request to /chat/completions in 0.376687 seconds
2026-07-13 09:17:34,063 [INFO] Retrying request to /chat/completions in 0.970242 seconds
2026-07-13 09:19:05,607 [INFO] HTTP Request: POST https://api.deepseek.com/v1/chat/completions "HTTP/1.1 200 OK"
2026-07-13 09:19:13,357 [INFO] 제목 추출: 무주택 직장인, 장애인 자립정착금 200만원 받고 초기 비용 아끼는 법
2026-07-13 09:19:13,360 [INFO] refinish_title 적용: 무주택 직장인, 장애인 자립정착금 200만원 받고 초기 비용 아끼는 법 한 번에 정리
2026-07-13 09:19:13,483 [INFO] [reviewer] ['Mimo 검수 실패: HTTPSConnectionPool(host=\'api.mimo.kr\', port=443): Max retries exceeded with url: /v2_5/complete (Caused by NameResolutionError("HTTPSConnection(host=\'api.mimo.kr\', port=443): Failed to resolve \'api.mimo.kr\' ([Errno 8] nodename nor servname provided, or not known)"))']
2026-07-13 09:19:13,484 [INFO] [validator] 수정됨: ['HEADING_MISSING:이란?', 'YEAR_REPLACED:2024']
2026-07-13 09:19:13,911 [INFO] 저장: /Users/twinssn/Projects/money-aikorea24/src/content/blog/무주택-직장인-장애인-자립정착금-200만원-받고-초기-비용-아끼는-법-한-번에-정리-000657.md
2026-07-13 09:19:13,914 [INFO] 발행 성공: 무주택 직장인, 장애인 자립정착금 200만원 받고 초기 비용 아끼는 법  | loan | google/diffusiongemma-26b-a4b-it
2026-07-13 09:19:13,914 [INFO] 4건 발행 → 빌드/배포 시작
2026-07-13 09:20:12,503 [ERROR] 빌드/배포 실패 (4건 저장됨)
[31m✘ [41;31m[[41;97mERROR[41;31m][0m [1mA request to the Cloudflare API (/accounts/fac9808c757df31d797190c529aaa71a/pages/projects/money-aikorea24) failed.[0m

  Authentication error [code: 10000]


🪵  Logs were written to "/Users/twinssn/.wrangler/logs/wrangler-2026-07-13_02-20-07_496.log"
2026-07-13 09:20:12,504 [ERROR] [ERROR] 빌드/배포 실패 ❌ (4건 저장됨)

```
[31m✘ [41;31m[[41;97mERROR[41;31m][0m [1mA request to the Cloudflare API (/accounts/fac9808c757df31d797190c529aaa71a/pages/projects/money-aikorea24) failed.[0m

  Authentication error [code: 10000]


🪵  Logs were written to "/Users/twinssn/.wrangler/logs/wrangler-2026-07-13_02-20-07_496.log"
```
2026-07-13 09:20:13,147 [INFO] 파이프라인 종료 2026-07-13 09:20:13
2026-07-13 09:20:13,147 [INFO] 스케줄러 정상 종료
2026-07-14 09:00:00,244 [INFO] 스케줄러 시작
2026-07-14 09:00:00,846 [INFO] 파이프라인 시작 2026-07-14 09:00:00
2026-07-14 09:00:00,848 [INFO] 오늘 0건 발행됨, 5건 남음
2026-07-14 09:00:00,868 [INFO] 처리 중: 국가유공자 단체 등에 대한 지방세 감면
2026-07-14 09:00:02,755 [INFO] HTTP Request: POST https://integrate.api.nvidia.com/v1/chat/completions "HTTP/1.1 200 OK"
2026-07-14 09:01:37,953 [INFO] HTTP Request: POST https://integrate.api.nvidia.com/v1/chat/completions "HTTP/1.1 200 OK"
2026-07-14 09:01:37,976 [INFO] 제목 추출: 국가유공자 단체 부동산 지방세 면제 혜택과 신청 자격 확인하기
2026-07-14 09:01:37,976 [INFO] refinish_title 적용: 국가유공자 단체 부동산 지방세 면제 혜택과 신청 자격 확인하기 지원받는 방법
2026-07-14 09:01:38,206 [INFO] [reviewer] ['Mimo 검수 실패: HTTPSConnectionPool(host=\'api.mimo.kr\', port=443): Max retries exceeded with url: /v2_5/complete (Caused by NameResolutionError("HTTPSConnection(host=\'api.mimo.kr\', port=443): Failed to resolve \'api.mimo.kr\' ([Errno 8] nodename nor servname provided, or not known)"))']
2026-07-14 09:01:38,207 [INFO] [validator] 수정됨: ['YEAR_REPLACED:2024']
2026-07-14 09:01:39,441 [INFO] 저장: /Users/twinssn/Projects/money-aikorea24/src/content/blog/국가유공자-단체-부동산-지방세-면제-혜택과-신청-자격-확인하기-지원받는-방법-000011.md
2026-07-14 09:01:39,443 [INFO] 발행 성공: 국가유공자 단체 부동산 지방세 면제 혜택과 신청 자격 확인하기 지원받는  | general | google/diffusiongemma-26b-a4b-it
2026-07-14 09:01:39,470 [INFO] 처리 중: 용인시 청년 학자금대출 신용회복 지원
2026-07-14 09:01:40,343 [INFO] HTTP Request: POST https://integrate.api.nvidia.com/v1/chat/completions "HTTP/1.1 200 OK"
2026-07-14 09:03:14,458 [INFO] Retrying request to /chat/completions in 0.479175 seconds
2026-07-14 09:04:45,238 [INFO] Retrying request to /chat/completions in 0.915743 seconds
2026-07-14 09:06:16,824 [INFO] HTTP Request: POST https://api.deepseek.com/v1/chat/completions "HTTP/1.1 200 OK"
2026-07-14 09:06:27,250 [INFO] 제목 추출: 용인시 무주택 직장인, 학자금 대출 연체 해결하고 최대 100만원 지원받
2026-07-14 09:06:27,251 [INFO] refinish_title 적용: 용인시 무주택 직장인, 학자금 대출 연체 해결하고 최대 100만원 지원 총정리
2026-07-14 09:06:27,507 [INFO] [reviewer] ['Mimo 검수 실패: HTTPSConnectionPool(host=\'api.mimo.kr\', port=443): Max retries exceeded with url: /v2_5/complete (Caused by NameResolutionError("HTTPSConnection(host=\'api.mimo.kr\', port=443): Failed to resolve \'api.mimo.kr\' ([Errno 8] nodename nor servname provided, or not known)"))']
2026-07-14 09:06:27,507 [INFO] [validator] 수정됨: ['HEADING_MISSING:방법', 'YEAR_REPLACED:2024']
2026-07-14 09:06:28,210 [INFO] 저장: /Users/twinssn/Projects/money-aikorea24/src/content/blog/용인시-무주택-직장인-학자금-대출-연체-해결하고-최대-100만원-지원-총정리-000661.md
2026-07-14 09:06:28,213 [INFO] 발행 성공: 용인시 무주택 직장인, 학자금 대출 연체 해결하고 최대 100만원 지원  | loan | google/diffusiongemma-26b-a4b-it
2026-07-14 09:06:28,241 [INFO] 처리 중: 산재근로자사회심리재활지원
2026-07-14 09:06:29,287 [INFO] HTTP Request: POST https://integrate.api.nvidia.com/v1/chat/completions "HTTP/1.1 200 OK"
2026-07-14 09:08:03,325 [INFO] Retrying request to /chat/completions in 0.410755 seconds
2026-07-14 09:09:34,054 [INFO] Retrying request to /chat/completions in 0.837323 seconds
2026-07-14 09:11:05,516 [INFO] HTTP Request: POST https://api.deepseek.com/v1/chat/completions "HTTP/1.1 200 OK"
2026-07-14 09:11:16,138 [INFO] 제목 추출: 맞벌이 신혼부부를 위한 산재로자 사회심리 재활 지원 혜택 및 신청 방법
2026-07-14 09:11:16,143 [INFO] refinish_title 적용: 맞벌이 신혼부부를 위한 산재로자 사회심리 재활 지원 혜택 및 마지막 기회
2026-07-14 09:11:16,466 [INFO] [reviewer] ['Mimo 검수 실패: HTTPSConnectionPool(host=\'api.mimo.kr\', port=443): Max retries exceeded with url: /v2_5/complete (Caused by NameResolutionError("HTTPSConnection(host=\'api.mimo.kr\', port=443): Failed to resolve \'api.mimo.kr\' ([Errno 8] nodename nor servname provided, or not known)"))']
2026-07-14 09:11:16,467 [INFO] [validator] 수정됨: ['HEADING_MISSING:이란?', 'YEAR_REPLACED:2024']
2026-07-14 09:11:17,194 [INFO] 저장: /Users/twinssn/Projects/money-aikorea24/src/content/blog/맞벌이-신혼부부를-위한-산재로자-사회심리-재활-지원-혜택-및-마지막-기회-000020.md
2026-07-14 09:11:17,196 [INFO] 발행 성공: 맞벌이 신혼부부를 위한 산재로자 사회심리 재활 지원 혜택 및 마지막 기회 | insurance | google/diffusiongemma-26b-a4b-it
2026-07-14 09:11:17,224 [INFO] 처리 중: 파주시 북한이탈주민 정착 지원
2026-07-14 09:11:17,224 [INFO] [SKIP] 부적합 키워드: 파주시 북한이탈주민 정착 지원
2026-07-14 09:11:17,240 [INFO] 처리 중: 파주시 청년월세 지원
2026-07-14 09:11:18,715 [INFO] HTTP Request: POST https://integrate.api.nvidia.com/v1/chat/completions "HTTP/1.1 200 OK"
2026-07-14 09:12:35,983 [INFO] HTTP Request: POST https://integrate.api.nvidia.com/v1/chat/completions "HTTP/1.1 200 OK"
2026-07-14 09:12:35,990 [INFO] 제목 추출: 2024년 파주 직장인, 월 10만 원 아끼는 청년월세 지원 받는 법
2026-07-14 09:12:35,991 [INFO] refinish_title 적용: 2024년 파주 직장인, 월 10만 원 아끼는 청년월세 지원 놓친 적 있으신가요?
2026-07-14 09:12:35,999 [INFO] [reviewer] ['Mimo 검수 실패: HTTPSConnectionPool(host=\'api.mimo.kr\', port=443): Max retries exceeded with url: /v2_5/complete (Caused by NameResolutionError("HTTPSConnection(host=\'api.mimo.kr\', port=443): Failed to resolve \'api.mimo.kr\' ([Errno 8] nodename nor servname provided, or not known)"))']
2026-07-14 09:12:36,000 [INFO] [validator] 수정됨: ['YEAR_REPLACED:2024']
2026-07-14 09:12:36,559 [INFO] 저장: /Users/twinssn/Projects/money-aikorea24/src/content/blog/2024년-파주-직장인-월-10만-원-아끼는-청년월세-지원-놓친-적-있으신가요-000515.md
2026-07-14 09:12:36,562 [INFO] 발행 성공: 2024년 파주 직장인, 월 10만 원 아끼는 청년월세 지원 놓친 적 있 | loan | google/diffusiongemma-26b-a4b-it
2026-07-14 09:12:36,563 [INFO] 4건 발행 → 빌드/배포 시작
2026-07-14 09:13:36,789 [ERROR] 빌드/배포 실패 (4건 저장됨)
[31m✘ [41;31m[[41;97mERROR[41;31m][0m [1mA request to the Cloudflare API (/accounts/fac9808c757df31d797190c529aaa71a/pages/projects/money-aikorea24) failed.[0m

  Authentication error [code: 10000]


🪵  Logs were written to "/Users/twinssn/.wrangler/logs/wrangler-2026-07-14_02-13-31_146.log"
2026-07-14 09:13:36,790 [ERROR] [ERROR] 빌드/배포 실패 ❌ (4건 저장됨)

```
[31m✘ [41;31m[[41;97mERROR[41;31m][0m [1mA request to the Cloudflare API (/accounts/fac9808c757df31d797190c529aaa71a/pages/projects/money-aikorea24) failed.[0m

  Authentication error [code: 10000]


🪵  Logs were written to "/Users/twinssn/.wrangler/logs/wrangler-2026-07-14_02-13-31_146.log"
```
2026-07-14 09:13:38,562 [INFO] 파이프라인 종료 2026-07-14 09:13:38
2026-07-14 09:13:38,562 [INFO] 스케줄러 정상 종료
2026-07-15 09:00:01,541 [INFO] 스케줄러 시작
2026-07-15 09:00:02,289 [INFO] 파이프라인 시작 2026-07-15 09:00:02
2026-07-15 09:00:02,295 [INFO] 오늘 0건 발행됨, 5건 남음
2026-07-15 09:00:02,321 [INFO] 처리 중: 사회복지법인 지방세 감면
2026-07-15 09:00:02,321 [INFO] [SKIP] 부적합 키워드: 사회복지법인 지방세 감면
2026-07-15 09:00:02,324 [INFO] 처리 중: 사회적기업 지방세 감면
2026-07-15 09:00:03,996 [INFO] HTTP Request: POST https://integrate.api.nvidia.com/v1/chat/completions "HTTP/1.1 200 OK"
2026-07-15 09:01:37,809 [INFO] HTTP Request: POST https://integrate.api.nvidia.com/v1/chat/completions "HTTP/1.1 200 OK"
2026-07-15 09:01:37,838 [INFO] 제목 추출: 30대 직장인, 중소기업 사회적기업이라면 취득세·재산세 혜택 받는 법
2026-07-15 09:01:37,839 [INFO] refinish_title 적용: 30대 직장인, 중소기업 사회적기업이라면 취득세·재산세 혜택 챙기는 법
2026-07-15 09:01:38,071 [INFO] [reviewer] ['Mimo 검수 실패: HTTPSConnectionPool(host=\'api.mimo.kr\', port=443): Max retries exceeded with url: /v2_5/complete (Caused by NameResolutionError("HTTPSConnection(host=\'api.mimo.kr\', port=443): Failed to resolve \'api.mimo.kr\' ([Errno 8] nodename nor servname provided, or not known)"))']
2026-07-15 09:01:38,073 [INFO] [validator] 수정됨: ['HEADING_MISSING:이란?', 'YEAR_REPLACED:2024']
2026-07-15 09:01:38,781 [INFO] 저장: /Users/twinssn/Projects/money-aikorea24/src/content/blog/30대-직장인-중소기업-사회적기업이라면-취득세재산세-혜택-챙기는-법-000013.md
2026-07-15 09:01:38,785 [INFO] 발행 성공: 30대 직장인, 중소기업 사회적기업이라면 취득세·재산세 혜택 챙기는 법 | general | google/diffusiongemma-26b-a4b-it
2026-07-15 09:01:38,818 [INFO] 처리 중: 퇴소 및 보호종결아동 자립정착금 지원
2026-07-15 09:01:39,755 [INFO] HTTP Request: POST https://integrate.api.nvidia.com/v1/chat/completions "HTTP/1.1 200 OK"
2026-07-15 09:03:19,594 [INFO] Retrying request to /chat/completions in 0.463386 seconds
2026-07-15 09:04:50,332 [INFO] Retrying request to /chat/completions in 0.901749 seconds
2026-07-15 09:06:20,497 [INFO] HTTP Request: POST https://integrate.api.nvidia.com/v1/chat/completions "HTTP/1.1 200 OK"
2026-07-15 09:06:20,510 [INFO] 제목 추출: 무주택 직장인이 된 보호종결아동, 자립정착금 1,500만 원 받는 법
2026-07-15 09:06:20,512 [INFO] refinish_title 적용: 무주택 직장인이 된 보호종결아동, 자립정착금 1,500만 원 받을 수 있습니다
2026-07-15 09:06:20,733 [INFO] [reviewer] ['Mimo 검수 실패: HTTPSConnectionPool(host=\'api.mimo.kr\', port=443): Max retries exceeded with url: /v2_5/complete (Caused by NameResolutionError("HTTPSConnection(host=\'api.mimo.kr\', port=443): Failed to resolve \'api.mimo.kr\' ([Errno 8] nodename nor servname provided, or not known)"))']
2026-07-15 09:06:20,734 [INFO] [validator] 수정됨: ['HEADING_MISSING:이란?', 'YEAR_REPLACED:2024']
2026-07-15 09:06:21,431 [INFO] 저장: /Users/twinssn/Projects/money-aikorea24/src/content/blog/무주택-직장인이-된-보호종결아동-자립정착금-1500만-원-받을-수-있습니다-000115.md
2026-07-15 09:06:21,435 [INFO] 발행 성공: 무주택 직장인이 된 보호종결아동, 자립정착금 1,500만 원 받을 수 있 | loan | google/diffusiongemma-26b-a4b-it
2026-07-15 09:06:21,476 [INFO] 처리 중: 진폐근로자복지지원
2026-07-15 09:06:22,470 [INFO] HTTP Request: POST https://integrate.api.nvidia.com/v1/chat/completions "HTTP/1.1 200 OK"
2026-07-15 09:07:35,666 [INFO] HTTP Request: POST https://integrate.api.nvidia.com/v1/chat/completions "HTTP/1.1 200 OK"
2026-07-15 09:07:35,675 [INFO] 제목 추출: 맞벌이 신혼부부, 진폐근로자 자녀 중학교 학자금 혜택 받는 법
2026-07-15 09:07:35,676 [INFO] refinish_title 적용: 맞벌이 신혼부부, 진폐근로자 자녀 중학교 학자금 혜택 클리어하게 정리
2026-07-15 09:07:35,687 [INFO] [reviewer] ['Mimo 검수 실패: HTTPSConnectionPool(host=\'api.mimo.kr\', port=443): Max retries exceeded with url: /v2_5/complete (Caused by NameResolutionError("HTTPSConnection(host=\'api.mimo.kr\', port=443): Failed to resolve \'api.mimo.kr\' ([Errno 8] nodename nor servname provided, or not known)"))']
2026-07-15 09:07:35,688 [INFO] [validator] 수정됨: ['YEAR_REPLACED:2024']
2026-07-15 09:07:36,430 [INFO] 저장: /Users/twinssn/Projects/money-aikorea24/src/content/blog/맞벌이-신혼부부-진폐근로자-자녀-중학교-학자금-혜택-클리어하게-정리-000028.md
2026-07-15 09:07:36,433 [INFO] 발행 성공: 맞벌이 신혼부부, 진폐근로자 자녀 중학교 학자금 혜택 클리어하게 정리 | insurance | google/diffusiongemma-26b-a4b-it
2026-07-15 09:07:36,463 [INFO] 처리 중: 저소득층 이사비용 지원
2026-07-15 09:07:38,187 [INFO] HTTP Request: POST https://integrate.api.nvidia.com/v1/chat/completions "HTTP/1.1 200 OK"
2026-07-15 09:08:47,974 [INFO] HTTP Request: POST https://integrate.api.nvidia.com/v1/chat/completions "HTTP/1.1 200 OK"
2026-07-15 09:08:47,978 [INFO] 제목 추출: 무주택 직장인, 이사비 부담 덜어주는 30만원 지원받는 법 (김포시 기준
2026-07-15 09:08:47,979 [INFO] refinish_title 적용: 무주택 직장인, 이사비 부담 덜어주는 30만원 지원받는 법 (김포시 기준) 지금 아니면 놓
2026-07-15 09:08:47,985 [INFO] [reviewer] ['Mimo 검수 실패: HTTPSConnectionPool(host=\'api.mimo.kr\', port=443): Max retries exceeded with url: /v2_5/complete (Caused by NameResolutionError("HTTPSConnection(host=\'api.mimo.kr\', port=443): Failed to resolve \'api.mimo.kr\' ([Errno 8] nodename nor servname provided, or not known)"))']
2026-07-15 09:08:47,986 [INFO] [validator] 수정됨: ['YEAR_REPLACED:2024']
2026-07-15 09:08:48,477 [INFO] 저장: /Users/twinssn/Projects/money-aikorea24/src/content/blog/무주택-직장인-이사비-부담-덜어주는-30만원-지원받는-법-김포시-기준-지금-아니면-놓칩니다-000103.md
2026-07-15 09:08:48,481 [INFO] 발행 성공: 무주택 직장인, 이사비 부담 덜어주는 30만원 지원받는 법 (김포시 기준 | loan | google/diffusiongemma-26b-a4b-it
2026-07-15 09:08:48,481 [INFO] 4건 발행 → 빌드/배포 시작
2026-07-15 09:10:30,682 [INFO] 배포 완료 (4건)
2026-07-15 09:10:30,684 [INFO] 파이프라인 종료 2026-07-15 09:10:30
2026-07-15 09:10:30,685 [INFO] 스케줄러 정상 종료
2026-07-16 09:00:04,959 [INFO] 스케줄러 시작
2026-07-16 09:00:05,643 [INFO] 파이프라인 시작 2026-07-16 09:00:05
2026-07-16 09:00:05,646 [INFO] 오늘 0건 발행됨, 5건 남음
2026-07-16 09:00:05,672 [INFO] 처리 중: 광업 종사 근로자 건강진단 지원
2026-07-16 09:02:07,013 [INFO] Retrying request to /chat/completions in 0.439871 seconds
2026-07-16 09:04:07,720 [INFO] Retrying request to /chat/completions in 0.806883 seconds
2026-07-16 09:05:09,973 [INFO] HTTP Request: POST https://integrate.api.nvidia.com/v1/chat/completions "HTTP/1.1 200 OK"
2026-07-16 09:06:50,036 [INFO] Retrying request to /chat/completions in 0.462120 seconds
2026-07-16 09:08:20,887 [INFO] Retrying request to /chat/completions in 0.970280 seconds
2026-07-16 09:09:52,426 [INFO] HTTP Request: POST https://api.deepseek.com/v1/chat/completions "HTTP/1.1 200 OK"
2026-07-16 09:10:02,909 [INFO] 제목 추출: 맞벌이 신혼부부를 위한 광업 종사자 건강진단 지원 혜택 챙기기
2026-07-16 09:10:02,910 [INFO] refinish_title 적용: 맞벌이 신혼부부를 위한 광업 종사자 건강진단 지원 혜택 챙기기 신청 방법
2026-07-16 09:10:03,143 [INFO] [reviewer] ['Mimo 검수 실패: HTTPSConnectionPool(host=\'api.mimo.kr\', port=443): Max retries exceeded with url: /v2_5/complete (Caused by NameResolutionError("HTTPSConnection(host=\'api.mimo.kr\', port=443): Failed to resolve \'api.mimo.kr\' ([Errno 8] nodename nor servname provided, or not known)"))']
2026-07-16 09:10:03,144 [INFO] [validator] 수정됨: ['HEADING_MISSING:이란?', 'YEAR_REPLACED:2024']
2026-07-16 09:10:04,632 [INFO] 저장: /Users/twinssn/Projects/money-aikorea24/src/content/blog/맞벌이-신혼부부를-위한-광업-종사자-건강진단-지원-혜택-챙기기-신청-방법-000029.md
2026-07-16 09:10:04,634 [INFO] 발행 성공: 맞벌이 신혼부부를 위한 광업 종사자 건강진단 지원 혜택 챙기기 신청 방법 | insurance | google/diffusiongemma-26b-a4b-it
2026-07-16 09:10:04,670 [INFO] 처리 중: 국가유공자 차량취득세 및 자동차세 감면
2026-07-16 09:10:05,804 [INFO] HTTP Request: POST https://integrate.api.nvidia.com/v1/chat/completions "HTTP/1.1 200 OK"
2026-07-16 09:11:45,207 [INFO] HTTP Request: POST https://integrate.api.nvidia.com/v1/chat/completions "HTTP/1.1 200 OK"
2026-07-16 09:11:45,223 [INFO] 제목 추출: 30대 직장인 국가유공자 차량 취득세 및 자동차세 감면 혜택 받는 법
2026-07-16 09:11:45,224 [INFO] refinish_title 적용: 30대 직장인 국가유공자 차량 취득세 및 자동차세 감면 혜택 이번 달 바뀐 점
2026-07-16 09:11:45,230 [INFO] [reviewer] ['Mimo 검수 실패: HTTPSConnectionPool(host=\'api.mimo.kr\', port=443): Max retries exceeded with url: /v2_5/complete (Caused by NameResolutionError("HTTPSConnection(host=\'api.mimo.kr\', port=443): Failed to resolve \'api.mimo.kr\' ([Errno 8] nodename nor servname provided, or not known)"))']
2026-07-16 09:11:45,230 [INFO] [validator] 수정됨: ['HEADING_MISSING:이란?', 'YEAR_REPLACED:2024']
2026-07-16 09:11:45,788 [INFO] 저장: /Users/twinssn/Projects/money-aikorea24/src/content/blog/30대-직장인-국가유공자-차량-취득세-및-자동차세-감면-혜택-이번-달-바뀐-점-000014.md
2026-07-16 09:11:45,792 [INFO] 발행 성공: 30대 직장인 국가유공자 차량 취득세 및 자동차세 감면 혜택 이번 달 바 | general | google/diffusiongemma-26b-a4b-it
2026-07-16 09:11:45,825 [INFO] 처리 중: 귀농귀촌인 정착 지원
2026-07-16 09:11:45,826 [INFO] [SKIP] 부적합 키워드: 귀농귀촌인 정착 지원
2026-07-16 09:11:45,839 [INFO] 처리 중: 연천군 어르신 교통비 지원사업
2026-07-16 09:11:46,660 [INFO] HTTP Request: POST https://integrate.api.nvidia.com/v1/chat/completions "HTTP/1.1 200 OK"
2026-07-16 09:13:18,090 [INFO] HTTP Request: POST https://integrate.api.nvidia.com/v1/chat/completions "HTTP/1.1 200 OK"
2026-07-16 09:13:18,100 [INFO] 제목 추출: 연천군 거주 65세 이상 무주택 어르신, 연간 20만원 교통비 받는 법
2026-07-16 09:13:18,100 [INFO] refinish_title 적용: 연천군 거주 65세 이상 무주택 어르신, 연간 20만원 교통비 A to Z
2026-07-16 09:13:18,108 [INFO] [reviewer] ['Mimo 검수 실패: HTTPSConnectionPool(host=\'api.mimo.kr\', port=443): Max retries exceeded with url: /v2_5/complete (Caused by NameResolutionError("HTTPSConnection(host=\'api.mimo.kr\', port=443): Failed to resolve \'api.mimo.kr\' ([Errno 8] nodename nor servname provided, or not known)"))']
2026-07-16 09:13:18,109 [INFO] [validator] 수정됨: ['YEAR_REPLACED:2024']
2026-07-16 09:13:18,606 [INFO] 저장: /Users/twinssn/Projects/money-aikorea24/src/content/blog/연천군-거주-65세-이상-무주택-어르신-연간-20만원-교통비-A-to-Z-000449.md
2026-07-16 09:13:18,609 [INFO] 발행 성공: 연천군 거주 65세 이상 무주택 어르신, 연간 20만원 교통비 A to  | loan | google/diffusiongemma-26b-a4b-it
2026-07-16 09:13:18,637 [INFO] 처리 중: 산재근로자 케어센터 지원
2026-07-16 09:13:19,620 [INFO] HTTP Request: POST https://integrate.api.nvidia.com/v1/chat/completions "HTTP/1.1 200 OK"
2026-07-16 09:14:52,873 [INFO] HTTP Request: POST https://integrate.api.nvidia.com/v1/chat/completions "HTTP/1.1 200 OK"
2026-07-16 09:14:52,879 [INFO] 제목 추출: 맞벌이 신혼부부가 산재근로자 케어센터 지원으로 부모님 부담 줄이는 법
2026-07-16 09:14:52,880 [INFO] refinish_title 적용: 맞벌이 신혼부부가 산재근로자 케어센터 지원으로 부모님 부담 줄이는 법 총정리
2026-07-16 09:14:53,004 [INFO] [reviewer] ['Mimo 검수 실패: HTTPSConnectionPool(host=\'api.mimo.kr\', port=443): Max retries exceeded with url: /v2_5/complete (Caused by NameResolutionError("HTTPSConnection(host=\'api.mimo.kr\', port=443): Failed to resolve \'api.mimo.kr\' ([Errno 8] nodename nor servname provided, or not known)"))']
2026-07-16 09:14:53,004 [INFO] [validator] 수정됨: ['HEADING_MISSING:이란?', 'YEAR_REPLACED:2024']
2026-07-16 09:14:53,450 [INFO] 저장: /Users/twinssn/Projects/money-aikorea24/src/content/blog/맞벌이-신혼부부가-산재근로자-케어센터-지원으로-부모님-부담-줄이는-법-총정리-000035.md
2026-07-16 09:14:53,454 [INFO] 발행 성공: 맞벌이 신혼부부가 산재근로자 케어센터 지원으로 부모님 부담 줄이는 법 총 | insurance | google/diffusiongemma-26b-a4b-it
2026-07-16 09:14:53,454 [INFO] 4건 발행 → 빌드/배포 시작
2026-07-16 09:16:30,364 [INFO] 배포 완료 (4건)
2026-07-16 09:16:30,366 [INFO] 파이프라인 종료 2026-07-16 09:16:30
2026-07-16 09:16:30,366 [INFO] 스케줄러 정상 종료
2026-07-17 09:00:01,416 [INFO] 스케줄러 시작
2026-07-17 09:00:02,178 [INFO] 파이프라인 시작 2026-07-17 09:00:02
2026-07-17 09:00:02,180 [INFO] 오늘 0건 발행됨, 5건 남음
2026-07-17 09:00:02,201 [INFO] 처리 중: 전세보증금반환보증 보증료 지원
2026-07-17 09:00:04,263 [INFO] HTTP Request: POST https://integrate.api.nvidia.com/v1/chat/completions "HTTP/1.1 200 OK"
2026-07-17 09:01:44,606 [INFO] Retrying request to /chat/completions in 0.404947 seconds
2026-07-17 09:03:15,297 [INFO] Retrying request to /chat/completions in 0.804708 seconds
2026-07-17 09:04:46,672 [INFO] HTTP Request: POST https://api.deepseek.com/v1/chat/completions "HTTP/1.1 200 OK"
2026-07-17 09:04:57,758 [INFO] 제목 추출: 무주택 직장인이라면 필수! 전세보증금반환보증료 30만원 지원 받는 법
2026-07-17 09:04:57,759 [INFO] refinish_title 적용: 무주택 직장인이라면 필수! 전세보증금반환보증료 30만원 지원 꼭 알아두세요
2026-07-17 09:04:58,014 [INFO] [reviewer] ['Mimo 검수 실패: HTTPSConnectionPool(host=\'api.mimo.kr\', port=443): Max retries exceeded with url: /v2_5/complete (Caused by NameResolutionError("HTTPSConnection(host=\'api.mimo.kr\', port=443): Failed to resolve \'api.mimo.kr\' ([Errno 8] nodename nor servname provided, or not known)"))']
2026-07-17 09:04:58,016 [INFO] [validator] 수정됨: ['HEADING_MISSING:이란?', 'YEAR_REPLACED:2024']
2026-07-17 09:04:58,610 [INFO] 저장: /Users/twinssn/Projects/money-aikorea24/src/content/blog/무주택-직장인이라면-필수-전세보증금반환보증료-30만원-지원-꼭-알아두세요-000264.md
2026-07-17 09:04:58,613 [INFO] 발행 성공: 무주택 직장인이라면 필수! 전세보증금반환보증료 30만원 지원 꼭 알아두세 | loan | google/diffusiongemma-26b-a4b-it
2026-07-17 09:04:58,643 [INFO] 처리 중: 외국인 범죄 예방교실 운영 지원
2026-07-17 09:04:59,786 [INFO] HTTP Request: POST https://integrate.api.nvidia.com/v1/chat/completions "HTTP/1.1 200 OK"
2026-07-17 09:06:08,744 [INFO] HTTP Request: POST https://integrate.api.nvidia.com/v1/chat/completions "HTTP/1.1 200 OK"
2026-07-17 09:06:08,761 [INFO] 제목 추출: 30대 직장인과 외국인 친구를 위한 범죄 예방교실 신청 및 혜택 챙기기
2026-07-17 09:06:08,762 [INFO] refinish_title 적용: 30대 직장인과 외국인 친구를 위한 범죄 예방교실 신청 및 혜택 챙기기 꼭 챙기세요
2026-07-17 09:06:08,770 [INFO] [reviewer] ['Mimo 검수 실패: HTTPSConnectionPool(host=\'api.mimo.kr\', port=443): Max retries exceeded with url: /v2_5/complete (Caused by NameResolutionError("HTTPSConnection(host=\'api.mimo.kr\', port=443): Failed to resolve \'api.mimo.kr\' ([Errno 8] nodename nor servname provided, or not known)"))']
2026-07-17 09:06:08,770 [INFO] [validator] 수정됨: ['HEADING_MISSING:이란?', 'YEAR_REPLACED:2024']
2026-07-17 09:06:13,929 [INFO] 저장: /Users/twinssn/Projects/money-aikorea24/src/content/blog/30대-직장인과-외국인-친구를-위한-범죄-예방교실-신청-및-혜택-챙기기-꼭-챙기세요-000001.md
2026-07-17 09:06:13,932 [INFO] 발행 성공: 30대 직장인과 외국인 친구를 위한 범죄 예방교실 신청 및 혜택 챙기기  | general | google/diffusiongemma-26b-a4b-it
2026-07-17 09:06:13,960 [INFO] 처리 중: 장애인 자립생활 정착금 지원
2026-07-17 09:06:15,217 [INFO] HTTP Request: POST https://integrate.api.nvidia.com/v1/chat/completions "HTTP/1.1 200 OK"
2026-07-17 09:07:42,500 [INFO] HTTP Request: POST https://integrate.api.nvidia.com/v1/chat/completions "HTTP/1.1 200 OK"
2026-07-17 09:07:42,507 [INFO] 제목 추출: 무주택 직장인을 위한 경기도 장애인 자립생활 정착금 신청 및 혜택 가이드
2026-07-17 09:07:42,508 [INFO] refinish_title 적용: 무주택 직장인을 위한 경기도 장애인 자립생활 정착금 신청 및 혜택 적용 후기
2026-07-17 09:07:42,515 [INFO] [reviewer] ['Mimo 검수 실패: HTTPSConnectionPool(host=\'api.mimo.kr\', port=443): Max retries exceeded with url: /v2_5/complete (Caused by NameResolutionError("HTTPSConnection(host=\'api.mimo.kr\', port=443): Failed to resolve \'api.mimo.kr\' ([Errno 8] nodename nor servname provided, or not known)"))']
2026-07-17 09:07:42,515 [INFO] [validator] 수정됨: ['HEADING_MISSING:이란?', 'YEAR_REPLACED:2024']
2026-07-17 09:07:42,952 [INFO] 저장: /Users/twinssn/Projects/money-aikorea24/src/content/blog/무주택-직장인을-위한-경기도-장애인-자립생활-정착금-신청-및-혜택-적용-후기-000107.md
2026-07-17 09:07:42,955 [INFO] 발행 성공: 무주택 직장인을 위한 경기도 장애인 자립생활 정착금 신청 및 혜택 적용  | loan | google/diffusiongemma-26b-a4b-it
2026-07-17 09:07:42,985 [INFO] 처리 중: 소규모사업장 근로자 건강상담서비스 제공(근로자건강센터)
2026-07-17 09:07:43,987 [INFO] HTTP Request: POST https://integrate.api.nvidia.com/v1/chat/completions "HTTP/1.1 200 OK"
2026-07-17 09:09:07,685 [INFO] HTTP Request: POST https://integrate.api.nvidia.com/v1/chat/completions "HTTP/1.1 200 OK"
2026-07-17 09:09:07,692 [INFO] 제목 추출: 맞벌이 신혼부부, 50인 미만 직장인이라면 무료 건강 상담 혜택 받는 법
2026-07-17 09:09:07,692 [INFO] refinish_title 적용: 맞벌이 신혼부부, 50인 미만 직장인이라면 무료 건강 상담 혜택 요점만 쏙쏙
2026-07-17 09:09:07,938 [INFO] [reviewer] ['Mimo 검수 실패: HTTPSConnectionPool(host=\'api.mimo.kr\', port=443): Max retries exceeded with url: /v2_5/complete (Caused by NameResolutionError("HTTPSConnection(host=\'api.mimo.kr\', port=443): Failed to resolve \'api.mimo.kr\' ([Errno 8] nodename nor servname provided, or not known)"))']
2026-07-17 09:09:07,939 [INFO] [validator] 수정됨: ['HEADING_MISSING:이란?', 'HEADING_MISSING:조건', 'YEAR_REPLACED:2024']
2026-07-17 09:09:08,899 [INFO] 저장: /Users/twinssn/Projects/money-aikorea24/src/content/blog/맞벌이-신혼부부-50인-미만-직장인이라면-무료-건강-상담-혜택-요점만-쏙쏙-000043.md
2026-07-17 09:09:08,902 [INFO] 발행 성공: 맞벌이 신혼부부, 50인 미만 직장인이라면 무료 건강 상담 혜택 요점만  | insurance | google/diffusiongemma-26b-a4b-it
2026-07-17 09:09:08,931 [INFO] 처리 중: 주거위기가구 임시주거지원
2026-07-17 09:09:09,739 [INFO] HTTP Request: POST https://integrate.api.nvidia.com/v1/chat/completions "HTTP/1.1 200 OK"
2026-07-17 09:10:42,012 [INFO] HTTP Request: POST https://integrate.api.nvidia.com/v1/chat/completions "HTTP/1.1 200 OK"
2026-07-17 09:10:42,018 [INFO] 제목 추출: 무주택 직장인이 갑작스러운 주거 위기 시 대처하는 임시주거지원 받는 법
2026-07-17 09:10:42,018 [INFO] refinish_title 적용: 무주택 직장인이 갑작스러운 주거 위기 시 대처하는 임시주거지원 총정리
2026-07-17 09:10:42,024 [INFO] [reviewer] ['Mimo 검수 실패: HTTPSConnectionPool(host=\'api.mimo.kr\', port=443): Max retries exceeded with url: /v2_5/complete (Caused by NameResolutionError("HTTPSConnection(host=\'api.mimo.kr\', port=443): Failed to resolve \'api.mimo.kr\' ([Errno 8] nodename nor servname provided, or not known)"))']
2026-07-17 09:10:42,025 [INFO] [validator] 수정됨: ['HEADING_MISSING:이란?', 'YEAR_REPLACED:2024']
2026-07-17 09:10:45,524 [INFO] 저장: /Users/twinssn/Projects/money-aikorea24/src/content/blog/무주택-직장인이-갑작스러운-주거-위기-시-대처하는-임시주거지원-총정리-000120.md
2026-07-17 09:10:45,526 [INFO] 발행 성공: 무주택 직장인이 갑작스러운 주거 위기 시 대처하는 임시주거지원 총정리 | loan | google/diffusiongemma-26b-a4b-it
2026-07-17 09:10:45,527 [INFO] 5건 발행 → 빌드/배포 시작
2026-07-17 09:12:23,010 [INFO] 배포 완료 (5건)
2026-07-17 09:12:23,012 [INFO] 파이프라인 종료 2026-07-17 09:12:23
2026-07-17 09:12:23,012 [INFO] 스케줄러 정상 종료
2026-07-18 09:00:05,708 [INFO] 스케줄러 시작
2026-07-18 09:00:06,351 [INFO] 파이프라인 시작 2026-07-18 09:00:06
2026-07-18 09:00:06,354 [INFO] 오늘 0건 발행됨, 5건 남음
2026-07-18 09:00:06,374 [INFO] 처리 중: 다문화 가족 및 국내체류 외국인 대상 운전면허교실 운영 지원
2026-07-18 09:00:08,006 [INFO] HTTP Request: POST https://integrate.api.nvidia.com/v1/chat/completions "HTTP/1.1 200 OK"
2026-07-18 09:01:37,792 [INFO] HTTP Request: POST https://integrate.api.nvidia.com/v1/chat/completions "HTTP/1.1 200 OK"
2026-07-18 09:01:37,811 [INFO] 제목 추출: 30대 직장인, 외국인 동료를 위한 운전면허교실 지원 혜택 챙기는 법
2026-07-18 09:01:37,812 [INFO] refinish_title 적용: 30대 직장인, 외국인 동료를 위한 운전면허교실 지원 혜택 받을 수 있습니다
2026-07-18 09:01:38,070 [INFO] [reviewer] ['Mimo 검수 실패: HTTPSConnectionPool(host=\'api.mimo.kr\', port=443): Max retries exceeded with url: /v2_5/complete (Caused by NameResolutionError("HTTPSConnection(host=\'api.mimo.kr\', port=443): Failed to resolve \'api.mimo.kr\' ([Errno 8] nodename nor servname provided, or not known)"))']
2026-07-18 09:01:38,071 [INFO] [validator] 수정됨: ['HEADING_MISSING:이란?', 'YEAR_REPLACED:2024']
2026-07-18 09:01:39,241 [INFO] 저장: /Users/twinssn/Projects/money-aikorea24/src/content/blog/30대-직장인-외국인-동료를-위한-운전면허교실-지원-혜택-받을-수-있습니다-000002.md
2026-07-18 09:01:39,244 [INFO] 발행 성공: 30대 직장인, 외국인 동료를 위한 운전면허교실 지원 혜택 받을 수 있습 | general | google/diffusiongemma-26b-a4b-it
2026-07-18 09:01:39,273 [INFO] 처리 중: 강릉시 전입축하금 지원
2026-07-18 09:01:40,085 [INFO] HTTP Request: POST https://integrate.api.nvidia.com/v1/chat/completions "HTTP/1.1 200 OK"
2026-07-18 09:03:11,317 [INFO] HTTP Request: POST https://integrate.api.nvidia.com/v1/chat/completions "HTTP/1.1 200 OK"
2026-07-18 09:03:11,327 [INFO] 제목 추출: 강릉으로 이사 가는 무주택 직장인, 전입축하금 3만 원 받는 법
2026-07-18 09:03:11,327 [INFO] refinish_title 적용: 강릉으로 이사 가는 무주택 직장인, 전입축하금 3만 원 A to Z
2026-07-18 09:03:11,333 [INFO] [reviewer] ['Mimo 검수 실패: HTTPSConnectionPool(host=\'api.mimo.kr\', port=443): Max retries exceeded with url: /v2_5/complete (Caused by NameResolutionError("HTTPSConnection(host=\'api.mimo.kr\', port=443): Failed to resolve \'api.mimo.kr\' ([Errno 8] nodename nor servname provided, or not known)"))']
2026-07-18 09:03:11,333 [INFO] [validator] 수정됨: ['YEAR_REPLACED:2024']
2026-07-18 09:03:11,709 [INFO] 저장: /Users/twinssn/Projects/money-aikorea24/src/content/blog/강릉으로-이사-가는-무주택-직장인-전입축하금-3만-원-A-to-Z-000006.md
2026-07-18 09:03:11,712 [INFO] 발행 성공: 강릉으로 이사 가는 무주택 직장인, 전입축하금 3만 원 A to Z | loan | google/diffusiongemma-26b-a4b-it
2026-07-18 09:03:11,734 [INFO] 처리 중: 고용보험 미적용자 출산급여
2026-07-18 09:03:12,691 [INFO] HTTP Request: POST https://integrate.api.nvidia.com/v1/chat/completions "HTTP/1.1 200 OK"
2026-07-18 09:04:47,912 [INFO] Retrying request to /chat/completions in 0.422589 seconds
2026-07-18 09:06:18,632 [INFO] Retrying request to /chat/completions in 0.774315 seconds
2026-07-18 09:07:49,295 [INFO] HTTP Request: POST https://integrate.api.nvidia.com/v1/chat/completions "HTTP/1.1 200 OK"
2026-07-18 09:07:49,301 [INFO] 제목 추출: 맞벌이 직장인, 고용보험 미가입자도 출산급여 150만원 받는 법
2026-07-18 09:07:49,302 [INFO] refinish_title 적용: 맞벌이 직장인, 고용보험 미가입자도 출산급여 150만원 신청 후기
2026-07-18 09:07:49,526 [INFO] [reviewer] ['Mimo 검수 실패: HTTPSConnectionPool(host=\'api.mimo.kr\', port=443): Max retries exceeded with url: /v2_5/complete (Caused by NameResolutionError("HTTPSConnection(host=\'api.mimo.kr\', port=443): Failed to resolve \'api.mimo.kr\' ([Errno 8] nodename nor servname provided, or not known)"))']
2026-07-18 09:07:49,527 [INFO] [validator] 수정됨: ['HEADING_MISSING:이란?', 'YEAR_REPLACED:2024']
2026-07-18 09:07:50,211 [INFO] 저장: /Users/twinssn/Projects/money-aikorea24/src/content/blog/맞벌이-직장인-고용보험-미가입자도-출산급여-150만원-신청-후기-000153.md
2026-07-18 09:07:50,213 [INFO] 발행 성공: 맞벌이 직장인, 고용보험 미가입자도 출산급여 150만원 신청 후기 | insurance | google/diffusiongemma-26b-a4b-it
2026-07-18 09:07:50,242 [INFO] 처리 중: 다문화가족 정착지원금 지원
2026-07-18 09:07:51,058 [INFO] HTTP Request: POST https://integrate.api.nvidia.com/v1/chat/completions "HTTP/1.1 200 OK"
2026-07-18 09:09:04,871 [INFO] HTTP Request: POST https://integrate.api.nvidia.com/v1/chat/completions "HTTP/1.1 200 OK"
2026-07-18 09:09:04,878 [INFO] 제목 추출: 무주택 직장인, 다문화 가족 정착지원금 20만원 챙기는 법 (2024년)
2026-07-18 09:09:04,879 [INFO] refinish_title 적용: 무주택 직장인, 다문화 가족 정착지원금 20만원 챙기는 법 (2024년) 5분 만에 정리
2026-07-18 09:09:04,886 [INFO] [reviewer] ['Mimo 검수 실패: HTTPSConnectionPool(host=\'api.mimo.kr\', port=443): Max retries exceeded with url: /v2_5/complete (Caused by NameResolutionError("HTTPSConnection(host=\'api.mimo.kr\', port=443): Failed to resolve \'api.mimo.kr\' ([Errno 8] nodename nor servname provided, or not known)"))']
2026-07-18 09:09:04,886 [INFO] [validator] 수정됨: ['HEADING_MISSING:이란?', 'YEAR_REPLACED:2024']
2026-07-18 09:09:05,856 [INFO] 저장: /Users/twinssn/Projects/money-aikorea24/src/content/blog/무주택-직장인-다문화-가족-정착지원금-20만원-챙기는-법-2024년-5분-만에-정리-000104.md
2026-07-18 09:09:05,858 [INFO] 발행 성공: 무주택 직장인, 다문화 가족 정착지원금 20만원 챙기는 법 (2024년) | loan | google/diffusiongemma-26b-a4b-it
2026-07-18 09:09:05,887 [INFO] 처리 중: 예술인ㆍ노무제공자 출산전후급여등
2026-07-18 09:09:06,712 [INFO] HTTP Request: POST https://integrate.api.nvidia.com/v1/chat/completions "HTTP/1.1 200 OK"
2026-07-18 09:10:39,287 [INFO] HTTP Request: POST https://integrate.api.nvidia.com/v1/chat/completions "HTTP/1.1 200 OK"
2026-07-18 09:10:39,295 [INFO] 제목 추출: 맞벌이 신혼부부를 위한 예술인 노무제공자 출산전후급여 신청 및 혜택 정리
2026-07-18 09:10:39,296 [INFO] refinish_title 적용: 맞벌이 신혼부부를 위한 예술인 노무제공자 출산전후급여 신청 및 혜택 정리 덜어주는 법
2026-07-18 09:10:39,302 [INFO] [reviewer] ['Mimo 검수 실패: HTTPSConnectionPool(host=\'api.mimo.kr\', port=443): Max retries exceeded with url: /v2_5/complete (Caused by NameResolutionError("HTTPSConnection(host=\'api.mimo.kr\', port=443): Failed to resolve \'api.mimo.kr\' ([Errno 8] nodename nor servname provided, or not known)"))']
2026-07-18 09:10:39,303 [INFO] [validator] 수정됨: ['HEADING_MISSING:이란?']
2026-07-18 09:10:39,774 [INFO] 저장: /Users/twinssn/Projects/money-aikorea24/src/content/blog/맞벌이-신혼부부를-위한-예술인-노무제공자-출산전후급여-신청-및-혜택-정리-덜어주는-법-005017.md
2026-07-18 09:10:39,777 [INFO] 발행 성공: 맞벌이 신혼부부를 위한 예술인 노무제공자 출산전후급여 신청 및 혜택 정리 | insurance | google/diffusiongemma-26b-a4b-it
2026-07-18 09:10:39,777 [INFO] 5건 발행 → 빌드/배포 시작
2026-07-18 09:12:17,236 [INFO] 배포 완료 (5건)
2026-07-18 09:12:17,237 [INFO] 파이프라인 종료 2026-07-18 09:12:17
2026-07-18 09:12:17,238 [INFO] 스케줄러 정상 종료
2026-07-19 09:00:04,074 [INFO] 스케줄러 시작
2026-07-19 09:00:04,740 [INFO] 파이프라인 시작 2026-07-19 09:00:04
2026-07-19 09:00:04,743 [INFO] 오늘 0건 발행됨, 5건 남음
2026-07-19 09:00:04,763 [INFO] 처리 중: 저소득층 에너지효율개선(난방지원)
2026-07-19 09:02:06,446 [INFO] Retrying request to /chat/completions in 0.469818 seconds
2026-07-19 09:04:07,260 [INFO] Retrying request to /chat/completions in 0.859517 seconds
2026-07-19 09:08:09,798 [INFO] Retrying request to /chat/completions in 0.486962 seconds
2026-07-19 09:10:10,530 [INFO] Retrying request to /chat/completions in 0.754503 seconds
2026-07-19 09:14:11,926 [INFO] Retrying request to /chat/completions in 0.389074 seconds
2026-07-19 09:16:12,666 [INFO] Retrying request to /chat/completions in 0.772659 seconds
2026-07-19 09:18:14,345 [INFO] HTTP Request: POST https://integrate.api.nvidia.com/v1/chat/completions "HTTP/1.1 200 OK"
2026-07-19 09:21:27,394 [INFO] Retrying request to /chat/completions in 0.403671 seconds
2026-07-19 09:22:58,122 [INFO] Retrying request to /chat/completions in 0.941030 seconds
2026-07-19 09:24:29,646 [INFO] HTTP Request: POST https://api.deepseek.com/v1/chat/completions "HTTP/1.1 200 OK"
2026-07-19 09:24:40,202 [INFO] 제목 추출: 서울 남자 40의 월 평균 소득 447만원, 에너지 효율 개선 지원받는 
2026-07-19 09:24:40,204 [INFO] refinish_title 적용: 서울 남자 40의 월 평균 소득 447만원, 에너지 효율 개선 지원 핵심 요약
2026-07-19 09:24:40,548 [INFO] [reviewer] ['Mimo 검수 실패: HTTPSConnectionPool(host=\'api.mimo.kr\', port=443): Max retries exceeded with url: /v2_5/complete (Caused by NameResolutionError("HTTPSConnection(host=\'api.mimo.kr\', port=443): Failed to resolve \'api.mimo.kr\' ([Errno 8] nodename nor servname provided, or not known)"))']
2026-07-19 09:24:40,550 [INFO] [validator] 수정됨: ['YEAR_REPLACED:2024']
2026-07-19 09:24:41,586 [INFO] 저장: /Users/twinssn/Projects/money-aikorea24/src/content/blog/서울-남자-40의-월-평균-소득-447만원-에너지-효율-개선-지원-핵심-요약-000006.md
2026-07-19 09:24:41,589 [INFO] 발행 성공: 서울 남자 40의 월 평균 소득 447만원, 에너지 효율 개선 지원 핵심 | loan | google/gemma-3n-e4b-it
2026-07-19 09:24:41,627 [INFO] 처리 중: 외국인 피해자 지원제도 안내·연계 서비스
2026-07-19 09:26:42,857 [INFO] Retrying request to /chat/completions in 0.399846 seconds
2026-07-19 09:28:43,587 [INFO] Retrying request to /chat/completions in 0.789736 seconds
2026-07-19 09:32:46,019 [INFO] Retrying request to /chat/completions in 0.425384 seconds
2026-07-19 09:34:46,786 [INFO] Retrying request to /chat/completions in 0.870656 seconds
2026-07-19 09:38:48,277 [INFO] Retrying request to /chat/completions in 0.407997 seconds
2026-07-19 09:40:48,950 [INFO] Retrying request to /chat/completions in 0.799145 seconds
2026-07-19 09:42:50,650 [INFO] HTTP Request: POST https://integrate.api.nvidia.com/v1/chat/completions "HTTP/1.1 200 OK"
2026-07-19 09:46:03,169 [INFO] Retrying request to /chat/completions in 0.410832 seconds
2026-07-19 09:47:33,901 [INFO] Retrying request to /chat/completions in 0.991417 seconds
2026-07-19 09:49:05,476 [INFO] HTTP Request: POST https://api.deepseek.com/v1/chat/completions "HTTP/1.1 200 OK"
2026-07-19 09:49:15,782 [INFO] 제목 추출: 30대 직장인, 외국인 피해 시 도움받을 수 있는 지원 제도 완벽 정리
2026-07-19 09:49:15,782 [INFO] refinish_title 적용: 30대 직장인, 외국인 피해 시 도움받을 수 있는 지원 제도 완벽 정리 꼭 챙기세요
2026-07-19 09:49:16,152 [INFO] [reviewer] ['Mimo 검수 실패: HTTPSConnectionPool(host=\'api.mimo.kr\', port=443): Max retries exceeded with url: /v2_5/complete (Caused by NameResolutionError("HTTPSConnection(host=\'api.mimo.kr\', port=443): Failed to resolve \'api.mimo.kr\' ([Errno 8] nodename nor servname provided, or not known)"))']
2026-07-19 09:49:16,153 [INFO] [validator] 수정됨: ['HEADING_MISSING:이란?', 'YEAR_REPLACED:2024']
2026-07-19 09:49:16,601 [INFO] 저장: /Users/twinssn/Projects/money-aikorea24/src/content/blog/30대-직장인-외국인-피해-시-도움받을-수-있는-지원-제도-완벽-정리-꼭-챙기세요-000003.md
2026-07-19 09:49:16,603 [INFO] 발행 성공: 30대 직장인, 외국인 피해 시 도움받을 수 있는 지원 제도 완벽 정리  | general | google/gemma-3n-e4b-it
2026-07-19 09:49:16,633 [INFO] 처리 중: 산재근로자 특별진찰
2026-07-19 09:51:17,761 [INFO] Retrying request to /chat/completions in 0.438045 seconds
2026-07-19 09:53:18,511 [INFO] Retrying request to /chat/completions in 0.944825 seconds
2026-07-19 09:57:21,041 [INFO] Retrying request to /chat/completions in 0.465266 seconds
2026-07-19 09:59:21,826 [INFO] Retrying request to /chat/completions in 0.843534 seconds
2026-07-19 10:00:42,104 [INFO] HTTP Request: POST https://integrate.api.nvidia.com/v1/chat/completions "HTTP/1.1 200 OK"
2026-07-19 10:02:20,105 [INFO] Retrying request to /chat/completions in 0.431549 seconds
2026-07-19 10:03:50,840 [INFO] Retrying request to /chat/completions in 0.761774 seconds
2026-07-19 10:05:22,265 [INFO] HTTP Request: POST https://api.deepseek.com/v1/chat/completions "HTTP/1.1 200 OK"
2026-07-19 10:05:32,214 [INFO] 제목 추출: 맞벌이 신혼부부를 위한 산재근로자 특별진찰, 재활 골든타임 잡는 법
2026-07-19 10:05:32,218 [INFO] refinish_title 적용: 맞벌이 신혼부부를 위한 산재근로자 특별진찰, 재활 골든타임 잡는 법 얼마나 받을까?
2026-07-19 10:05:32,590 [INFO] [reviewer] ['Mimo 검수 실패: HTTPSConnectionPool(host=\'api.mimo.kr\', port=443): Max retries exceeded with url: /v2_5/complete (Caused by NameResolutionError("HTTPSConnection(host=\'api.mimo.kr\', port=443): Failed to resolve \'api.mimo.kr\' ([Errno 8] nodename nor servname provided, or not known)"))']
2026-07-19 10:05:32,591 [INFO] [validator] 수정됨: ['HEADING_MISSING:이란?', 'YEAR_REPLACED:2024']
2026-07-19 10:05:33,139 [INFO] 저장: /Users/twinssn/Projects/money-aikorea24/src/content/blog/맞벌이-신혼부부를-위한-산재근로자-특별진찰-재활-골든타임-잡는-법-얼마나-받을까-005025.md
2026-07-19 10:05:33,143 [INFO] 발행 성공: 맞벌이 신혼부부를 위한 산재근로자 특별진찰, 재활 골든타임 잡는 법 얼마 | insurance | google/diffusiongemma-26b-a4b-it
2026-07-19 10:05:33,171 [INFO] 처리 중: 기초생활보장수급자 이사비용 지원
2026-07-19 10:07:34,238 [INFO] Retrying request to /chat/completions in 0.483062 seconds
2026-07-19 10:09:35,141 [INFO] Retrying request to /chat/completions in 0.892733 seconds
2026-07-19 10:13:37,712 [INFO] Retrying request to /chat/completions in 0.462327 seconds
2026-07-19 10:15:38,537 [INFO] Retrying request to /chat/completions in 0.945271 seconds
2026-07-19 10:19:40,041 [INFO] Retrying request to /chat/completions in 0.435148 seconds
2026-07-19 10:21:40,784 [INFO] Retrying request to /chat/completions in 0.758124 seconds
2026-07-19 10:23:42,527 [INFO] HTTP Request: POST https://integrate.api.nvidia.com/v1/chat/completions "HTTP/1.1 200 OK"
2026-07-19 10:26:22,820 [INFO] HTTP Request: POST https://integrate.api.nvidia.com/v1/chat/completions "HTTP/1.1 200 OK"
2026-07-19 10:26:22,843 [INFO] 제목 추출: 무주택 직장인, 삼척시 이사비용 지원금 받으는 법 (2024년 최신 정보
2026-07-19 10:26:22,844 [INFO] refinish_title 적용: 무주택 직장인, 삼척시 이사비용 지원금 받으는 법 (2024년 최신 정보) 지원받는 방법
2026-07-19 10:26:23,204 [INFO] [reviewer] ['Mimo 검수 실패: HTTPSConnectionPool(host=\'api.mimo.kr\', port=443): Max retries exceeded with url: /v2_5/complete (Caused by NameResolutionError("HTTPSConnection(host=\'api.mimo.kr\', port=443): Failed to resolve \'api.mimo.kr\' ([Errno 8] nodename nor servname provided, or not known)"))']
2026-07-19 10:26:23,205 [INFO] [validator] 수정됨: ['HEADING_MISSING:이란?', 'HEADING_MISSING:자주 묻는 질문', 'YEAR_REPLACED:2024']
2026-07-19 10:26:24,077 [INFO] 저장: /Users/twinssn/Projects/money-aikorea24/src/content/blog/무주택-직장인-삼척시-이사비용-지원금-받으는-법-2024년-최신-정보-지원받는-방법-000145.md
2026-07-19 10:26:24,081 [INFO] 발행 성공: 무주택 직장인, 삼척시 이사비용 지원금 받으는 법 (2024년 최신 정보 | loan | google/gemma-3n-e4b-it
2026-07-19 10:26:24,112 [INFO] 처리 중: 전입 축하선물 지원
2026-07-19 10:28:25,102 [INFO] Retrying request to /chat/completions in 0.481022 seconds
2026-07-19 10:30:25,908 [INFO] Retrying request to /chat/completions in 0.891754 seconds
2026-07-19 10:34:28,488 [INFO] Retrying request to /chat/completions in 0.488439 seconds
2026-07-19 10:36:29,361 [INFO] Retrying request to /chat/completions in 0.932154 seconds
2026-07-19 10:40:30,974 [INFO] Retrying request to /chat/completions in 0.413964 seconds
2026-07-19 10:42:31,786 [INFO] Retrying request to /chat/completions in 0.785639 seconds
2026-07-19 10:44:33,600 [INFO] HTTP Request: POST https://integrate.api.nvidia.com/v1/chat/completions "HTTP/1.1 200 OK"
2026-07-19 10:47:05,413 [INFO] HTTP Request: POST https://integrate.api.nvidia.com/v1/chat/completions "HTTP/1.1 200 OK"
2026-07-19 10:47:05,427 [INFO] 제목 추출: 만 35세 강원 남자, 전입 축하금 받으세요! 5만원 + 종량제 봉투까지
2026-07-19 10:47:05,428 [INFO] refinish_title 적용: 만 35세 강원 남자, 전입 축하금 받으세요! 5만원 + 종량제 봉투까지 A to Z
2026-07-19 10:47:05,434 [ERROR] 스케줄러 오류: list index out of range
Traceback (most recent call last):
  File "/Users/twinssn/Projects/money-aikorea24/scripts/auto-writer/scheduler.py", line 101, in run
    pipeline_run(dry_run=dry_run)
    ~~~~~~~~~~~~^^^^^^^^^^^^^^^^^
  File "/Users/twinssn/Projects/money-aikorea24/scripts/auto-writer/pipeline.py", line 267, in run
    body = insert_inline_ctas(body, service)
  File "/Users/twinssn/Projects/money-aikorea24/scripts/auto-writer/pipeline.py", line 150, in insert_inline_ctas
    body = body[:h2_starts[3]] + cta2 + body[h2_starts[3]:]
                 ~~~~~~~~~^^^
IndexError: list index out of range
2026-07-19 10:47:05,473 [ERROR] [ERROR] 스케줄러 크래시
`list index out of range`
2026-07-20 06:00:00,262 [INFO] 데이터 수집 시작 (--fetch)
2026-07-20 06:00:50,377 [INFO] 데이터 수집 완료
2026-07-20 09:00:00,540 [INFO] 스케줄러 시작
2026-07-20 09:00:01,349 [INFO] 파이프라인 시작 2026-07-20 09:00:01
2026-07-20 09:00:01,351 [INFO] 오늘 0건 발행됨, 5건 남음
2026-07-20 09:00:01,372 [INFO] 처리 중: 전입 축하선물 지원
2026-07-20 09:02:03,011 [INFO] Retrying request to /chat/completions in 0.410407 seconds
2026-07-20 09:04:03,723 [INFO] Retrying request to /chat/completions in 0.820943 seconds
2026-07-20 09:08:06,150 [INFO] Retrying request to /chat/completions in 0.406089 seconds
2026-07-20 09:10:06,899 [INFO] Retrying request to /chat/completions in 0.790905 seconds
2026-07-20 09:10:07,785 [INFO] Retrying request to /chat/completions in 0.394494 seconds
2026-07-20 09:10:08,432 [INFO] Retrying request to /chat/completions in 0.820132 seconds
2026-07-20 09:10:09,302 [INFO] Retrying request to /chat/completions in 0.417335 seconds
2026-07-20 09:10:09,790 [INFO] Retrying request to /chat/completions in 0.784745 seconds
2026-07-20 09:10:10,628 [INFO] Retrying request to /chat/completions in 0.436185 seconds
2026-07-20 09:10:11,728 [INFO] HTTP Request: POST https://api.deepseek.com/v1/chat/completions "HTTP/1.1 200 OK"
2026-07-20 09:12:01,977 [INFO] Retrying request to /chat/completions in 0.475404 seconds
2026-07-20 09:13:32,759 [INFO] Retrying request to /chat/completions in 0.910399 seconds
2026-07-20 09:15:04,240 [INFO] HTTP Request: POST https://api.deepseek.com/v1/chat/completions "HTTP/1.1 200 OK"
2026-07-20 09:15:15,244 [INFO] 제목 추출: 무주택 직장인, 홍천군 전입 축하선물 5만원 받는 법 (2025년 기준)
2026-07-20 09:15:15,245 [INFO] refinish_title 적용: 무주택 직장인, 홍천군 전입 축하선물 5만원 받는 법 (2025년 기준) 확인해 보세요
2026-07-20 09:15:15,599 [INFO] [reviewer] ['Mimo 검수 실패: HTTPSConnectionPool(host=\'api.mimo.kr\', port=443): Max retries exceeded with url: /v2_5/complete (Caused by NameResolutionError("HTTPSConnection(host=\'api.mimo.kr\', port=443): Failed to resolve \'api.mimo.kr\' ([Errno 8] nodename nor servname provided, or not known)"))']
2026-07-20 09:15:15,601 [INFO] [validator] 수정됨: ['HEADING_MISSING:이란?']
2026-07-20 09:15:16,363 [INFO] 저장: /Users/twinssn/Projects/money-aikorea24/src/content/blog/무주택-직장인-홍천군-전입-축하선물-5만원-받는-법-2025년-기준-확인해-보세요-000631.md
2026-07-20 09:15:16,368 [INFO] 발행 성공: 무주택 직장인, 홍천군 전입 축하선물 5만원 받는 법 (2025년 기준) | loan | deepseek-chat
2026-07-20 09:15:16,397 [INFO] 처리 중: 운전면허 적성검사 간소화 서비스 제공
2026-07-20 09:17:17,507 [INFO] Retrying request to /chat/completions in 0.441959 seconds
2026-07-20 09:19:18,375 [INFO] Retrying request to /chat/completions in 0.984239 seconds
2026-07-20 09:23:33,521 [INFO] Retrying request to /chat/completions in 0.421403 seconds
2026-07-20 09:25:34,520 [INFO] Retrying request to /chat/completions in 0.756576 seconds
2026-07-20 09:29:38,500 [INFO] Retrying request to /chat/completions in 0.396748 seconds
2026-07-20 09:31:39,303 [INFO] Retrying request to /chat/completions in 0.781493 seconds
2026-07-20 09:33:40,955 [INFO] HTTP Request: POST https://integrate.api.nvidia.com/v1/chat/completions "HTTP/1.1 200 OK"
2026-07-20 09:36:33,785 [INFO] HTTP Request: POST https://integrate.api.nvidia.com/v1/chat/completions "HTTP/1.1 200 OK"
2026-07-20 09:36:33,790 [INFO] 제목 추출: 30대 직장인, 운전면허 적성검사 비용 부담 없이 간편하게 갱신하는 법
2026-07-20 09:36:33,790 [INFO] refinish_title 적용: 30대 직장인, 운전면허 적성검사 비용 부담 없이 간편하게 갱신하는 법 지원받는 방법
2026-07-20 09:36:34,015 [INFO] [reviewer] ['Mimo 검수 실패: HTTPSConnectionPool(host=\'api.mimo.kr\', port=443): Max retries exceeded with url: /v2_5/complete (Caused by NameResolutionError("HTTPSConnection(host=\'api.mimo.kr\', port=443): Failed to resolve \'api.mimo.kr\' ([Errno 8] nodename nor servname provided, or not known)"))']
2026-07-20 09:36:34,016 [INFO] [validator] 수정됨: ['HEADING_MISSING:이란?', 'YEAR_REPLACED:2024']
2026-07-20 09:36:34,970 [INFO] 저장: /Users/twinssn/Projects/money-aikorea24/src/content/blog/30대-직장인-운전면허-적성검사-비용-부담-없이-간편하게-갱신하는-법-지원받는-방법-000006.md
2026-07-20 09:36:34,972 [INFO] 발행 성공: 30대 직장인, 운전면허 적성검사 비용 부담 없이 간편하게 갱신하는 법  | general | google/gemma-3n-e4b-it
2026-07-20 09:36:35,001 [INFO] 처리 중: 난임치료휴가 급여
2026-07-20 09:38:35,689 [INFO] Retrying request to /chat/completions in 0.424389 seconds
2026-07-20 09:40:36,402 [INFO] Retrying request to /chat/completions in 0.814572 seconds
2026-07-20 09:44:38,778 [INFO] Retrying request to /chat/completions in 0.388030 seconds
2026-07-20 09:46:39,418 [INFO] Retrying request to /chat/completions in 0.874924 seconds
2026-07-20 09:50:40,800 [INFO] Retrying request to /chat/completions in 0.412232 seconds
2026-07-20 09:52:41,500 [INFO] Retrying request to /chat/completions in 0.972499 seconds
2026-07-20 09:54:43,358 [INFO] HTTP Request: POST https://integrate.api.nvidia.com/v1/chat/completions "HTTP/1.1 200 OK"
2026-07-20 09:57:34,066 [INFO] HTTP Request: POST https://integrate.api.nvidia.com/v1/chat/completions "HTTP/1.1 200 OK"
2026-07-20 09:57:34,075 [INFO] 제목 추출: 맞벌이 신혼부부, 난임치료휴가 급여 받으실 수 있습니다!
2026-07-20 09:57:34,075 [INFO] refinish_title 적용: 맞벌이 신혼부부, 난임치료휴가 급여 받으실 수 있습니다! 총정리
2026-07-20 09:57:34,220 [INFO] [reviewer] ['Mimo 검수 실패: HTTPSConnectionPool(host=\'api.mimo.kr\', port=443): Max retries exceeded with url: /v2_5/complete (Caused by NameResolutionError("HTTPSConnection(host=\'api.mimo.kr\', port=443): Failed to resolve \'api.mimo.kr\' ([Errno 8] nodename nor servname provided, or not known)"))']
2026-07-20 09:57:34,221 [INFO] [validator] 수정됨: ['HEADING_MISSING:이란?']
2026-07-20 09:57:34,682 [INFO] 저장: /Users/twinssn/Projects/money-aikorea24/src/content/blog/맞벌이-신혼부부-난임치료휴가-급여-받으실-수-있습니다-총정리-005026.md
2026-07-20 09:57:34,686 [INFO] 발행 성공: 맞벌이 신혼부부, 난임치료휴가 급여 받으실 수 있습니다! 총정리 | insurance | google/gemma-3n-e4b-it
2026-07-20 09:57:34,713 [INFO] 처리 중: 횡성형 청년일자리(전입근로수당.정착지원금)
2026-07-20 09:59:35,290 [INFO] Retrying request to /chat/completions in 0.433406 seconds
2026-07-20 10:01:36,013 [INFO] Retrying request to /chat/completions in 0.755596 seconds
2026-07-20 10:02:41,239 [INFO] HTTP Request: POST https://integrate.api.nvidia.com/v1/chat/completions "HTTP/1.1 200 OK"
2026-07-20 10:04:18,803 [INFO] Retrying request to /chat/completions in 0.467030 seconds
2026-07-20 10:05:49,515 [INFO] Retrying request to /chat/completions in 0.813954 seconds
2026-07-20 10:07:20,847 [INFO] HTTP Request: POST https://api.deepseek.com/v1/chat/completions "HTTP/1.1 200 OK"
2026-07-20 10:07:29,363 [INFO] 제목 추출: 횡성으로 이주하는 무주택 직장인, 월 최대 50만 원 정착지원금 받는 법
2026-07-20 10:07:29,364 [INFO] refinish_title 적용: 횡성으로 이주하는 무주택 직장인, 월 최대 50만 원 정착지원금 3단계로 끝내기
2026-07-20 10:07:29,477 [INFO] [reviewer] ['Mimo 검수 실패: HTTPSConnectionPool(host=\'api.mimo.kr\', port=443): Max retries exceeded with url: /v2_5/complete (Caused by NameResolutionError("HTTPSConnection(host=\'api.mimo.kr\', port=443): Failed to resolve \'api.mimo.kr\' ([Errno 8] nodename nor servname provided, or not known)"))']
2026-07-20 10:07:29,478 [INFO] [validator] 수정됨: ['YEAR_REPLACED:2008']
2026-07-20 10:07:29,939 [INFO] 저장: /Users/twinssn/Projects/money-aikorea24/src/content/blog/횡성으로-이주하는-무주택-직장인-월-최대-50만-원-정착지원금-3단계로-끝내기-000003.md
2026-07-20 10:07:29,942 [INFO] 발행 성공: 횡성으로 이주하는 무주택 직장인, 월 최대 50만 원 정착지원금 3단계로 | loan | google/diffusiongemma-26b-a4b-it
2026-07-20 10:07:29,968 [INFO] 처리 중: HPV 국가예방접종사업
2026-07-20 10:09:30,713 [INFO] Retrying request to /chat/completions in 0.488228 seconds
2026-07-20 10:11:31,488 [INFO] Retrying request to /chat/completions in 0.786579 seconds
2026-07-20 10:15:33,787 [INFO] Retrying request to /chat/completions in 0.477524 seconds
2026-07-20 10:17:34,578 [INFO] Retrying request to /chat/completions in 0.995018 seconds
2026-07-20 10:21:36,015 [INFO] Retrying request to /chat/completions in 0.478143 seconds
2026-07-20 10:23:36,780 [INFO] Retrying request to /chat/completions in 0.895017 seconds
2026-07-20 10:25:38,548 [INFO] HTTP Request: POST https://integrate.api.nvidia.com/v1/chat/completions "HTTP/1.1 200 OK"
2026-07-20 10:28:35,717 [INFO] HTTP Request: POST https://integrate.api.nvidia.com/v1/chat/completions "HTTP/1.1 200 OK"
2026-07-20 10:28:35,720 [INFO] 제목 추출: 맞벌이 신혼부부, 자녀 건강 지키는 HPV 국가예방접종 지원금 받으세요!
2026-07-20 10:28:35,721 [INFO] refinish_title 적용: 맞벌이 신혼부부, 자녀 건강 지키는 HPV 국가예방접종 지원금 받으세요! 실제 혜택 비교
2026-07-20 10:28:35,840 [INFO] [reviewer] ['Mimo 검수 실패: HTTPSConnectionPool(host=\'api.mimo.kr\', port=443): Max retries exceeded with url: /v2_5/complete (Caused by NameResolutionError("HTTPSConnection(host=\'api.mimo.kr\', port=443): Failed to resolve \'api.mimo.kr\' ([Errno 8] nodename nor servname provided, or not known)"))']
2026-07-20 10:28:35,841 [INFO] [validator] 수정됨: ['HEADING_MISSING:조건', 'YEAR_REPLACED:2013,2014']
2026-07-20 10:28:36,237 [INFO] 저장: /Users/twinssn/Projects/money-aikorea24/src/content/blog/맞벌이-신혼부부-자녀-건강-지키는-HPV-국가예방접종-지원금-받으세요-실제-혜택-비교-700004.md
2026-07-20 10:28:36,241 [INFO] 발행 성공: 맞벌이 신혼부부, 자녀 건강 지키는 HPV 국가예방접종 지원금 받으세요! | insurance | google/gemma-3n-e4b-it
2026-07-20 10:28:36,241 [INFO] 5건 발행 → 빌드/배포 시작
2026-07-20 10:30:13,069 [INFO] 배포 완료 (5건)
2026-07-20 10:30:13,069 [INFO] 파이프라인 종료 2026-07-20 10:30:13
2026-07-20 10:30:13,070 [INFO] 스케줄러 정상 종료
2026-07-21 09:00:03,845 [INFO] 스케줄러 시작
2026-07-21 09:00:04,497 [INFO] 파이프라인 시작 2026-07-21 09:00:04
2026-07-21 09:00:04,499 [INFO] 오늘 0건 발행됨, 5건 남음
2026-07-21 09:00:04,529 [INFO] 처리 중: 귀농인 영농 정착 지원
2026-07-21 09:00:04,529 [INFO] [SKIP] 부적합 키워드: 귀농인 영농 정착 지원
2026-07-21 09:00:04,535 [INFO] 처리 중: 전입장려금
2026-07-21 09:02:06,360 [INFO] Retrying request to /chat/completions in 0.459028 seconds
2026-07-21 09:04:07,152 [INFO] Retrying request to /chat/completions in 0.784413 seconds
2026-07-21 09:08:09,662 [INFO] Retrying request to /chat/completions in 0.495933 seconds
2026-07-21 09:10:10,486 [INFO] Retrying request to /chat/completions in 0.828603 seconds
2026-07-21 09:14:11,901 [INFO] Retrying request to /chat/completions in 0.481232 seconds
2026-07-21 09:16:12,710 [INFO] Retrying request to /chat/completions in 0.786114 seconds
2026-07-21 09:18:14,426 [INFO] HTTP Request: POST https://integrate.api.nvidia.com/v1/chat/completions "HTTP/1.1 200 OK"
2026-07-21 09:21:35,461 [INFO] HTTP Request: POST https://integrate.api.nvidia.com/v1/chat/completions "HTTP/1.1 200 OK"
2026-07-21 09:21:35,492 [INFO] 제목 추출: 만 35세 강원도 직장인, 전입장려금 받아서 주거 안정 찾기!
2026-07-21 09:21:35,492 [INFO] refinish_title 적용: 만 35세 강원도 직장인, 전입장려금 받아서 주거 안정 찾기! 총정리
2026-07-21 09:21:35,998 [INFO] [reviewer] ['Mimo 검수 실패: HTTPSConnectionPool(host=\'api.mimo.kr\', port=443): Max retries exceeded with url: /v2_5/complete (Caused by NameResolutionError("HTTPSConnection(host=\'api.mimo.kr\', port=443): Failed to resolve \'api.mimo.kr\' ([Errno 8] nodename nor servname provided, or not known)"))']
2026-07-21 09:21:36,000 [INFO] [validator] 수정됨: ['HEADING_MISSING:이란?', 'YEAR_REPLACED:2024']
2026-07-21 09:21:36,920 [INFO] 저장: /Users/twinssn/Projects/money-aikorea24/src/content/blog/만-35세-강원도-직장인-전입장려금-받아서-주거-안정-찾기-총정리-000266.md
2026-07-21 09:21:36,925 [INFO] 발행 성공: 만 35세 강원도 직장인, 전입장려금 받아서 주거 안정 찾기! 총정리 | loan | google/gemma-3n-e4b-it
2026-07-21 09:21:36,955 [INFO] 처리 중: 범죄피해자 보호·지원
2026-07-21 09:23:38,569 [INFO] Retrying request to /chat/completions in 0.471238 seconds
2026-07-21 09:25:39,408 [INFO] Retrying request to /chat/completions in 0.872573 seconds
2026-07-21 09:29:41,966 [INFO] Retrying request to /chat/completions in 0.386613 seconds
2026-07-21 09:31:42,793 [INFO] Retrying request to /chat/completions in 0.803744 seconds
2026-07-21 09:33:44,997 [INFO] HTTP Request: POST https://integrate.api.nvidia.com/v1/chat/completions "HTTP/1.1 200 OK"
2026-07-21 09:36:16,943 [INFO] Retrying request to /chat/completions in 0.416095 seconds
2026-07-21 09:37:47,727 [INFO] Retrying request to /chat/completions in 0.774609 seconds
2026-07-21 09:39:19,117 [INFO] HTTP Request: POST https://api.deepseek.com/v1/chat/completions "HTTP/1.1 200 OK"
2026-07-21 09:39:30,224 [INFO] refinish_title 적용: 범죄피해자 보호·지원 지원받는 방법
2026-07-21 09:39:30,674 [INFO] [reviewer] ['Mimo 검수 실패: HTTPSConnectionPool(host=\'api.mimo.kr\', port=443): Max retries exceeded with url: /v2_5/complete (Caused by NameResolutionError("HTTPSConnection(host=\'api.mimo.kr\', port=443): Failed to resolve \'api.mimo.kr\' ([Errno 8] nodename nor servname provided, or not known)"))']
2026-07-21 09:39:30,675 [INFO] [validator] 수정됨: ['HEADING_MISSING:이란?', 'HEADING_MISSING:조건', 'YEAR_REPLACED:2024']
2026-07-21 09:39:31,227 [INFO] 저장: /Users/twinssn/Projects/money-aikorea24/src/content/blog/범죄피해자-보호지원-지원받는-방법-000008.md
2026-07-21 09:39:31,231 [INFO] 발행 성공: 범죄피해자 보호·지원 지원받는 방법 | general | google/gemma-4-31b-it
2026-07-21 09:39:31,265 [INFO] 처리 중: 귀농인 정착 지원
2026-07-21 09:39:31,265 [INFO] [SKIP] 부적합 키워드: 귀농인 정착 지원
2026-07-21 09:39:31,279 [INFO] 처리 중: 보호종료아동 자립정착금 지원
2026-07-21 09:39:31,280 [INFO] [SKIP] 부적합 키워드: 보호종료아동 자립정착금 지원
2026-07-21 09:39:31,281 [INFO] 2건 발행 → 빌드/배포 시작
2026-07-21 09:41:05,531 [INFO] 배포 완료 (2건)
2026-07-21 09:41:05,533 [INFO] 파이프라인 종료 2026-07-21 09:41:05
2026-07-21 09:41:05,533 [INFO] 스케줄러 정상 종료
2026-07-22 09:00:05,105 [INFO] 스케줄러 시작
2026-07-22 09:00:05,773 [INFO] 파이프라인 시작 2026-07-22 09:00:05
2026-07-22 09:00:05,776 [INFO] 오늘 0건 발행됨, 5건 남음
2026-07-22 09:00:05,798 [INFO] 처리 중: 귀농인 농가주택설계비 지원
2026-07-22 09:00:07,559 [INFO] HTTP Request: POST https://integrate.api.nvidia.com/v1/chat/completions "HTTP/1.1 200 OK"
2026-07-22 09:01:40,547 [INFO] Retrying request to /chat/completions in 0.386478 seconds
2026-07-22 09:03:11,241 [INFO] Retrying request to /chat/completions in 0.928854 seconds
2026-07-22 09:04:42,721 [INFO] HTTP Request: POST https://api.deepseek.com/v1/chat/completions "HTTP/1.1 200 OK"
2026-07-22 09:04:50,717 [INFO] 제목 추출: 무주택 직장인, 철원군 귀농인 농가주택 설계비 지원으로 초기 비용 아끼는
2026-07-22 09:04:50,718 [INFO] refinish_title 적용: 무주택 직장인, 철원군 귀농인 농가주택 설계비 지원으로 초기 비용 아끼는 법 핵심 요약
2026-07-22 09:04:51,056 [INFO] [reviewer] ['Mimo 검수 실패: HTTPSConnectionPool(host=\'api.mimo.kr\', port=443): Max retries exceeded with url: /v2_5/complete (Caused by NameResolutionError("HTTPSConnection(host=\'api.mimo.kr\', port=443): Failed to resolve \'api.mimo.kr\' ([Errno 8] nodename nor servname provided, or not known)"))']
2026-07-22 09:04:51,057 [INFO] [validator] 수정됨: ['HEADING_MISSING:이란?', 'HEADING_MISSING:방법', 'YEAR_REPLACED:2024']
2026-07-22 09:04:51,876 [INFO] 저장: /Users/twinssn/Projects/money-aikorea24/src/content/blog/무주택-직장인-철원군-귀농인-농가주택-설계비-지원으로-초기-비용-아끼는-법-핵심-요약-000149.md
2026-07-22 09:04:51,879 [INFO] 발행 성공: 무주택 직장인, 철원군 귀농인 농가주택 설계비 지원으로 초기 비용 아끼는 | loan | google/diffusiongemma-26b-a4b-it
2026-07-22 09:04:51,905 [INFO] 처리 중: 56세 C형간염 확진검사비 지원
2026-07-22 09:04:53,057 [INFO] HTTP Request: POST https://integrate.api.nvidia.com/v1/chat/completions "HTTP/1.1 200 OK"
2026-07-22 09:06:26,443 [INFO] Retrying request to /chat/completions in 0.378608 seconds
2026-07-22 09:07:57,134 [INFO] Retrying request to /chat/completions in 0.906265 seconds
2026-07-22 09:09:28,589 [INFO] HTTP Request: POST https://api.deepseek.com/v1/chat/completions "HTTP/1.1 200 OK"
2026-07-22 09:09:37,067 [INFO] 제목 추출: 1970년생 맞벌이 신혼부부 C형간염 확진검사비 7만원 지원받는 법
2026-07-22 09:09:37,068 [INFO] refinish_title 적용: 1970년생 맞벌이 신혼부부 C형간염 확진검사비 7만원 지원 받을 수 있습니다
2026-07-22 09:09:37,401 [INFO] [reviewer] ['Mimo 검수 실패: HTTPSConnectionPool(host=\'api.mimo.kr\', port=443): Max retries exceeded with url: /v2_5/complete (Caused by NameResolutionError("HTTPSConnection(host=\'api.mimo.kr\', port=443): Failed to resolve \'api.mimo.kr\' ([Errno 8] nodename nor servname provided, or not known)"))']
2026-07-22 09:09:37,402 [INFO] [validator] 수정됨: ['HEADING_MISSING:이란?']
2026-07-22 09:09:37,819 [INFO] 저장: /Users/twinssn/Projects/money-aikorea24/src/content/blog/1970년생-맞벌이-신혼부부-C형간염-확진검사비-7만원-지원-받을-수-있습니다-700008.md
2026-07-22 09:09:37,821 [INFO] 발행 성공: 1970년생 맞벌이 신혼부부 C형간염 확진검사비 7만원 지원 받을 수 있 | insurance | google/diffusiongemma-26b-a4b-it
2026-07-22 09:09:37,846 [INFO] 처리 중: 저소득층 전세자금 및 창업자금 융자지원
2026-07-22 09:09:39,224 [INFO] HTTP Request: POST https://integrate.api.nvidia.com/v1/chat/completions "HTTP/1.1 200 OK"
2026-07-22 09:11:12,701 [INFO] Retrying request to /chat/completions in 0.441472 seconds
2026-07-22 09:12:43,503 [INFO] Retrying request to /chat/completions in 0.917395 seconds
2026-07-22 09:14:15,123 [INFO] HTTP Request: POST https://api.deepseek.com/v1/chat/completions "HTTP/1.1 200 OK"
2026-07-22 09:14:23,106 [INFO] 제목 추출: 무주택 직장인, 양구군 저소득층 전세·창업자금 대출 혜택 받는 법
2026-07-22 09:14:23,106 [INFO] refinish_title 적용: 무주택 직장인, 양구군 저소득층 전세·창업자금 대출 혜택 챙기는 법
2026-07-22 09:14:23,440 [INFO] [reviewer] ['Mimo 검수 실패: HTTPSConnectionPool(host=\'api.mimo.kr\', port=443): Max retries exceeded with url: /v2_5/complete (Caused by NameResolutionError("HTTPSConnection(host=\'api.mimo.kr\', port=443): Failed to resolve \'api.mimo.kr\' ([Errno 8] nodename nor servname provided, or not known)"))']
2026-07-22 09:14:23,441 [INFO] [validator] 수정됨: ['HEADING_MISSING:이란?', 'YEAR_REPLACED:2024']
2026-07-22 09:14:23,959 [INFO] 저장: /Users/twinssn/Projects/money-aikorea24/src/content/blog/무주택-직장인-양구군-저소득층-전세창업자금-대출-혜택-챙기는-법-000239.md
2026-07-22 09:14:23,961 [INFO] 발행 성공: 무주택 직장인, 양구군 저소득층 전세·창업자금 대출 혜택 챙기는 법 | loan | google/diffusiongemma-26b-a4b-it
2026-07-22 09:14:23,986 [INFO] 처리 중: 참고인 여비 지급
2026-07-22 09:14:25,366 [INFO] HTTP Request: POST https://integrate.api.nvidia.com/v1/chat/completions "HTTP/1.1 200 OK"
2026-07-22 09:15:59,349 [INFO] Retrying request to /chat/completions in 0.435794 seconds
2026-07-22 09:17:30,080 [INFO] Retrying request to /chat/completions in 0.866611 seconds
2026-07-22 09:19:01,561 [INFO] HTTP Request: POST https://api.deepseek.com/v1/chat/completions "HTTP/1.1 200 OK"
2026-07-22 09:19:11,644 [INFO] 제목 추출: 30대 직장인, 경찰서 출석 시 교통비와 식비 지원받는 법
2026-07-22 09:19:11,646 [INFO] refinish_title 적용: 30대 직장인, 경찰서 출석 시 교통비와 식비 지원 총정리
2026-07-22 09:19:12,000 [INFO] [reviewer] ['Mimo 검수 실패: HTTPSConnectionPool(host=\'api.mimo.kr\', port=443): Max retries exceeded with url: /v2_5/complete (Caused by NameResolutionError("HTTPSConnection(host=\'api.mimo.kr\', port=443): Failed to resolve \'api.mimo.kr\' ([Errno 8] nodename nor servname provided, or not known)"))']
2026-07-22 09:19:12,000 [INFO] [validator] 수정됨: ['HEADING_MISSING:이란?', 'YEAR_REPLACED:2024']
2026-07-22 09:19:12,498 [INFO] 저장: /Users/twinssn/Projects/money-aikorea24/src/content/blog/30대-직장인-경찰서-출석-시-교통비와-식비-지원-총정리-000009.md
2026-07-22 09:19:12,501 [INFO] 발행 성공: 30대 직장인, 경찰서 출석 시 교통비와 식비 지원 총정리 | general | google/diffusiongemma-26b-a4b-it
2026-07-22 09:19:12,569 [INFO] 처리 중: 국가보훈대상자 자녀 등 양육지원
2026-07-22 09:19:13,727 [INFO] HTTP Request: POST https://integrate.api.nvidia.com/v1/chat/completions "HTTP/1.1 200 OK"
2026-07-22 09:20:47,097 [INFO] Retrying request to /chat/completions in 0.436849 seconds
2026-07-22 09:22:17,820 [INFO] Retrying request to /chat/completions in 0.878742 seconds
2026-07-22 09:23:49,298 [INFO] HTTP Request: POST https://api.deepseek.com/v1/chat/completions "HTTP/1.1 200 OK"
2026-07-22 09:23:57,298 [INFO] 제목 추출: 맞벌이 신혼부부, 자녀 양육 부담 덜어주는 보훈원 지원 혜택 확인하기
2026-07-22 09:23:57,300 [INFO] refinish_title 적용: 맞벌이 신혼부부, 자녀 양육 부담 덜어주는 보훈원 지원 혜택 확인하기 2025년 버전
2026-07-22 09:23:57,516 [INFO] [reviewer] ['Mimo 검수 실패: HTTPSConnectionPool(host=\'api.mimo.kr\', port=443): Max retries exceeded with url: /v2_5/complete (Caused by NameResolutionError("HTTPSConnection(host=\'api.mimo.kr\', port=443): Failed to resolve \'api.mimo.kr\' ([Errno 8] nodename nor servname provided, or not known)"))']
2026-07-22 09:23:57,517 [INFO] [validator] 수정됨: ['HEADING_MISSING:이란?', 'HEADING_MISSING:방법', 'YEAR_REPLACED:2024']
2026-07-22 09:23:57,934 [INFO] 저장: /Users/twinssn/Projects/money-aikorea24/src/content/blog/맞벌이-신혼부부-자녀-양육-부담-덜어주는-보훈원-지원-혜택-확인하기-2025년-버전-000019.md
2026-07-22 09:23:57,936 [INFO] 발행 성공: 맞벌이 신혼부부, 자녀 양육 부담 덜어주는 보훈원 지원 혜택 확인하기 2 | insurance | google/diffusiongemma-26b-a4b-it
2026-07-22 09:23:57,936 [INFO] 5건 발행 → 빌드/배포 시작
2026-07-22 09:25:30,065 [INFO] 배포 완료 (5건)
2026-07-22 09:25:30,067 [INFO] 파이프라인 종료 2026-07-22 09:25:30
2026-07-22 09:25:30,067 [INFO] 스케줄러 정상 종료
2026-07-23 09:00:02,588 [INFO] 스케줄러 시작
2026-07-23 09:00:03,361 [INFO] 파이프라인 시작 2026-07-23 09:00:03
2026-07-23 09:00:03,363 [INFO] 오늘 0건 발행됨, 5건 남음
2026-07-23 09:00:03,384 [INFO] 처리 중: 전입자 인센티브 지원
2026-07-23 09:02:04,726 [INFO] Retrying request to /chat/completions in 0.471552 seconds
2026-07-23 09:04:05,479 [INFO] Retrying request to /chat/completions in 0.872791 seconds
2026-07-23 09:07:26,972 [INFO] HTTP Request: POST https://integrate.api.nvidia.com/v1/chat/completions "HTTP/1.1 200 OK"
2026-07-23 09:09:07,352 [INFO] Retrying request to /chat/completions in 0.474948 seconds
2026-07-23 09:10:38,120 [INFO] Retrying request to /chat/completions in 0.825137 seconds
2026-07-23 09:12:09,465 [INFO] HTTP Request: POST https://api.deepseek.com/v1/chat/completions "HTTP/1.1 200 OK"
2026-07-23 09:12:19,993 [INFO] 제목 추출: 무주택 직장인, 인제군 전입 시 최대 30만 원 정착지원금 혜택 받는 법
2026-07-23 09:12:19,993 [INFO] refinish_title 적용: 무주택 직장인, 인제군 전입 시 최대 30만 원 정착지원금 혜택 덜어주는 법
2026-07-23 09:12:20,227 [INFO] [reviewer] ['Mimo 검수 실패: HTTPSConnectionPool(host=\'api.mimo.kr\', port=443): Max retries exceeded with url: /v2_5/complete (Caused by NameResolutionError("HTTPSConnection(host=\'api.mimo.kr\', port=443): Failed to resolve \'api.mimo.kr\' ([Errno 8] nodename nor servname provided, or not known)"))']
2026-07-23 09:12:20,229 [INFO] [validator] 수정됨: ['HEADING_MISSING:이란?', 'YEAR_REPLACED:2024']
2026-07-23 09:12:20,963 [INFO] 저장: /Users/twinssn/Projects/money-aikorea24/src/content/blog/무주택-직장인-인제군-전입-시-최대-30만-원-정착지원금-혜택-덜어주는-법-000128.md
2026-07-23 09:12:20,966 [INFO] 발행 성공: 무주택 직장인, 인제군 전입 시 최대 30만 원 정착지원금 혜택 덜어주는 | loan | google/diffusiongemma-26b-a4b-it
2026-07-23 09:12:20,994 [INFO] 처리 중: 주택 도시가스 보급사업
2026-07-23 09:14:21,737 [INFO] Retrying request to /chat/completions in 0.404932 seconds
2026-07-23 09:16:22,432 [INFO] Retrying request to /chat/completions in 0.758882 seconds
2026-07-23 09:20:24,793 [INFO] Retrying request to /chat/completions in 0.462007 seconds
2026-07-23 09:22:25,551 [INFO] Retrying request to /chat/completions in 0.908300 seconds
2026-07-23 09:24:27,817 [INFO] HTTP Request: POST https://integrate.api.nvidia.com/v1/chat/completions "HTTP/1.1 200 OK"
2026-07-23 09:27:29,516 [INFO] Retrying request to /chat/completions in 0.477928 seconds
2026-07-23 09:29:00,287 [INFO] Retrying request to /chat/completions in 0.766850 seconds
2026-07-23 09:30:31,550 [INFO] HTTP Request: POST https://api.deepseek.com/v1/chat/completions "HTTP/1.1 200 OK"
2026-07-23 09:30:44,173 [INFO] refinish_title 적용: 주택 도시가스 보급사업 놓치면 아까운
2026-07-23 09:30:44,295 [INFO] [reviewer] ['Mimo 검수 실패: HTTPSConnectionPool(host=\'api.mimo.kr\', port=443): Max retries exceeded with url: /v2_5/complete (Caused by NameResolutionError("HTTPSConnection(host=\'api.mimo.kr\', port=443): Failed to resolve \'api.mimo.kr\' ([Errno 8] nodename nor servname provided, or not known)"))']
2026-07-23 09:30:44,296 [INFO] [validator] 수정됨: ['HEADING_MISSING:이란?', 'YEAR_REPLACED:2024']
2026-07-23 09:30:44,763 [INFO] 저장: /Users/twinssn/Projects/money-aikorea24/src/content/blog/주택-도시가스-보급사업-놓치면-아까운-000828.md
2026-07-23 09:30:44,767 [INFO] 발행 성공: 주택 도시가스 보급사업 놓치면 아까운 | loan | google/gemma-4-31b-it
2026-07-23 09:30:44,799 [INFO] 처리 중: 임산부 건강관리 지원
2026-07-23 09:32:45,601 [INFO] Retrying request to /chat/completions in 0.397752 seconds
2026-07-23 09:34:46,460 [INFO] Retrying request to /chat/completions in 0.939231 seconds
2026-07-23 09:38:49,014 [INFO] Retrying request to /chat/completions in 0.435585 seconds
2026-07-23 09:40:49,751 [INFO] Retrying request to /chat/completions in 0.853201 seconds
2026-07-23 09:44:51,157 [INFO] Retrying request to /chat/completions in 0.448067 seconds
2026-07-23 09:46:51,904 [INFO] Retrying request to /chat/completions in 0.762893 seconds
2026-07-23 09:48:53,666 [INFO] HTTP Request: POST https://integrate.api.nvidia.com/v1/chat/completions "HTTP/1.1 200 OK"
2026-07-23 09:51:40,548 [INFO] HTTP Request: POST https://integrate.api.nvidia.com/v1/chat/completions "HTTP/1.1 200 OK"
2026-07-23 09:51:40,561 [INFO] 제목 추출: 만 35세 맞벌이 신혼부부, 종로구에서 받을 수 있는 임산부 건강관리 지
2026-07-23 09:51:40,561 [INFO] refinish_title 적용: 만 35세 맞벌이 신혼부부, 종로구에서 받을 수 있는 임산부 건강관리 지원금 완벽 정리 꼭
2026-07-23 09:51:40,814 [INFO] [reviewer] ['Mimo 검수 실패: HTTPSConnectionPool(host=\'api.mimo.kr\', port=443): Max retries exceeded with url: /v2_5/complete (Caused by NameResolutionError("HTTPSConnection(host=\'api.mimo.kr\', port=443): Failed to resolve \'api.mimo.kr\' ([Errno 8] nodename nor servname provided, or not known)"))']
2026-07-23 09:51:40,815 [INFO] [validator] 수정됨: ['HEADING_MISSING:이란?', 'YEAR_REPLACED:2024']
2026-07-23 09:51:41,239 [INFO] 저장: /Users/twinssn/Projects/money-aikorea24/src/content/blog/만-35세-맞벌이-신혼부부-종로구에서-받을-수-있는-임산부-건강관리-지원금-완벽-정리-꼭-챙기세요-000101.md
2026-07-23 09:51:41,243 [INFO] 발행 성공: 만 35세 맞벌이 신혼부부, 종로구에서 받을 수 있는 임산부 건강관리 지 | insurance | google/gemma-3n-e4b-it
2026-07-23 09:51:41,279 [INFO] 처리 중: 교육급여
2026-07-23 09:53:41,912 [INFO] Retrying request to /chat/completions in 0.495548 seconds
2026-07-23 09:55:42,717 [INFO] Retrying request to /chat/completions in 0.906108 seconds
2026-07-23 09:59:45,224 [INFO] Retrying request to /chat/completions in 0.400719 seconds
2026-07-23 10:01:45,926 [INFO] Retrying request to /chat/completions in 0.906427 seconds
2026-07-23 10:03:51,414 [INFO] HTTP Request: POST https://integrate.api.nvidia.com/v1/chat/completions "HTTP/1.1 200 OK"
2026-07-23 10:06:35,127 [INFO] Retrying request to /chat/completions in 0.496512 seconds
2026-07-23 10:08:05,920 [INFO] Retrying request to /chat/completions in 0.811430 seconds
2026-07-23 10:09:37,325 [INFO] HTTP Request: POST https://api.deepseek.com/v1/chat/completions "HTTP/1.1 200 OK"
2026-07-23 10:09:50,023 [INFO] refinish_title 적용: 교육급여 총정리
2026-07-23 10:09:50,253 [INFO] [reviewer] ['Mimo 검수 실패: HTTPSConnectionPool(host=\'api.mimo.kr\', port=443): Max retries exceeded with url: /v2_5/complete (Caused by NameResolutionError("HTTPSConnection(host=\'api.mimo.kr\', port=443): Failed to resolve \'api.mimo.kr\' ([Errno 8] nodename nor servname provided, or not known)"))']
2026-07-23 10:09:50,254 [INFO] [validator] 수정됨: ['HEADING_MISSING:이란?']
2026-07-23 10:09:50,629 [INFO] 저장: /Users/twinssn/Projects/money-aikorea24/src/content/blog/교육급여-총정리-000003.md
2026-07-23 10:09:50,631 [INFO] 발행 성공: 교육급여 총정리 | general | google/gemma-4-31b-it
2026-07-23 10:09:50,657 [INFO] 처리 중: 자활사업 지원
2026-07-23 10:11:51,540 [INFO] Retrying request to /chat/completions in 0.478783 seconds
2026-07-23 10:13:52,316 [INFO] Retrying request to /chat/completions in 0.980709 seconds
2026-07-23 10:17:54,856 [INFO] Retrying request to /chat/completions in 0.468837 seconds
2026-07-23 10:19:55,606 [INFO] Retrying request to /chat/completions in 0.841680 seconds
2026-07-23 10:22:43,094 [INFO] HTTP Request: POST https://integrate.api.nvidia.com/v1/chat/completions "HTTP/1.1 200 OK"
2026-07-23 10:25:53,814 [INFO] Retrying request to /chat/completions in 0.419999 seconds
2026-07-23 10:27:24,540 [INFO] Retrying request to /chat/completions in 0.975492 seconds
2026-07-23 10:28:56,341 [INFO] HTTP Request: POST https://api.deepseek.com/v1/chat/completions "HTTP/1.1 200 OK"
2026-07-23 10:29:15,564 [INFO] refinish_title 적용: 자활사업 지원 아낄 수 있는 법
2026-07-23 10:29:15,683 [INFO] [reviewer] ['Mimo 검수 실패: HTTPSConnectionPool(host=\'api.mimo.kr\', port=443): Max retries exceeded with url: /v2_5/complete (Caused by NameResolutionError("HTTPSConnection(host=\'api.mimo.kr\', port=443): Failed to resolve \'api.mimo.kr\' ([Errno 8] nodename nor servname provided, or not known)"))']
2026-07-23 10:29:15,684 [INFO] [validator] 수정됨: ['HEADING_MISSING:이란?', 'YEAR_REPLACED:2024']
2026-07-23 10:29:16,330 [INFO] 저장: /Users/twinssn/Projects/money-aikorea24/src/content/blog/자활사업-지원-아낄-수-있는-법-000830.md
2026-07-23 10:29:16,336 [INFO] 발행 성공: 자활사업 지원 아낄 수 있는 법 | loan | google/gemma-4-31b-it
2026-07-23 10:29:16,337 [INFO] 5건 발행 → 빌드/배포 시작
2026-07-23 10:31:09,578 [INFO] 배포 완료 (5건)
2026-07-23 10:31:09,580 [INFO] 파이프라인 종료 2026-07-23 10:31:09
2026-07-23 10:31:09,580 [INFO] 스케줄러 정상 종료
2026-07-24 09:00:03,844 [INFO] 스케줄러 시작
2026-07-24 09:00:04,974 [INFO] 파이프라인 시작 2026-07-24 09:00:04
2026-07-24 09:00:04,976 [INFO] 오늘 0건 발행됨, 5건 남음
2026-07-24 09:00:05,006 [INFO] 처리 중: 저소득주민 국민건강보험료 지원
2026-07-24 09:02:06,340 [INFO] Retrying request to /chat/completions in 0.499762 seconds
2026-07-24 09:04:07,159 [INFO] Retrying request to /chat/completions in 0.918439 seconds
2026-07-24 09:08:09,680 [INFO] Retrying request to /chat/completions in 0.471235 seconds
2026-07-24 09:10:10,419 [INFO] Retrying request to /chat/completions in 0.873379 seconds
2026-07-24 09:14:11,799 [INFO] Retrying request to /chat/completions in 0.429498 seconds
2026-07-24 09:16:09,300 [INFO] HTTP Request: POST https://integrate.api.nvidia.com/v1/chat/completions "HTTP/1.1 200 OK"
2026-07-24 09:19:17,877 [INFO] Retrying request to /chat/completions in 0.420618 seconds
2026-07-24 09:20:48,548 [INFO] Retrying request to /chat/completions in 0.922358 seconds
2026-07-24 09:22:19,985 [INFO] HTTP Request: POST https://api.deepseek.com/v1/chat/completions "HTTP/1.1 200 OK"
2026-07-24 09:22:32,096 [INFO] refinish_title 적용: 저소득주민 국민건강보험료 지원 3단계로 끝내기
2026-07-24 09:22:32,331 [INFO] [reviewer] ['Mimo 검수 실패: HTTPSConnectionPool(host=\'api.mimo.kr\', port=443): Max retries exceeded with url: /v2_5/complete (Caused by NameResolutionError("HTTPSConnection(host=\'api.mimo.kr\', port=443): Failed to resolve \'api.mimo.kr\' ([Errno 8] nodename nor servname provided, or not known)"))']
2026-07-24 09:22:33,146 [INFO] 저장: /Users/twinssn/Projects/money-aikorea24/src/content/blog/저소득주민-국민건강보험료-지원-3단계로-끝내기-000102.md
2026-07-24 09:22:33,148 [INFO] 발행 성공: 저소득주민 국민건강보험료 지원 3단계로 끝내기 | insurance | google/gemma-4-31b-it
2026-07-24 09:22:33,173 [INFO] 처리 중: 전입자 맞춤 안내 서비스
2026-07-24 09:24:35,481 [INFO] Retrying request to /chat/completions in 0.458529 seconds
2026-07-24 09:26:36,209 [INFO] Retrying request to /chat/completions in 0.803565 seconds
2026-07-24 09:30:38,597 [INFO] Retrying request to /chat/completions in 0.375370 seconds
2026-07-24 09:32:39,266 [INFO] Retrying request to /chat/completions in 0.971556 seconds
2026-07-24 09:36:40,831 [INFO] Retrying request to /chat/completions in 0.396162 seconds
2026-07-24 09:36:55,447 [INFO] HTTP Request: POST https://integrate.api.nvidia.com/v1/chat/completions "HTTP/1.1 200 OK"
2026-07-24 09:39:08,028 [INFO] Retrying request to /chat/completions in 0.394186 seconds
2026-07-24 09:40:34,839 [INFO] HTTP Request: POST https://integrate.api.nvidia.com/v1/chat/completions "HTTP/1.1 200 OK"
2026-07-24 09:40:34,951 [INFO] 제목 추출: 충주시로 이사 가는 무주택 직장인이 놓치면 안 될 전입자 맞춤 안내 서비
2026-07-24 09:40:34,951 [INFO] refinish_title 적용: 충주시로 이사 가는 무주택 직장인이 놓치면 안 될 전입자 맞춤 안내 서비스 활용법 (202
2026-07-24 09:40:35,201 [INFO] [reviewer] ['Mimo 검수 실패: HTTPSConnectionPool(host=\'api.mimo.kr\', port=443): Max retries exceeded with url: /v2_5/complete (Caused by NameResolutionError("HTTPSConnection(host=\'api.mimo.kr\', port=443): Failed to resolve \'api.mimo.kr\' ([Errno 8] nodename nor servname provided, or not known)"))']
2026-07-24 09:40:35,202 [INFO] [validator] 수정됨: ['HEADING_MISSING:이란?', 'YEAR_REPLACED:2024']
2026-07-24 09:40:35,873 [INFO] 저장: /Users/twinssn/Projects/money-aikorea24/src/content/blog/충주시로-이사-가는-무주택-직장인이-놓치면-안-될-전입자-맞춤-안내-서비스-활용법-2024년-기준-총정리-000879.md
2026-07-24 09:40:35,876 [INFO] 발행 성공: 충주시로 이사 가는 무주택 직장인이 놓치면 안 될 전입자 맞춤 안내 서비 | loan | google/gemma-4-31b-it
2026-07-24 09:40:35,909 [INFO] 처리 중: 국립특수학교 및 국립부설학교 특수학급 지원
2026-07-24 09:42:30,277 [INFO] HTTP Request: POST https://integrate.api.nvidia.com/v1/chat/completions "HTTP/1.1 200 OK"
2026-07-24 09:43:50,304 [INFO] HTTP Request: POST https://integrate.api.nvidia.com/v1/chat/completions "HTTP/1.1 200 OK"
2026-07-24 09:43:50,310 [INFO] 제목 추출: 30대 직장인 부모를 위한 국립특수학교 특수학급 지원 혜택 챙기는 법
2026-07-24 09:43:50,310 [INFO] refinish_title 적용: 30대 직장인 부모를 위한 국립특수학교 특수학급 지원 혜택 받을 수 있습니다
2026-07-24 09:43:50,317 [INFO] [reviewer] ['Mimo 검수 실패: HTTPSConnectionPool(host=\'api.mimo.kr\', port=443): Max retries exceeded with url: /v2_5/complete (Caused by NameResolutionError("HTTPSConnection(host=\'api.mimo.kr\', port=443): Failed to resolve \'api.mimo.kr\' ([Errno 8] nodename nor servname provided, or not known)"))']
2026-07-24 09:43:50,318 [INFO] [validator] 수정됨: ['HEADING_MISSING:이란?', 'HEADING_MISSING:방법', 'YEAR_REPLACED:2024']
2026-07-24 09:43:50,786 [INFO] 저장: /Users/twinssn/Projects/money-aikorea24/src/content/blog/30대-직장인-부모를-위한-국립특수학교-특수학급-지원-혜택-받을-수-있습니다-000006.md
2026-07-24 09:43:50,789 [INFO] 발행 성공: 30대 직장인 부모를 위한 국립특수학교 특수학급 지원 혜택 받을 수 있습 | general | google/diffusiongemma-26b-a4b-it
2026-07-24 09:43:50,818 [INFO] 처리 중: 제천시 청년 주택자금 대출이자 지원사업
2026-07-24 09:45:51,380 [INFO] Retrying request to /chat/completions in 0.452648 seconds
2026-07-24 09:47:52,122 [INFO] Retrying request to /chat/completions in 0.956908 seconds
2026-07-24 09:51:54,696 [INFO] Retrying request to /chat/completions in 0.432026 seconds
2026-07-24 09:53:55,439 [INFO] Retrying request to /chat/completions in 0.760347 seconds
2026-07-24 09:56:29,360 [INFO] HTTP Request: POST https://integrate.api.nvidia.com/v1/chat/completions "HTTP/1.1 200 OK"
2026-07-24 09:59:05,360 [INFO] Retrying request to /chat/completions in 0.473383 seconds
2026-07-24 10:00:36,138 [INFO] Retrying request to /chat/completions in 0.815093 seconds
2026-07-24 10:02:07,456 [INFO] HTTP Request: POST https://api.deepseek.com/v1/chat/completions "HTTP/1.1 200 OK"
2026-07-24 10:02:20,311 [INFO] refinish_title 적용: 제천시 청년 주택자금 대출이자 지원사업 신청 방법
2026-07-24 10:02:20,446 [INFO] [reviewer] ['Mimo 검수 실패: HTTPSConnectionPool(host=\'api.mimo.kr\', port=443): Max retries exceeded with url: /v2_5/complete (Caused by NameResolutionError("HTTPSConnection(host=\'api.mimo.kr\', port=443): Failed to resolve \'api.mimo.kr\' ([Errno 8] nodename nor servname provided, or not known)"))']
2026-07-24 10:02:20,447 [INFO] [validator] 수정됨: ['YEAR_REPLACED:2024']
2026-07-24 10:02:20,969 [INFO] 저장: /Users/twinssn/Projects/money-aikorea24/src/content/blog/제천시-청년-주택자금-대출이자-지원사업-신청-방법-000141.md
2026-07-24 10:02:20,973 [INFO] 발행 성공: 제천시 청년 주택자금 대출이자 지원사업 신청 방법 | loan | google/gemma-4-31b-it
2026-07-24 10:02:20,999 [INFO] 처리 중: 한의약 치매 건강증진서비스 지원
2026-07-24 10:02:21,000 [INFO] [SKIP] 부적합 키워드: 한의약 치매 건강증진서비스 지원
2026-07-24 10:02:21,002 [INFO] 4건 발행 → 빌드/배포 시작
2026-07-24 10:03:59,524 [INFO] 배포 완료 (4건)
2026-07-24 10:03:59,525 [INFO] 파이프라인 종료 2026-07-24 10:03:59
2026-07-24 10:03:59,525 [INFO] 스케줄러 정상 종료
2026-07-25 09:00:02,042 [INFO] 스케줄러 시작
2026-07-25 09:00:02,956 [INFO] 파이프라인 시작 2026-07-25 09:00:02
2026-07-25 09:00:02,958 [INFO] 오늘 0건 발행됨, 5건 남음
2026-07-25 09:00:02,979 [INFO] 처리 중: 출산장려 건강보험료 지원
2026-07-25 09:02:05,166 [INFO] Retrying request to /chat/completions in 0.484055 seconds
2026-07-25 09:04:06,028 [INFO] Retrying request to /chat/completions in 0.994673 seconds
2026-07-25 09:08:08,815 [INFO] Retrying request to /chat/completions in 0.414700 seconds
2026-07-25 09:10:09,664 [INFO] Retrying request to /chat/completions in 0.821957 seconds
2026-07-25 09:13:02,873 [INFO] HTTP Request: POST https://integrate.api.nvidia.com/v1/chat/completions "HTTP/1.1 200 OK"
2026-07-25 09:16:04,363 [INFO] Retrying request to /chat/completions in 0.496831 seconds
2026-07-25 09:17:35,230 [INFO] Retrying request to /chat/completions in 0.978028 seconds
2026-07-25 09:19:06,905 [INFO] HTTP Request: POST https://api.deepseek.com/v1/chat/completions "HTTP/1.1 400 Bad Request"
2026-07-25 09:19:06,910 [INFO] refinish_title 적용: 출산장려 건강보험료 지원 완벽 가이드
2026-07-25 09:19:07,253 [INFO] [reviewer] ['Mimo 검수 실패: HTTPSConnectionPool(host=\'api.mimo.kr\', port=443): Max retries exceeded with url: /v2_5/complete (Caused by NameResolutionError("HTTPSConnection(host=\'api.mimo.kr\', port=443): Failed to resolve \'api.mimo.kr\' ([Errno 8] nodename nor servname provided, or not known)"))']
2026-07-25 09:19:07,255 [INFO] [validator] 수정됨: ['YEAR_REPLACED:2024']
2026-07-25 09:19:08,358 [INFO] 저장: /Users/twinssn/Projects/money-aikorea24/src/content/blog/출산장려-건강보험료-지원-완벽-가이드-000108.md
2026-07-25 09:19:08,363 [INFO] 발행 성공: 출산장려 건강보험료 지원 완벽 가이드 | insurance | google/gemma-4-31b-it
2026-07-25 09:19:08,429 [INFO] 처리 중: 자립준비청년 자립수당 지급
2026-07-25 09:19:08,429 [INFO] [SKIP] 부적합 키워드: 자립준비청년 자립수당 지급
2026-07-25 09:19:08,442 [INFO] 처리 중: 귀농(귀촌)인 유치 정착 지원
2026-07-25 09:19:08,442 [INFO] [SKIP] 부적합 키워드: 귀농(귀촌)인 유치 정착 지원
2026-07-25 09:19:08,458 [INFO] 처리 중: 태양광주택보급사업
2026-07-25 09:21:09,797 [INFO] Retrying request to /chat/completions in 0.433896 seconds
2026-07-25 09:23:10,587 [INFO] Retrying request to /chat/completions in 0.996539 seconds
2026-07-25 09:27:13,309 [INFO] Retrying request to /chat/completions in 0.413720 seconds
2026-07-25 09:29:14,094 [INFO] Retrying request to /chat/completions in 0.914924 seconds
2026-07-25 09:33:16,011 [INFO] Retrying request to /chat/completions in 0.437807 seconds
2026-07-25 09:35:16,788 [INFO] Retrying request to /chat/completions in 0.949167 seconds
2026-07-25 09:35:19,761 [INFO] HTTP Request: POST https://integrate.api.nvidia.com/v1/chat/completions "HTTP/1.1 200 OK"
2026-07-25 09:38:36,192 [INFO] Retrying request to /chat/completions in 0.415788 seconds
2026-07-25 09:40:07,221 [INFO] Retrying request to /chat/completions in 0.994441 seconds
2026-07-25 09:41:40,518 [INFO] HTTP Request: POST https://api.deepseek.com/v1/chat/completions "HTTP/1.1 400 Bad Request"
2026-07-25 09:41:40,522 [INFO] refinish_title 적용: 태양광주택보급사업 받을 수 있습니다
2026-07-25 09:41:41,230 [INFO] [reviewer] ['Mimo 검수 실패: HTTPSConnectionPool(host=\'api.mimo.kr\', port=443): Max retries exceeded with url: /v2_5/complete (Caused by NameResolutionError("HTTPSConnection(host=\'api.mimo.kr\', port=443): Failed to resolve \'api.mimo.kr\' ([Errno 8] nodename nor servname provided, or not known)"))']
2026-07-25 09:41:41,231 [INFO] [validator] 수정됨: ['HEADING_MISSING:이란?', 'YEAR_REPLACED:2024']
2026-07-25 09:41:42,892 [INFO] 저장: /Users/twinssn/Projects/money-aikorea24/src/content/blog/태양광주택보급사업-받을-수-있습니다-000637.md
2026-07-25 09:41:42,895 [INFO] 발행 성공: 태양광주택보급사업 받을 수 있습니다 | loan | google/gemma-4-31b-it
2026-07-25 09:41:42,927 [INFO] 처리 중: 장애인 활동지원(추가)
2026-07-25 09:41:42,927 [INFO] [SKIP] 부적합 키워드: 장애인 활동지원(추가)
2026-07-25 09:41:42,929 [INFO] 2건 발행 → 빌드/배포 시작
2026-07-25 09:47:20,199 [ERROR] 빌드/배포 실패 (2건 저장됨)
[31m✘ [41;31m[[41;97mERROR[41;31m][0m [1mFailed to upload files. Please try again. Error: {})[0m


🪵  Logs were written to "/Users/twinssn/.wrangler/logs/wrangler-2026-07-25_02-42-37_674.log"
2026-07-25 09:47:20,200 [ERROR] [ERROR] 빌드/배포 실패 ❌ (2건 저장됨)

```
[31m✘ [41;31m[[41;97mERROR[41;31m][0m [1mFailed to upload files. Please try again. Error: {})[0m


🪵  Logs were written to "/Users/twinssn/.wrangler/logs/wrangler-2026-07-25_02-42-37_674.log"
```
2026-07-25 09:47:21,737 [INFO] 파이프라인 종료 2026-07-25 09:47:21
2026-07-25 09:47:21,737 [INFO] 스케줄러 정상 종료
2026-07-26 09:00:01,127 [INFO] 스케줄러 시작
2026-07-26 09:00:01,850 [INFO] 파이프라인 시작 2026-07-26 09:00:01
2026-07-26 09:00:01,853 [INFO] 오늘 0건 발행됨, 5건 남음
2026-07-26 09:00:01,875 [INFO] 처리 중: 가정위탁아동 및 입양가정 지원
2026-07-26 09:02:03,383 [INFO] Retrying request to /chat/completions in 0.472957 seconds
2026-07-26 09:03:06,710 [INFO] HTTP Request: POST https://integrate.api.nvidia.com/v1/chat/completions "HTTP/1.1 200 OK"
2026-07-26 09:04:22,546 [INFO] HTTP Request: POST https://integrate.api.nvidia.com/v1/chat/completions "HTTP/1.1 200 OK"
2026-07-26 09:04:22,574 [INFO] 제목 추출: 맞벌이 신혼부부 종로구 가정위탁 및 입양아동 지원 혜택 챙기는 법
2026-07-26 09:04:22,574 [INFO] refinish_title 적용: 맞벌이 신혼부부 종로구 가정위탁 및 입양아동 지원 혜택 아낄 수 있는 법
2026-07-26 09:04:22,915 [INFO] [reviewer] ['Mimo 검수 실패: HTTPSConnectionPool(host=\'api.mimo.kr\', port=443): Max retries exceeded with url: /v2_5/complete (Caused by NameResolutionError("HTTPSConnection(host=\'api.mimo.kr\', port=443): Failed to resolve \'api.mimo.kr\' ([Errno 8] nodename nor servname provided, or not known)"))']
2026-07-26 09:04:22,917 [INFO] [validator] 수정됨: ['HEADING_MISSING:이란?', 'YEAR_REPLACED:2024']
2026-07-26 09:04:23,688 [INFO] 저장: /Users/twinssn/Projects/money-aikorea24/src/content/blog/맞벌이-신혼부부-종로구-가정위탁-및-입양아동-지원-혜택-아낄-수-있는-법-000111.md
2026-07-26 09:04:23,691 [INFO] 발행 성공: 맞벌이 신혼부부 종로구 가정위탁 및 입양아동 지원 혜택 아낄 수 있는 법 | insurance | google/diffusiongemma-26b-a4b-it
2026-07-26 09:04:23,717 [INFO] 처리 중: 소년소녀가정 및 시설퇴소아동 등 자립지원
2026-07-26 09:04:23,717 [INFO] [SKIP] 부적합 키워드: 소년소녀가정 및 시설퇴소아동 등 자립지원
2026-07-26 09:04:23,726 [INFO] 처리 중: 전입장려 지원
2026-07-26 09:04:24,585 [INFO] HTTP Request: POST https://integrate.api.nvidia.com/v1/chat/completions "HTTP/1.1 200 OK"
2026-07-26 09:06:00,541 [INFO] Retrying request to /chat/completions in 0.439124 seconds
2026-07-26 09:07:31,292 [INFO] Retrying request to /chat/completions in 0.765776 seconds
2026-07-26 09:09:02,604 [INFO] HTTP Request: POST https://api.deepseek.com/v1/chat/completions "HTTP/1.1 400 Bad Request"
2026-07-26 09:09:02,608 [INFO] 제목 추출: 무주택 직장인 옥천군으로 이사 시 최대 50만 원 혜택 받는 법
2026-07-26 09:09:02,609 [INFO] refinish_title 적용: 무주택 직장인 옥천군으로 이사 시 최대 50만 원 혜택 한 번에 정리
2026-07-26 09:09:02,951 [INFO] [reviewer] ['Mimo 검수 실패: HTTPSConnectionPool(host=\'api.mimo.kr\', port=443): Max retries exceeded with url: /v2_5/complete (Caused by NameResolutionError("HTTPSConnection(host=\'api.mimo.kr\', port=443): Failed to resolve \'api.mimo.kr\' ([Errno 8] nodename nor servname provided, or not known)"))']
2026-07-26 09:09:02,952 [INFO] [validator] 수정됨: ['HEADING_MISSING:이란?', 'HEADING_MISSING:방법', 'YEAR_REPLACED:2024']
2026-07-26 09:09:03,365 [INFO] 저장: /Users/twinssn/Projects/money-aikorea24/src/content/blog/무주택-직장인-옥천군으로-이사-시-최대-50만-원-혜택-한-번에-정리-000123.md
2026-07-26 09:09:03,367 [INFO] 발행 성공: 무주택 직장인 옥천군으로 이사 시 최대 50만 원 혜택 한 번에 정리 | loan | google/diffusiongemma-26b-a4b-it
2026-07-26 09:09:03,397 [INFO] 처리 중: 대학원 학과 기반 교육연구단 연구장학금 등 지원(4단계 두뇌한국21 사업
2026-07-26 09:09:04,462 [INFO] HTTP Request: POST https://integrate.api.nvidia.com/v1/chat/completions "HTTP/1.1 200 OK"
2026-07-26 09:10:21,557 [INFO] HTTP Request: POST https://integrate.api.nvidia.com/v1/chat/completions "HTTP/1.1 200 OK"
2026-07-26 09:10:21,566 [INFO] 제목 추출: 30대 직장인, 대학원 학비 부담 줄여주는 BK21 혜택 받는 법
2026-07-26 09:10:21,567 [INFO] refinish_title 적용: 30대 직장인, 대학원 학비 부담 줄여주는 BK21 혜택 총집합
2026-07-26 09:10:21,574 [INFO] [reviewer] ['Mimo 검수 실패: HTTPSConnectionPool(host=\'api.mimo.kr\', port=443): Max retries exceeded with url: /v2_5/complete (Caused by NameResolutionError("HTTPSConnection(host=\'api.mimo.kr\', port=443): Failed to resolve \'api.mimo.kr\' ([Errno 8] nodename nor servname provided, or not known)"))']
2026-07-26 09:10:21,575 [INFO] [validator] 수정됨: ['HEADING_MISSING:이란?', 'HEADING_MISSING:방법', 'YEAR_REPLACED:2024']
2026-07-26 09:10:22,209 [INFO] 저장: /Users/twinssn/Projects/money-aikorea24/src/content/blog/30대-직장인-대학원-학비-부담-줄여주는-BK21-혜택-총집합-000007.md
2026-07-26 09:10:22,211 [INFO] 발행 성공: 30대 직장인, 대학원 학비 부담 줄여주는 BK21 혜택 총집합 | general | google/diffusiongemma-26b-a4b-it
2026-07-26 09:10:22,238 [INFO] 처리 중: 전입주민 쓰레기종량제봉투 지원
2026-07-26 09:10:23,088 [INFO] HTTP Request: POST https://integrate.api.nvidia.com/v1/chat/completions "HTTP/1.1 200 OK"
2026-07-26 09:11:40,899 [INFO] HTTP Request: POST https://integrate.api.nvidia.com/v1/chat/completions "HTTP/1.1 200 OK"
2026-07-26 09:11:40,904 [INFO] 제목 추출: 옥천군 이사 온 무주택 직장인, 종량제봉투 50매 챙기는 법
2026-07-26 09:11:40,905 [INFO] refinish_title 적용: 옥천군 이사 온 무주택 직장인, 종량제봉투 50매 신청 기한 다가오는데
2026-07-26 09:11:40,911 [INFO] [reviewer] ['Mimo 검수 실패: HTTPSConnectionPool(host=\'api.mimo.kr\', port=443): Max retries exceeded with url: /v2_5/complete (Caused by NameResolutionError("HTTPSConnection(host=\'api.mimo.kr\', port=443): Failed to resolve \'api.mimo.kr\' ([Errno 8] nodename nor servname provided, or not known)"))']
2026-07-26 09:11:40,912 [INFO] [validator] 수정됨: ['HEADING_MISSING:이란?', 'HEADING_MISSING:방법', 'YEAR_REPLACED:2024']
2026-07-26 09:11:41,226 [INFO] 저장: /Users/twinssn/Projects/money-aikorea24/src/content/blog/옥천군-이사-온-무주택-직장인-종량제봉투-50매-신청-기한-다가오는데-000127.md
2026-07-26 09:11:41,229 [INFO] 발행 성공: 옥천군 이사 온 무주택 직장인, 종량제봉투 50매 신청 기한 다가오는데 | loan | google/diffusiongemma-26b-a4b-it
2026-07-26 09:11:41,229 [INFO] 4건 발행 → 빌드/배포 시작
2026-07-26 09:13:12,274 [INFO] 배포 완료 (4건)
2026-07-26 09:13:12,276 [INFO] 파이프라인 종료 2026-07-26 09:13:12
2026-07-26 09:13:12,277 [INFO] 스케줄러 정상 종료
2026-07-27 06:00:02,600 [INFO] 데이터 수집 시작 (--fetch)
2026-07-27 06:00:23,411 [INFO] 데이터 수집 완료
2026-07-27 09:00:04,523 [INFO] 스케줄러 시작
2026-07-27 09:00:05,169 [INFO] 파이프라인 시작 2026-07-27 09:00:05
2026-07-27 09:00:05,172 [INFO] 오늘 0건 발행됨, 5건 남음
2026-07-27 09:00:05,194 [INFO] 처리 중: 암표지자 검사 서비스
2026-07-27 09:00:07,540 [INFO] HTTP Request: POST https://integrate.api.nvidia.com/v1/chat/completions "HTTP/1.1 200 OK"
2026-07-27 09:00:19,264 [INFO] HTTP Request: POST https://integrate.api.nvidia.com/v1/chat/completions "HTTP/1.1 410 Gone"
2026-07-27 09:00:19,490 [INFO] HTTP Request: POST https://api.deepseek.com/v1/chat/completions "HTTP/1.1 200 OK"
2026-07-27 09:00:27,588 [INFO] 제목 추출: 맞벌이 신혼부부, 종로구 보건소 암표지자 검사로 건강 챙기는 법
2026-07-27 09:00:27,589 [INFO] refinish_title 적용: 맞벌이 신혼부부, 종로구 보건소 암표지자 검사로 건강 꼭 알아두세요
2026-07-27 09:00:27,835 [INFO] [reviewer] ['Mimo 검수 실패: HTTPSConnectionPool(host=\'api.mimo.kr\', port=443): Max retries exceeded with url: /v2_5/complete (Caused by NameResolutionError("HTTPSConnection(host=\'api.mimo.kr\', port=443): Failed to resolve \'api.mimo.kr\' ([Errno 8] nodename nor servname provided, or not known)"))']
2026-07-27 09:00:27,836 [INFO] [validator] 수정됨: ['HEADING_MISSING:이란?', 'YEAR_REPLACED:2024']
2026-07-27 09:00:28,620 [INFO] 저장: /Users/twinssn/Projects/money-aikorea24/src/content/blog/맞벌이-신혼부부-종로구-보건소-암표지자-검사로-건강-꼭-알아두세요-000127.md
2026-07-27 09:00:28,623 [INFO] 발행 성공: 맞벌이 신혼부부, 종로구 보건소 암표지자 검사로 건강 꼭 알아두세요 | insurance | google/diffusiongemma-26b-a4b-it
2026-07-27 09:00:28,652 [INFO] 처리 중: 결혼정착금
2026-07-27 09:00:30,705 [INFO] HTTP Request: POST https://integrate.api.nvidia.com/v1/chat/completions "HTTP/1.1 200 OK"
2026-07-27 09:00:40,217 [INFO] HTTP Request: POST https://integrate.api.nvidia.com/v1/chat/completions "HTTP/1.1 410 Gone"
2026-07-27 09:00:40,436 [INFO] HTTP Request: POST https://api.deepseek.com/v1/chat/completions "HTTP/1.1 200 OK"
2026-07-27 09:00:48,994 [INFO] 제목 추출: 무주택 직장인 신혼부부, 옥천군 결혼정착금 500만원 받는 법
2026-07-27 09:00:48,995 [INFO] refinish_title 적용: 무주택 직장인 신혼부부, 옥천군 결혼정착금 500만원 마지막 기회
2026-07-27 09:00:49,000 [INFO] [reviewer] ['Mimo 검수 실패: HTTPSConnectionPool(host=\'api.mimo.kr\', port=443): Max retries exceeded with url: /v2_5/complete (Caused by NameResolutionError("HTTPSConnection(host=\'api.mimo.kr\', port=443): Failed to resolve \'api.mimo.kr\' ([Errno 8] nodename nor servname provided, or not known)"))']
2026-07-27 09:00:49,000 [INFO] [validator] 수정됨: ['HEADING_MISSING:이란?', 'YEAR_REPLACED:2024']
2026-07-27 09:00:49,615 [INFO] 저장: /Users/twinssn/Projects/money-aikorea24/src/content/blog/무주택-직장인-신혼부부-옥천군-결혼정착금-500만원-마지막-기회-000138.md
2026-07-27 09:00:49,619 [INFO] 발행 성공: 무주택 직장인 신혼부부, 옥천군 결혼정착금 500만원 마지막 기회 | loan | google/diffusiongemma-26b-a4b-it
2026-07-27 09:00:49,648 [INFO] 처리 중: 글로벌 현장학습 프로그램 운영
2026-07-27 09:00:51,367 [INFO] HTTP Request: POST https://integrate.api.nvidia.com/v1/chat/completions "HTTP/1.1 200 OK"
2026-07-27 09:01:00,042 [INFO] HTTP Request: POST https://integrate.api.nvidia.com/v1/chat/completions "HTTP/1.1 410 Gone"
2026-07-27 09:01:00,261 [INFO] HTTP Request: POST https://api.deepseek.com/v1/chat/completions "HTTP/1.1 200 OK"
2026-07-27 09:01:08,648 [INFO] 제목 추출: 30대 직장인과 대학생 동생을 위한 글로벌 현장학습 지원 혜택 총정리
2026-07-27 09:01:08,649 [INFO] refinish_title 적용: 30대 직장인과 대학생 동생을 위한 글로벌 현장학습 지원 혜택 알고 계셨나요?
2026-07-27 09:01:08,654 [INFO] [reviewer] ['Mimo 검수 실패: HTTPSConnectionPool(host=\'api.mimo.kr\', port=443): Max retries exceeded with url: /v2_5/complete (Caused by NameResolutionError("HTTPSConnection(host=\'api.mimo.kr\', port=443): Failed to resolve \'api.mimo.kr\' ([Errno 8] nodename nor servname provided, or not known)"))']
2026-07-27 09:01:08,654 [INFO] [validator] 수정됨: ['HEADING_MISSING:이란?', 'YEAR_REPLACED:2024']
2026-07-27 09:01:09,077 [INFO] 저장: /Users/twinssn/Projects/money-aikorea24/src/content/blog/30대-직장인과-대학생-동생을-위한-글로벌-현장학습-지원-혜택-알고-계셨나요-000008.md
2026-07-27 09:01:09,080 [INFO] 발행 성공: 30대 직장인과 대학생 동생을 위한 글로벌 현장학습 지원 혜택 알고 계셨 | general | google/diffusiongemma-26b-a4b-it
2026-07-27 09:01:09,109 [INFO] 처리 중: 기초건강검진
2026-07-27 09:01:10,664 [INFO] HTTP Request: POST https://integrate.api.nvidia.com/v1/chat/completions "HTTP/1.1 200 OK"
2026-07-27 09:01:19,200 [INFO] HTTP Request: POST https://integrate.api.nvidia.com/v1/chat/completions "HTTP/1.1 410 Gone"
2026-07-27 09:01:19,420 [INFO] HTTP Request: POST https://api.deepseek.com/v1/chat/completions "HTTP/1.1 200 OK"
2026-07-27 09:01:26,198 [INFO] 제목 추출: 3040 직장인, 종로구 보건소 무료 기초건강검진으로 건강 챙기는 법
2026-07-27 09:01:26,200 [INFO] refinish_title 적용: 3040 직장인, 종로구 보건소 무료 기초건강검진으로 건강 아낄 수 있는 법
2026-07-27 09:01:26,204 [INFO] [reviewer] ['Mimo 검수 실패: HTTPSConnectionPool(host=\'api.mimo.kr\', port=443): Max retries exceeded with url: /v2_5/complete (Caused by NameResolutionError("HTTPSConnection(host=\'api.mimo.kr\', port=443): Failed to resolve \'api.mimo.kr\' ([Errno 8] nodename nor servname provided, or not known)"))']
2026-07-27 09:01:26,205 [INFO] [validator] 수정됨: ['HEADING_MISSING:이란?', 'YEAR_REPLACED:2024']
2026-07-27 09:01:26,669 [INFO] 저장: /Users/twinssn/Projects/money-aikorea24/src/content/blog/3040-직장인-종로구-보건소-무료-기초건강검진으로-건강-아낄-수-있는-법-000128.md
2026-07-27 09:01:26,673 [INFO] 발행 성공: 3040 직장인, 종로구 보건소 무료 기초건강검진으로 건강 아낄 수 있는 | insurance | google/diffusiongemma-26b-a4b-it
2026-07-27 09:01:26,702 [INFO] 처리 중: 청년 전세 대출금 이자 지원
2026-07-27 09:01:28,662 [INFO] HTTP Request: POST https://integrate.api.nvidia.com/v1/chat/completions "HTTP/1.1 200 OK"
2026-07-27 09:01:36,844 [INFO] HTTP Request: POST https://integrate.api.nvidia.com/v1/chat/completions "HTTP/1.1 410 Gone"
2026-07-27 09:01:37,043 [INFO] HTTP Request: POST https://api.deepseek.com/v1/chat/completions "HTTP/1.1 200 OK"
2026-07-27 09:01:45,045 [INFO] 제목 추출: 옥천시 무주택 직장인, 전세 대출 이자 연 200만원 지원받는 법
2026-07-27 09:01:45,046 [INFO] refinish_title 적용: 옥천시 무주택 직장인, 전세 대출 이자 연 200만원 지원 요점만 쏙쏙
2026-07-27 09:01:45,051 [INFO] [reviewer] ['Mimo 검수 실패: HTTPSConnectionPool(host=\'api.mimo.kr\', port=443): Max retries exceeded with url: /v2_5/complete (Caused by NameResolutionError("HTTPSConnection(host=\'api.mimo.kr\', port=443): Failed to resolve \'api.mimo.kr\' ([Errno 8] nodename nor servname provided, or not known)"))']
2026-07-27 09:01:45,051 [INFO] [validator] 수정됨: ['HEADING_MISSING:이란?', 'YEAR_REPLACED:2024']
2026-07-27 09:01:45,514 [INFO] 저장: /Users/twinssn/Projects/money-aikorea24/src/content/blog/옥천시-무주택-직장인-전세-대출-이자-연-200만원-지원-요점만-쏙쏙-000660.md
2026-07-27 09:01:45,517 [INFO] 발행 성공: 옥천시 무주택 직장인, 전세 대출 이자 연 200만원 지원 요점만 쏙쏙 | loan | google/diffusiongemma-26b-a4b-it
2026-07-27 09:01:45,517 [INFO] 5건 발행 → 빌드/배포 시작
2026-07-27 09:03:20,904 [INFO] 배포 완료 (5건)
2026-07-27 09:03:20,905 [INFO] 파이프라인 종료 2026-07-27 09:03:20
2026-07-27 09:03:20,906 [INFO] 스케줄러 정상 종료
2026-07-28 09:00:00,916 [INFO] 스케줄러 시작
2026-07-28 09:00:01,587 [INFO] 파이프라인 시작 2026-07-28 09:00:01
2026-07-28 09:00:01,589 [INFO] 오늘 0건 발행됨, 5건 남음
2026-07-28 09:00:01,610 [INFO] 처리 중: 청년 월세 지원
2026-07-28 09:00:03,159 [INFO] HTTP Request: POST https://integrate.api.nvidia.com/v1/chat/completions "HTTP/1.1 200 OK"
2026-07-28 09:00:10,223 [INFO] HTTP Request: POST https://integrate.api.nvidia.com/v1/chat/completions "HTTP/1.1 410 Gone"
2026-07-28 09:00:10,476 [INFO] HTTP Request: POST https://api.deepseek.com/v1/chat/completions "HTTP/1.1 200 OK"
2026-07-28 09:00:18,998 [INFO] 제목 추출: 20대 무주택 직장인, 월 10만 원 월세 아끼고 옥천군 지원 받는 법
2026-07-28 09:00:18,999 [INFO] refinish_title 적용: 20대 무주택 직장인, 월 10만 원 월세 아끼고 옥천군 지원 손해 보지 않으려면
2026-07-28 09:00:19,584 [INFO] [reviewer] ['Mimo 검수 실패: HTTPSConnectionPool(host=\'api.mimo.kr\', port=443): Max retries exceeded with url: /v2_5/complete (Caused by NameResolutionError("HTTPSConnection(host=\'api.mimo.kr\', port=443): Failed to resolve \'api.mimo.kr\' ([Errno 8] nodename nor servname provided, or not known)"))']
2026-07-28 09:00:19,586 [INFO] [validator] 수정됨: ['HEADING_MISSING:이란?', 'YEAR_REPLACED:2024']
2026-07-28 09:00:20,772 [INFO] 저장: /Users/twinssn/Projects/money-aikorea24/src/content/blog/20대-무주택-직장인-월-10만-원-월세-아끼고-옥천군-지원-손해-보지-않으려면-000661.md
2026-07-28 09:00:20,775 [INFO] 발행 성공: 20대 무주택 직장인, 월 10만 원 월세 아끼고 옥천군 지원 손해 보지 | loan | google/diffusiongemma-26b-a4b-it
2026-07-28 09:00:20,790 [INFO] 처리 중: 어린이 국가예방접종 지원
2026-07-28 09:00:22,067 [INFO] HTTP Request: POST https://integrate.api.nvidia.com/v1/chat/completions "HTTP/1.1 200 OK"
2026-07-28 09:00:30,857 [INFO] HTTP Request: POST https://integrate.api.nvidia.com/v1/chat/completions "HTTP/1.1 410 Gone"
2026-07-28 09:00:31,073 [INFO] HTTP Request: POST https://api.deepseek.com/v1/chat/completions "HTTP/1.1 200 OK"
2026-07-28 09:00:38,599 [INFO] 제목 추출: 맞벌이 부부 주목, 우리 아이 무료 예방접종 19종 놓치지 않고 챙기는 
2026-07-28 09:00:38,600 [INFO] refinish_title 적용: 맞벌이 부부 주목, 우리 아이 무료 예방접종 19종 놓치지 않고 총정리
2026-07-28 09:00:38,605 [INFO] [reviewer] ['Mimo 검수 실패: HTTPSConnectionPool(host=\'api.mimo.kr\', port=443): Max retries exceeded with url: /v2_5/complete (Caused by NameResolutionError("HTTPSConnection(host=\'api.mimo.kr\', port=443): Failed to resolve \'api.mimo.kr\' ([Errno 8] nodename nor servname provided, or not known)"))']
2026-07-28 09:00:38,606 [INFO] [validator] 수정됨: ['HEADING_MISSING:이란?', 'HEADING_MISSING:조건', 'YEAR_REPLACED:2024']
2026-07-28 09:00:39,553 [INFO] 저장: /Users/twinssn/Projects/money-aikorea24/src/content/blog/맞벌이-부부-주목-우리-아이-무료-예방접종-19종-놓치지-않고-총정리-000135.md
2026-07-28 09:00:39,557 [INFO] 발행 성공: 맞벌이 부부 주목, 우리 아이 무료 예방접종 19종 놓치지 않고 총정리 | insurance | google/diffusiongemma-26b-a4b-it
2026-07-28 09:00:39,571 [INFO] 처리 중: 장애학생 가족 참여 국외체험 연수 지원
2026-07-28 09:00:41,976 [INFO] HTTP Request: POST https://integrate.api.nvidia.com/v1/chat/completions "HTTP/1.1 200 OK"
2026-07-28 09:00:48,629 [INFO] HTTP Request: POST https://integrate.api.nvidia.com/v1/chat/completions "HTTP/1.1 410 Gone"
2026-07-28 09:00:48,833 [INFO] HTTP Request: POST https://api.deepseek.com/v1/chat/completions "HTTP/1.1 200 OK"
2026-07-28 09:00:56,370 [INFO] 제목 추출: 30대 직장인, 장애 자녀와 함께하는 해외여행비 지원 혜택 확인하는 법
2026-07-28 09:00:56,371 [INFO] refinish_title 적용: 30대 직장인, 장애 자녀와 함께하는 해외여행비 지원 혜택 확인하는 법 신청 방법
2026-07-28 09:00:56,375 [INFO] [reviewer] ['Mimo 검수 실패: HTTPSConnectionPool(host=\'api.mimo.kr\', port=443): Max retries exceeded with url: /v2_5/complete (Caused by NameResolutionError("HTTPSConnection(host=\'api.mimo.kr\', port=443): Failed to resolve \'api.mimo.kr\' ([Errno 8] nodename nor servname provided, or not known)"))']
2026-07-28 09:00:56,376 [INFO] [validator] 수정됨: ['HEADING_MISSING:이란?', 'YEAR_REPLACED:2024']
2026-07-28 09:00:56,986 [INFO] 저장: /Users/twinssn/Projects/money-aikorea24/src/content/blog/30대-직장인-장애-자녀와-함께하는-해외여행비-지원-혜택-확인하는-법-신청-방법-000010.md
2026-07-28 09:00:56,990 [INFO] 발행 성공: 30대 직장인, 장애 자녀와 함께하는 해외여행비 지원 혜택 확인하는 법  | general | google/diffusiongemma-26b-a4b-it
2026-07-28 09:00:57,004 [INFO] 처리 중: 시설퇴소아동 등 자립지원
2026-07-28 09:00:58,055 [INFO] HTTP Request: POST https://integrate.api.nvidia.com/v1/chat/completions "HTTP/1.1 200 OK"
2026-07-28 09:01:06,409 [INFO] HTTP Request: POST https://integrate.api.nvidia.com/v1/chat/completions "HTTP/1.1 410 Gone"
2026-07-28 09:01:06,644 [INFO] HTTP Request: POST https://api.deepseek.com/v1/chat/completions "HTTP/1.1 200 OK"
2026-07-28 09:01:14,742 [INFO] 제목 추출: 무주택 직장인, 영동군 자립정착금과 등록금 지원 혜택 받는 법
2026-07-28 09:01:14,742 [INFO] refinish_title 적용: 무주택 직장인, 영동군 자립정착금과 등록금 지원 혜택 누가 받을 수 있을까?
2026-07-28 09:01:14,747 [INFO] [reviewer] ['Mimo 검수 실패: HTTPSConnectionPool(host=\'api.mimo.kr\', port=443): Max retries exceeded with url: /v2_5/complete (Caused by NameResolutionError("HTTPSConnection(host=\'api.mimo.kr\', port=443): Failed to resolve \'api.mimo.kr\' ([Errno 8] nodename nor servname provided, or not known)"))']
2026-07-28 09:01:14,747 [INFO] [validator] 수정됨: ['HEADING_MISSING:이란?', 'YEAR_REPLACED:2024']
2026-07-28 09:01:15,241 [INFO] 저장: /Users/twinssn/Projects/money-aikorea24/src/content/blog/무주택-직장인-영동군-자립정착금과-등록금-지원-혜택-누가-받을-수-있을까-000106.md
2026-07-28 09:01:15,244 [INFO] 발행 성공: 무주택 직장인, 영동군 자립정착금과 등록금 지원 혜택 누가 받을 수 있을 | loan | google/diffusiongemma-26b-a4b-it
2026-07-28 09:01:15,258 [INFO] 처리 중: 종로구 산모신생아 건강관리 지원
2026-07-28 09:01:15,258 [INFO] [SKIP] 부적합 키워드: 종로구 산모신생아 건강관리 지원
2026-07-28 09:01:15,260 [INFO] 4건 발행 → 빌드/배포 시작
2026-07-28 09:02:50,362 [INFO] 배포 완료 (4건)
2026-07-28 09:02:50,364 [INFO] 파이프라인 종료 2026-07-28 09:02:50
2026-07-28 09:02:50,365 [INFO] 스케줄러 정상 종료
2026-07-29 09:00:02,187 [INFO] 스케줄러 시작
2026-07-29 09:00:02,825 [INFO] 파이프라인 시작 2026-07-29 09:00:02
2026-07-29 09:00:02,828 [INFO] 오늘 0건 발행됨, 5건 남음
2026-07-29 09:00:02,848 [INFO] 처리 중: 임산부 선천성 태아 기형아 검사 및 풍진 항체검사
2026-07-29 09:02:04,375 [INFO] Retrying request to /chat/completions in 0.468039 seconds
2026-07-29 09:04:05,147 [INFO] Retrying request to /chat/completions in 0.857355 seconds
2026-07-29 09:08:07,626 [INFO] Retrying request to /chat/completions in 0.419114 seconds
2026-07-29 09:09:36,033 [INFO] HTTP Request: POST https://integrate.api.nvidia.com/v1/chat/completions "HTTP/1.1 200 OK"
2026-07-29 09:09:43,196 [INFO] HTTP Request: POST https://integrate.api.nvidia.com/v1/chat/completions "HTTP/1.1 410 Gone"
2026-07-29 09:09:43,446 [INFO] HTTP Request: POST https://api.deepseek.com/v1/chat/completions "HTTP/1.1 200 OK"
2026-07-29 09:09:51,586 [INFO] 제목 추출: 3040 맞벌이 임산부, 종로구 태아 기형아·풍진 검사 무료 혜택 받는 
2026-07-29 09:09:51,587 [INFO] refinish_title 적용: 3040 맞벌이 임산부, 종로구 태아 기형아·풍진 검사 무료 혜택 완벽 가이드
2026-07-29 09:09:51,921 [INFO] [reviewer] ['Mimo 검수 실패: HTTPSConnectionPool(host=\'api.mimo.kr\', port=443): Max retries exceeded with url: /v2_5/complete (Caused by NameResolutionError("HTTPSConnection(host=\'api.mimo.kr\', port=443): Failed to resolve \'api.mimo.kr\' ([Errno 8] nodename nor servname provided, or not known)"))']
2026-07-29 09:09:51,923 [INFO] [validator] 수정됨: ['HEADING_MISSING:이란?', 'YEAR_REPLACED:2024']
2026-07-29 09:09:52,792 [INFO] 저장: /Users/twinssn/Projects/money-aikorea24/src/content/blog/3040-맞벌이-임산부-종로구-태아-기형아풍진-검사-무료-혜택-완벽-가이드-000140.md
2026-07-29 09:09:52,797 [INFO] 발행 성공: 3040 맞벌이 임산부, 종로구 태아 기형아·풍진 검사 무료 혜택 완벽  | insurance | google/diffusiongemma-26b-a4b-it
2026-07-29 09:09:52,826 [INFO] 처리 중: 귀농·귀촌인 안정적인 정착 지원
2026-07-29 09:10:18,548 [INFO] HTTP Request: POST https://integrate.api.nvidia.com/v1/chat/completions "HTTP/1.1 200 OK"
2026-07-29 09:10:25,765 [INFO] HTTP Request: POST https://integrate.api.nvidia.com/v1/chat/completions "HTTP/1.1 410 Gone"
2026-07-29 09:10:25,985 [INFO] HTTP Request: POST https://api.deepseek.com/v1/chat/completions "HTTP/1.1 200 OK"
2026-07-29 09:10:33,715 [INFO] 제목 추출: 무주택 직장인, 영동군 귀농귀촌 정착 지원금으로 초기 정착 비용 아끼는 
2026-07-29 09:10:33,716 [INFO] refinish_title 적용: 무주택 직장인, 영동군 귀농귀촌 정착 지원금으로 초기 정착 비용 아끼는 법 실제 혜택 비교
2026-07-29 09:10:33,722 [INFO] [reviewer] ['Mimo 검수 실패: HTTPSConnectionPool(host=\'api.mimo.kr\', port=443): Max retries exceeded with url: /v2_5/complete (Caused by NameResolutionError("HTTPSConnection(host=\'api.mimo.kr\', port=443): Failed to resolve \'api.mimo.kr\' ([Errno 8] nodename nor servname provided, or not known)"))']
2026-07-29 09:10:33,723 [INFO] [validator] 수정됨: ['YEAR_REPLACED:2024']
2026-07-29 09:10:34,104 [INFO] 저장: /Users/twinssn/Projects/money-aikorea24/src/content/blog/무주택-직장인-영동군-귀농귀촌-정착-지원금으로-초기-정착-비용-아끼는-법-실제-혜택-비교-000112.md
2026-07-29 09:10:34,107 [INFO] 발행 성공: 무주택 직장인, 영동군 귀농귀촌 정착 지원금으로 초기 정착 비용 아끼는  | loan | google/diffusiongemma-26b-a4b-it
2026-07-29 09:10:34,122 [INFO] 처리 중: 인문100년장학금
2026-07-29 09:10:58,592 [INFO] HTTP Request: POST https://integrate.api.nvidia.com/v1/chat/completions "HTTP/1.1 200 OK"
2026-07-29 09:11:05,780 [INFO] HTTP Request: POST https://integrate.api.nvidia.com/v1/chat/completions "HTTP/1.1 410 Gone"
2026-07-29 09:11:06,026 [INFO] HTTP Request: POST https://api.deepseek.com/v1/chat/completions "HTTP/1.1 200 OK"
2026-07-29 09:11:15,826 [INFO] 제목 추출: 30대 직장인, 인문100년장학금으로 등록금 전액과 생활비 지원 받는 법
2026-07-29 09:11:15,827 [INFO] refinish_title 적용: 30대 직장인, 인문100년장학금으로 등록금 전액과 생활비 지원 놓치지 마세요
2026-07-29 09:11:15,834 [INFO] [reviewer] ['Mimo 검수 실패: HTTPSConnectionPool(host=\'api.mimo.kr\', port=443): Max retries exceeded with url: /v2_5/complete (Caused by NameResolutionError("HTTPSConnection(host=\'api.mimo.kr\', port=443): Failed to resolve \'api.mimo.kr\' ([Errno 8] nodename nor servname provided, or not known)"))']
2026-07-29 09:11:15,834 [INFO] [validator] 수정됨: ['HEADING_MISSING:이란?', 'YEAR_REPLACED:2024']
2026-07-29 09:11:16,293 [INFO] 저장: /Users/twinssn/Projects/money-aikorea24/src/content/blog/30대-직장인-인문100년장학금으로-등록금-전액과-생활비-지원-놓치지-마세요-000011.md
2026-07-29 09:11:16,297 [INFO] 발행 성공: 30대 직장인, 인문100년장학금으로 등록금 전액과 생활비 지원 놓치지  | general | google/diffusiongemma-26b-a4b-it
2026-07-29 09:11:16,330 [INFO] 처리 중: 전입세대 지원
2026-07-29 09:11:39,819 [INFO] HTTP Request: POST https://integrate.api.nvidia.com/v1/chat/completions "HTTP/1.1 200 OK"
2026-07-29 09:11:45,615 [INFO] HTTP Request: POST https://integrate.api.nvidia.com/v1/chat/completions "HTTP/1.1 410 Gone"
2026-07-29 09:11:45,912 [INFO] HTTP Request: POST https://api.deepseek.com/v1/chat/completions "HTTP/1.1 200 OK"
2026-07-29 09:11:53,632 [INFO] 제목 추출: 2040 직장인, 영동군으로 이사했다면 세대당 25만원 받는 법
2026-07-29 09:11:53,632 [INFO] refinish_title 적용: 2040 직장인, 영동군으로 이사했다면 세대당 25만원 올해 안에 꼭
2026-07-29 09:11:53,638 [INFO] [reviewer] ['Mimo 검수 실패: HTTPSConnectionPool(host=\'api.mimo.kr\', port=443): Max retries exceeded with url: /v2_5/complete (Caused by NameResolutionError("HTTPSConnection(host=\'api.mimo.kr\', port=443): Failed to resolve \'api.mimo.kr\' ([Errno 8] nodename nor servname provided, or not known)"))']
2026-07-29 09:11:53,639 [INFO] [validator] 수정됨: ['HEADING_MISSING:이란?', 'YEAR_REPLACED:2024']
2026-07-29 09:11:54,079 [INFO] 저장: /Users/twinssn/Projects/money-aikorea24/src/content/blog/2040-직장인-영동군으로-이사했다면-세대당-25만원-올해-안에-꼭-000594.md
2026-07-29 09:11:54,082 [INFO] 발행 성공: 2040 직장인, 영동군으로 이사했다면 세대당 25만원 올해 안에 꼭 | loan | google/diffusiongemma-26b-a4b-it
2026-07-29 09:11:54,097 [INFO] 처리 중: 종로 복지등기 우편사업
2026-07-29 09:12:19,913 [INFO] HTTP Request: POST https://integrate.api.nvidia.com/v1/chat/completions "HTTP/1.1 200 OK"
2026-07-29 09:12:26,387 [INFO] HTTP Request: POST https://integrate.api.nvidia.com/v1/chat/completions "HTTP/1.1 410 Gone"
2026-07-29 09:12:26,670 [INFO] HTTP Request: POST https://api.deepseek.com/v1/chat/completions "HTTP/1.1 200 OK"
2026-07-29 09:12:34,484 [INFO] 제목 추출: 맞벌이 신혼부부 직장인, 종로구 복지등기로 놓친 지원 혜택 챙기는 법
2026-07-29 09:12:34,485 [INFO] refinish_title 적용: 맞벌이 신혼부부 직장인, 종로구 복지등기로 놓친 지원 혜택 깔끔하게 정리
2026-07-29 09:12:34,490 [INFO] [reviewer] ['Mimo 검수 실패: HTTPSConnectionPool(host=\'api.mimo.kr\', port=443): Max retries exceeded with url: /v2_5/complete (Caused by NameResolutionError("HTTPSConnection(host=\'api.mimo.kr\', port=443): Failed to resolve \'api.mimo.kr\' ([Errno 8] nodename nor servname provided, or not known)"))']
2026-07-29 09:12:34,491 [INFO] [validator] 수정됨: ['HEADING_MISSING:이란?', 'YEAR_REPLACED:2024']
2026-07-29 09:12:34,982 [INFO] 저장: /Users/twinssn/Projects/money-aikorea24/src/content/blog/맞벌이-신혼부부-직장인-종로구-복지등기로-놓친-지원-혜택-깔끔하게-정리-000154.md
2026-07-29 09:12:34,986 [INFO] 발행 성공: 맞벌이 신혼부부 직장인, 종로구 복지등기로 놓친 지원 혜택 깔끔하게 정리 | insurance | google/diffusiongemma-26b-a4b-it
2026-07-29 09:12:34,986 [INFO] 5건 발행 → 빌드/배포 시작
2026-07-29 09:14:08,658 [INFO] 배포 완료 (5건)
2026-07-29 09:14:08,660 [INFO] 파이프라인 종료 2026-07-29 09:14:08
2026-07-29 09:14:08,660 [INFO] 스케줄러 정상 종료
