/Users/twinssn/.env.common: line 41: yTO5: command not found

==================================================
[publisher] 시작: 2026-06-24 19:34:35
[step1] 신규 파일: 0개
[publisher] 새 파일 없음 — 종료 (빌드 스킵)
/Users/twinssn/.env.common: line 41: yTO5: command not found

==================================================
[publisher] 시작: 2026-06-24 20:04:36
[step1] 신규 파일: 0개
[publisher] 새 파일 없음 — 종료 (빌드 스킵)
/Users/twinssn/.env.common: line 41: yTO5: command not found

==================================================
[publisher] 시작: 2026-06-24 20:34:36
[step1] 신규 파일: 0개
[publisher] 새 파일 없음 — 종료 (빌드 스킵)
/Users/twinssn/.env.common: line 41: yTO5: command not found

==================================================
[publisher] 시작: 2026-06-24 21:04:36
[step1] 신규 파일: 0개
[publisher] 새 파일 없음 — 종료 (빌드 스킵)
/Users/twinssn/.env.common: line 41: yTO5: command not found

==================================================
[publisher] 시작: 2026-06-24 21:34:37
[step1] 신규 파일: 0개
[publisher] 새 파일 없음 — 종료 (빌드 스킵)
/Users/twinssn/.env.common: line 41: yTO5: command not found

==================================================
[publisher] 시작: 2026-06-24 22:04:37
[step1] 신규 파일: 0개
[publisher] 새 파일 없음 — 종료 (빌드 스킵)
/Users/twinssn/.env.common: line 41: yTO5: command not found

==================================================
[publisher] 시작: 2026-06-24 22:34:37
[step1] 신규 파일: 0개
[publisher] 새 파일 없음 — 종료 (빌드 스킵)
/Users/twinssn/.env.common: line 41: yTO5: command not found

==================================================
[publisher] 시작: 2026-06-24 23:04:38
[step1] 신규 파일: 0개
[publisher] 새 파일 없음 — 종료 (빌드 스킵)
/Users/twinssn/.env.common: line 41: yTO5: command not found

==================================================
[publisher] 시작: 2026-06-24 23:34:38
[step1] 신규 파일: 0개
[publisher] 새 파일 없음 — 종료 (빌드 스킵)
/Users/twinssn/.env.common: line 41: yTO5: command not found

==================================================
[publisher] 시작: 2026-06-25 00:04:38
[step1] 신규 파일: 0개
[publisher] 새 파일 없음 — 종료 (빌드 스킵)
/Users/twinssn/.env.common: line 41: yTO5: command not found

==================================================
[publisher] 시작: 2026-06-25 00:34:39
[step1] 신규 파일: 0개
[publisher] 새 파일 없음 — 종료 (빌드 스킵)
/Users/twinssn/.env.common: line 41: yTO5: command not found

==================================================
[publisher] 시작: 2026-06-25 01:04:39
[step1] 신규 파일: 0개
[publisher] 새 파일 없음 — 종료 (빌드 스킵)
/Users/twinssn/.env.common: line 41: yTO5: command not found

==================================================
[publisher] 시작: 2026-06-25 01:34:39
[step1] 신규 파일: 0개
[publisher] 새 파일 없음 — 종료 (빌드 스킵)
/Users/twinssn/.env.common: line 41: yTO5: command not found

==================================================
[publisher] 시작: 2026-06-25 02:04:40
[step1] 신규 파일: 0개
[publisher] 새 파일 없음 — 종료 (빌드 스킵)
/Users/twinssn/.env.common: line 41: yTO5: command not found

==================================================
[publisher] 시작: 2026-06-25 02:34:40
[step1] 신규 파일: 0개
[publisher] 새 파일 없음 — 종료 (빌드 스킵)
/Users/twinssn/.env.common: line 41: yTO5: command not found

==================================================
[publisher] 시작: 2026-06-25 03:04:40
[step1] 신규 파일: 0개
[publisher] 새 파일 없음 — 종료 (빌드 스킵)
/Users/twinssn/.env.common: line 41: yTO5: command not found

==================================================
[publisher] 시작: 2026-06-25 03:34:41
[step1] 신규 파일: 0개
[publisher] 새 파일 없음 — 종료 (빌드 스킵)
/Users/twinssn/.env.common: line 41: yTO5: command not found

==================================================
[publisher] 시작: 2026-06-25 04:04:41
[step1] 신규 파일: 0개
[publisher] 새 파일 없음 — 종료 (빌드 스킵)
/Users/twinssn/.env.common: line 41: yTO5: command not found

==================================================
[publisher] 시작: 2026-06-25 04:34:41
[step1] 신규 파일: 0개
[publisher] 새 파일 없음 — 종료 (빌드 스킵)
/Users/twinssn/.env.common: line 41: yTO5: command not found

==================================================
[publisher] 시작: 2026-06-25 05:04:42
[step1] 신규 파일: 0개
[publisher] 새 파일 없음 — 종료 (빌드 스킵)
/Users/twinssn/.env.common: line 41: yTO5: command not found

==================================================
[publisher] 시작: 2026-06-25 05:34:42
[step1] 신규 파일: 0개
[publisher] 새 파일 없음 — 종료 (빌드 스킵)
/Users/twinssn/.env.common: line 41: yTO5: command not found

==================================================
[publisher] 시작: 2026-06-25 06:04:42
[step1] 신규 파일: 0개
[publisher] 새 파일 없음 — 종료 (빌드 스킵)
/Users/twinssn/.env.common: line 41: yTO5: command not found

==================================================
[publisher] 시작: 2026-06-25 06:34:43
[step1] 신규 파일: 0개
[publisher] 새 파일 없음 — 종료 (빌드 스킵)
/Users/twinssn/.env.common: line 41: yTO5: command not found

==================================================
[publisher] 시작: 2026-06-25 07:04:43
[step1] 신규 파일: 0개
[publisher] 새 파일 없음 — 종료 (빌드 스킵)
/Users/twinssn/.env.common: line 41: yTO5: command not found

==================================================
[publisher] 시작: 2026-06-25 07:34:43
[step1] 신규 파일: 0개
[publisher] 새 파일 없음 — 종료 (빌드 스킵)
/Users/twinssn/.env.common: line 41: yTO5: command not found

==================================================
[publisher] 시작: 2026-06-25 08:04:43
[step1] 신규 파일: 0개
[publisher] 새 파일 없음 — 종료 (빌드 스킵)
/Users/twinssn/.env.common: line 41: yTO5: command not found

==================================================
[publisher] 시작: 2026-06-25 08:34:44
[step1] 신규 파일: 0개
[publisher] 새 파일 없음 — 종료 (빌드 스킵)
/Users/twinssn/.env.common: line 41: yTO5: command not found

==================================================
[publisher] 시작: 2026-06-25 09:04:44
[step1] 신규 파일: 0개
[publisher] 새 파일 없음 — 종료 (빌드 스킵)
/Users/twinssn/.env.common: line 41: yTO5: command not found

==================================================
[publisher] 시작: 2026-06-25 09:34:44
[step1] 신규 파일: 0개
[publisher] 새 파일 없음 — 종료 (빌드 스킵)
/Users/twinssn/.env.common: line 41: yTO5: command not found

==================================================
[publisher] 시작: 2026-06-25 10:04:45
[step1] 신규 파일: 0개
[publisher] 새 파일 없음 — 종료 (빌드 스킵)
/Users/twinssn/.env.common: line 41: yTO5: command not found

==================================================
[publisher] 시작: 2026-06-25 10:34:45
[step1] 신규 파일: 0개
[publisher] 새 파일 없음 — 종료 (빌드 스킵)
/Users/twinssn/.env.common: line 41: yTO5: command not found

==================================================
[publisher] 시작: 2026-06-25 11:04:46
[step1] 신규 파일: 0개
[publisher] 새 파일 없음 — 종료 (빌드 스킵)
/Users/twinssn/.env.common: line 41: yTO5: command not found

==================================================
[publisher] 시작: 2026-06-25 11:34:46
[step1] 신규 파일: 0개
[publisher] 새 파일 없음 — 종료 (빌드 스킵)
/Users/twinssn/.env.common: line 41: yTO5: command not found

==================================================
[publisher] 시작: 2026-06-25 12:04:46
[step1] 신규 파일: 0개
[publisher] 새 파일 없음 — 종료 (빌드 스킵)
/Users/twinssn/.env.common: line 41: yTO5: command not found

==================================================
[publisher] 시작: 2026-06-25 12:34:47
[step1] 신규 파일: 0개
[publisher] 새 파일 없음 — 종료 (빌드 스킵)
/Users/twinssn/.env.common: line 41: yTO5: command not found

==================================================
[publisher] 시작: 2026-06-25 13:04:47
[step1] 신규 파일: 0개
[publisher] 새 파일 없음 — 종료 (빌드 스킵)
/Users/twinssn/.env.common: line 41: yTO5: command not found

==================================================
[publisher] 시작: 2026-06-25 13:34:47
[step1] 신규 파일: 0개
[publisher] 새 파일 없음 — 종료 (빌드 스킵)
/Users/twinssn/.env.common: line 41: yTO5: command not found

==================================================
[publisher] 시작: 2026-06-25 14:04:48
[step1] 신규 파일: 0개
[publisher] 새 파일 없음 — 종료 (빌드 스킵)
/Users/twinssn/.env.common: line 41: yTO5: command not found

==================================================
[publisher] 시작: 2026-06-25 14:34:48
[step1] 신규 파일: 0개
[publisher] 새 파일 없음 — 종료 (빌드 스킵)
/Users/twinssn/.env.common: line 41: yTO5: command not found

==================================================
[publisher] 시작: 2026-06-25 15:04:48
[step1] 신규 파일: 0개
[publisher] 새 파일 없음 — 종료 (빌드 스킵)
/Users/twinssn/.env.common: line 41: yTO5: command not found

==================================================
[publisher] 시작: 2026-06-25 15:34:49
[step1] 신규 파일: 0개
[publisher] 새 파일 없음 — 종료 (빌드 스킵)
/Users/twinssn/.env.common: line 41: yTO5: command not found

==================================================
[publisher] 시작: 2026-06-25 16:04:49
[step1] 신규 파일: 0개
[publisher] 새 파일 없음 — 종료 (빌드 스킵)
/Users/twinssn/.env.common: line 41: yTO5: command not found

==================================================
[publisher] 시작: 2026-06-25 16:34:49
[step1] 신규 파일: 0개
[publisher] 새 파일 없음 — 종료 (빌드 스킵)
/Users/twinssn/.env.common: line 41: yTO5: command not found

==================================================
[publisher] 시작: 2026-06-25 17:04:50
[step1] 신규 파일: 0개
[publisher] 새 파일 없음 — 종료 (빌드 스킵)
/Users/twinssn/.env.common: line 41: yTO5: command not found

==================================================
[publisher] 시작: 2026-06-25 17:34:50
[step1] 신규 파일: 0개
[publisher] 새 파일 없음 — 종료 (빌드 스킵)
/Users/twinssn/.env.common: line 41: yTO5: command not found

==================================================
[publisher] 시작: 2026-06-25 18:04:50
[step1] 신규 파일: 0개
[publisher] 새 파일 없음 — 종료 (빌드 스킵)
/Users/twinssn/.env.common: line 41: yTO5: command not found

==================================================
[publisher] 시작: 2026-06-25 18:34:51
[step1] 신규 파일: 0개
[publisher] 새 파일 없음 — 종료 (빌드 스킵)
/Users/twinssn/.env.common: line 41: yTO5: command not found

==================================================
[publisher] 시작: 2026-06-25 19:04:51
[step1] 신규 파일: 0개
[publisher] 새 파일 없음 — 종료 (빌드 스킵)
/Users/twinssn/.env.common: line 41: yTO5: command not found

==================================================
[publisher] 시작: 2026-06-25 19:34:51
[step1] 신규 파일: 0개
[publisher] 새 파일 없음 — 종료 (빌드 스킵)
/Users/twinssn/.env.common: line 41: yTO5: command not found

==================================================
[publisher] 시작: 2026-06-25 20:04:52
[step1] 신규 파일: 0개
[publisher] 새 파일 없음 — 종료 (빌드 스킵)
/Users/twinssn/.env.common: line 41: yTO5: command not found

==================================================
[publisher] 시작: 2026-06-25 20:34:52
[step1] 신규 파일: 0개
[publisher] 새 파일 없음 — 종료 (빌드 스킵)
/Users/twinssn/.env.common: line 41: yTO5: command not found

==================================================
[publisher] 시작: 2026-06-25 21:04:53
[step1] 신규 파일: 0개
[publisher] 새 파일 없음 — 종료 (빌드 스킵)
/Users/twinssn/.env.common: line 41: yTO5: command not found

==================================================
[publisher] 시작: 2026-06-25 21:34:53
[step1] 신규 파일: 0개
[publisher] 새 파일 없음 — 종료 (빌드 스킵)
/Users/twinssn/.env.common: line 41: yTO5: command not found

==================================================
[publisher] 시작: 2026-06-25 22:04:53
[step1] 신규 파일: 0개
[publisher] 새 파일 없음 — 종료 (빌드 스킵)
/Users/twinssn/.env.common: line 41: yTO5: command not found

==================================================
[publisher] 시작: 2026-06-25 22:34:54
[step1] 신규 파일: 0개
[publisher] 새 파일 없음 — 종료 (빌드 스킵)
/Users/twinssn/.env.common: line 41: yTO5: command not found

==================================================
[publisher] 시작: 2026-06-25 23:04:54
[step1] 신규 파일: 0개
[publisher] 새 파일 없음 — 종료 (빌드 스킵)
/Users/twinssn/.env.common: line 41: yTO5: command not found

==================================================
[publisher] 시작: 2026-06-25 23:34:54
[step1] 신규 파일: 4개

--- 처리 중: 20260625-231855-2026년-신용점수-900점-올리는-법-사회초년생을-위한-습관-체크리스트.md
  [step3] 카테고리: loan (needs_review=False)
  [step4] 변환 완료 (slug=2026년-신용점수-900점-올리는-법-사회초년생을-위한-습관-체크리스트)
  [r2] 업로드 완료: blog-thumbnails/2026년-신용점수-900점-올리는-법-사회초년생을-위한-습관-체크리스트.jpg
  [step5] 썸네일: 2026년-신용점수-900점-올리는-법-사회초년생을-위한-습관-체크리스트.jpg
  [step6] 엔티티 주석 삽입
  [step7] 복사: 2026년-신용점수-900점-올리는-법-사회초년생을-위한-습관-체크리스트.md
  [move] 20260625-231855-2026년-신용점수-900점-올리는-법-사회초년생을-위한-습관-체크리스트.md → 20260625/

--- 처리 중: 20260625-232034-대출-실행-전-KCB-NICE-차이로-신용점수-올리는-법.md
  [step3] 카테고리: loan (needs_review=False)
  [step4] 변환 완료 (slug=대출-실행-전-KCB-NICE-차이로-신용점수-올리는-법)
  [r2] 업로드 완료: blog-thumbnails/대출-실행-전-KCB-NICE-차이로-신용점수-올리는-법.jpg
  [step5] 썸네일: 대출-실행-전-KCB-NICE-차이로-신용점수-올리는-법.jpg
  [step6] 엔티티 주석 삽입
  [step7] 복사: 대출-실행-전-KCB-NICE-차이로-신용점수-올리는-법.md
  [move] 20260625-232034-대출-실행-전-KCB-NICE-차이로-신용점수-올리는-법.md → 20260625/

--- 처리 중: 20260625-232147-휴면카드-해지-신용점수-영향-2026년-관리-가이드.md
  [step3] 카테고리: loan (needs_review=False)
  [step4] 변환 완료 (slug=휴면카드-해지-신용점수-영향-2026년-관리-가이드)
  [r2] 업로드 완료: blog-thumbnails/휴면카드-해지-신용점수-영향-2026년-관리-가이드.jpg
  [step5] 썸네일: 휴면카드-해지-신용점수-영향-2026년-관리-가이드.jpg
  [step6] 엔티티 주석 삽입
  [step7] 복사: 휴면카드-해지-신용점수-영향-2026년-관리-가이드.md
  [move] 20260625-232147-휴면카드-해지-신용점수-영향-2026년-관리-가이드.md → 20260625/

--- 처리 중: 20260625-232326-2026-리볼빙-이자율-신용점수-하락-막는-탈출-전략.md
  [step3] 카테고리: loan (needs_review=False)
  [step4] 변환 완료 (slug=2026-리볼빙-이자율-신용점수-하락-막는-탈출-전략)
  [r2] 업로드 완료: blog-thumbnails/2026-리볼빙-이자율-신용점수-하락-막는-탈출-전략.jpg
  [step5] 썸네일: 2026-리볼빙-이자율-신용점수-하락-막는-탈출-전략.jpg
  [step6] 엔티티 주석 삽입
  [step7] 복사: 2026-리볼빙-이자율-신용점수-하락-막는-탈출-전략.md
  [move] 20260625-232326-2026-리볼빙-이자율-신용점수-하락-막는-탈출-전략.md → 20260625/

[publisher] 처리 완료: 4개 발행 대상
[deployer] 빌드 시작 (4개 신규 파일)
[deployer] 빌드 성공, 배포 시작
[deployer] ✅ 배포 완료: 새 글 4개 발행됨
[publisher] 완료: 4개 글 발행
==================================================

/Users/twinssn/.env.common: line 41: yTO5: command not found

==================================================
[publisher] 시작: 2026-06-26 00:06:36
[step1] 신규 파일: 0개
[publisher] 새 파일 없음 — 종료 (빌드 스킵)
/Users/twinssn/.env.common: line 41: yTO5: command not found

==================================================
[publisher] 시작: 2026-06-26 00:36:36
[step1] 신규 파일: 0개
[publisher] 새 파일 없음 — 종료 (빌드 스킵)
/Users/twinssn/.env.common: line 41: yTO5: command not found

==================================================
[publisher] 시작: 2026-06-26 01:06:36
[step1] 신규 파일: 0개
[publisher] 새 파일 없음 — 종료 (빌드 스킵)
/Users/twinssn/.env.common: line 41: yTO5: command not found

==================================================
[publisher] 시작: 2026-06-26 01:36:37
[step1] 신규 파일: 0개
[publisher] 새 파일 없음 — 종료 (빌드 스킵)
/Users/twinssn/.env.common: line 41: yTO5: command not found

==================================================
[publisher] 시작: 2026-06-26 02:06:37
[step1] 신규 파일: 0개
[publisher] 새 파일 없음 — 종료 (빌드 스킵)
/Users/twinssn/.env.common: line 41: yTO5: command not found

==================================================
[publisher] 시작: 2026-06-26 02:36:37
[step1] 신규 파일: 0개
[publisher] 새 파일 없음 — 종료 (빌드 스킵)
/Users/twinssn/.env.common: line 41: yTO5: command not found

==================================================
[publisher] 시작: 2026-06-26 03:06:38
[step1] 신규 파일: 0개
[publisher] 새 파일 없음 — 종료 (빌드 스킵)
/Users/twinssn/.env.common: line 41: yTO5: command not found

==================================================
[publisher] 시작: 2026-06-26 03:36:38
[step1] 신규 파일: 0개
[publisher] 새 파일 없음 — 종료 (빌드 스킵)
/Users/twinssn/.env.common: line 41: yTO5: command not found

==================================================
[publisher] 시작: 2026-06-26 04:06:38
[step1] 신규 파일: 0개
[publisher] 새 파일 없음 — 종료 (빌드 스킵)
/Users/twinssn/.env.common: line 41: yTO5: command not found

==================================================
[publisher] 시작: 2026-06-26 04:36:39
[step1] 신규 파일: 0개
[publisher] 새 파일 없음 — 종료 (빌드 스킵)
/Users/twinssn/.env.common: line 41: yTO5: command not found

==================================================
[publisher] 시작: 2026-06-26 05:06:39
[step1] 신규 파일: 0개
[publisher] 새 파일 없음 — 종료 (빌드 스킵)
/Users/twinssn/.env.common: line 41: yTO5: command not found

==================================================
[publisher] 시작: 2026-06-26 05:36:39
[step1] 신규 파일: 0개
[publisher] 새 파일 없음 — 종료 (빌드 스킵)
/Users/twinssn/.env.common: line 41: yTO5: command not found

==================================================
[publisher] 시작: 2026-06-26 06:06:40
[step1] 신규 파일: 0개
[publisher] 새 파일 없음 — 종료 (빌드 스킵)
/Users/twinssn/.env.common: line 41: yTO5: command not found

==================================================
[publisher] 시작: 2026-06-26 06:36:40
[step1] 신규 파일: 0개
[publisher] 새 파일 없음 — 종료 (빌드 스킵)
/Users/twinssn/.env.common: line 41: yTO5: command not found

==================================================
[publisher] 시작: 2026-06-26 07:06:40
[step1] 신규 파일: 0개
[publisher] 새 파일 없음 — 종료 (빌드 스킵)
/Users/twinssn/.env.common: line 41: yTO5: command not found

==================================================
[publisher] 시작: 2026-06-26 07:36:41
[step1] 신규 파일: 0개
[publisher] 새 파일 없음 — 종료 (빌드 스킵)
/Users/twinssn/.env.common: line 41: yTO5: command not found

==================================================
[publisher] 시작: 2026-06-26 08:06:41
[step1] 신규 파일: 0개
[publisher] 새 파일 없음 — 종료 (빌드 스킵)
/Users/twinssn/.env.common: line 41: yTO5: command not found

==================================================
[publisher] 시작: 2026-06-26 08:36:42
[step1] 신규 파일: 0개
[publisher] 새 파일 없음 — 종료 (빌드 스킵)
/Users/twinssn/.env.common: line 41: yTO5: command not found

==================================================
[publisher] 시작: 2026-06-26 09:06:42
[step1] 신규 파일: 0개
[publisher] 새 파일 없음 — 종료 (빌드 스킵)
/Users/twinssn/.env.common: line 41: yTO5: command not found

==================================================
[publisher] 시작: 2026-06-26 09:36:43
[step1] 신규 파일: 0개
[publisher] 새 파일 없음 — 종료 (빌드 스킵)
/Users/twinssn/.env.common: line 41: yTO5: command not found

==================================================
[publisher] 시작: 2026-06-26 10:06:43
[step1] 신규 파일: 0개
[publisher] 새 파일 없음 — 종료 (빌드 스킵)
/Users/twinssn/.env.common: line 41: yTO5: command not found

==================================================
[publisher] 시작: 2026-06-26 10:36:44
[step1] 신규 파일: 0개
[publisher] 새 파일 없음 — 종료 (빌드 스킵)
/Users/twinssn/.env.common: line 41: yTO5: command not found

==================================================
[publisher] 시작: 2026-06-26 11:06:44
[step1] 신규 파일: 0개
[publisher] 새 파일 없음 — 종료 (빌드 스킵)
/Users/twinssn/.env.common: line 41: yTO5: command not found

==================================================
[publisher] 시작: 2026-06-26 11:36:44
[step1] 신규 파일: 0개
[publisher] 새 파일 없음 — 종료 (빌드 스킵)
/Users/twinssn/.env.common: line 41: yTO5: command not found

==================================================
[publisher] 시작: 2026-06-26 12:06:45
[step1] 신규 파일: 0개
[publisher] 새 파일 없음 — 종료 (빌드 스킵)
/Users/twinssn/.env.common: line 41: yTO5: command not found

==================================================
[publisher] 시작: 2026-06-26 12:36:45
[step1] 신규 파일: 0개
[publisher] 새 파일 없음 — 종료 (빌드 스킵)
/Users/twinssn/.env.common: line 41: yTO5: command not found

==================================================
[publisher] 시작: 2026-06-26 13:06:46
[step1] 신규 파일: 0개
[publisher] 새 파일 없음 — 종료 (빌드 스킵)
/Users/twinssn/.env.common: line 41: yTO5: command not found

==================================================
[publisher] 시작: 2026-06-26 13:36:46
[step1] 신규 파일: 0개
[publisher] 새 파일 없음 — 종료 (빌드 스킵)
/Users/twinssn/.env.common: line 41: yTO5: command not found

==================================================
[publisher] 시작: 2026-06-26 14:06:47
[step1] 신규 파일: 0개
[publisher] 새 파일 없음 — 종료 (빌드 스킵)
/Users/twinssn/.env.common: line 41: yTO5: command not found

==================================================
[publisher] 시작: 2026-06-26 14:36:47
[step1] 신규 파일: 0개
[publisher] 새 파일 없음 — 종료 (빌드 스킵)
/Users/twinssn/.env.common: line 41: yTO5: command not found

==================================================
[publisher] 시작: 2026-06-26 15:06:47
[step1] 신규 파일: 0개
[publisher] 새 파일 없음 — 종료 (빌드 스킵)
/Users/twinssn/.env.common: line 41: yTO5: command not found

==================================================
[publisher] 시작: 2026-06-26 15:36:48
[step1] 신규 파일: 0개
[publisher] 새 파일 없음 — 종료 (빌드 스킵)
/Users/twinssn/.env.common: line 41: yTO5: command not found

==================================================
[publisher] 시작: 2026-06-26 16:06:48
[step1] 신규 파일: 0개
[publisher] 새 파일 없음 — 종료 (빌드 스킵)
/Users/twinssn/.env.common: line 41: yTO5: command not found

==================================================
[publisher] 시작: 2026-06-26 16:36:49
[step1] 신규 파일: 0개
[publisher] 새 파일 없음 — 종료 (빌드 스킵)
/Users/twinssn/.env.common: line 41: yTO5: command not found

==================================================
[publisher] 시작: 2026-06-26 17:06:49
[step1] 신규 파일: 0개
[publisher] 새 파일 없음 — 종료 (빌드 스킵)
/Users/twinssn/.env.common: line 41: yTO5: command not found

==================================================
[publisher] 시작: 2026-06-26 17:36:50
[step1] 신규 파일: 0개
[publisher] 새 파일 없음 — 종료 (빌드 스킵)
/Users/twinssn/.env.common: line 41: yTO5: command not found

==================================================
[publisher] 시작: 2026-06-26 18:06:50
[step1] 신규 파일: 0개
[publisher] 새 파일 없음 — 종료 (빌드 스킵)
/Users/twinssn/.env.common: line 41: yTO5: command not found

==================================================
[publisher] 시작: 2026-06-26 18:36:50
[step1] 신규 파일: 0개
[publisher] 새 파일 없음 — 종료 (빌드 스킵)
/Users/twinssn/.env.common: line 41: yTO5: command not found

==================================================
[publisher] 시작: 2026-06-26 19:06:51
[step1] 신규 파일: 0개
[publisher] 새 파일 없음 — 종료 (빌드 스킵)
/Users/twinssn/.env.common: line 41: yTO5: command not found

==================================================
[publisher] 시작: 2026-06-26 19:36:51
[step1] 신규 파일: 0개
[publisher] 새 파일 없음 — 종료 (빌드 스킵)
/Users/twinssn/.env.common: line 41: yTO5: command not found

==================================================
[publisher] 시작: 2026-06-26 20:06:52
[step1] 신규 파일: 0개
[publisher] 새 파일 없음 — 종료 (빌드 스킵)
/Users/twinssn/.env.common: line 41: yTO5: command not found

==================================================
[publisher] 시작: 2026-06-26 20:36:52
[step1] 신규 파일: 0개
[publisher] 새 파일 없음 — 종료 (빌드 스킵)
/Users/twinssn/.env.common: line 41: yTO5: command not found

==================================================
[publisher] 시작: 2026-06-26 21:06:52
[step1] 신규 파일: 0개
[publisher] 새 파일 없음 — 종료 (빌드 스킵)
/Users/twinssn/.env.common: line 41: yTO5: command not found

==================================================
[publisher] 시작: 2026-06-26 21:36:53
[step1] 신규 파일: 0개
[publisher] 새 파일 없음 — 종료 (빌드 스킵)
/Users/twinssn/.env.common: line 41: yTO5: command not found

==================================================
[publisher] 시작: 2026-06-26 22:06:53
[step1] 신규 파일: 0개
[publisher] 새 파일 없음 — 종료 (빌드 스킵)
/Users/twinssn/.env.common: line 41: yTO5: command not found

==================================================
[publisher] 시작: 2026-06-26 22:36:54
[step1] 신규 파일: 0개
[publisher] 새 파일 없음 — 종료 (빌드 스킵)
/Users/twinssn/.env.common: line 41: yTO5: command not found

==================================================
[publisher] 시작: 2026-06-26 23:06:54
[step1] 신규 파일: 0개
[publisher] 새 파일 없음 — 종료 (빌드 스킵)
/Users/twinssn/.env.common: line 41: yTO5: command not found

==================================================
[publisher] 시작: 2026-06-26 23:36:55
[step1] 신규 파일: 0개
[publisher] 새 파일 없음 — 종료 (빌드 스킵)
/Users/twinssn/.env.common: line 41: yTO5: command not found

==================================================
[publisher] 시작: 2026-06-27 00:06:55
[step1] 신규 파일: 0개
[publisher] 새 파일 없음 — 종료 (빌드 스킵)
/Users/twinssn/.env.common: line 41: yTO5: command not found

==================================================
[publisher] 시작: 2026-06-27 00:36:55
[step1] 신규 파일: 0개
[publisher] 새 파일 없음 — 종료 (빌드 스킵)
/Users/twinssn/.env.common: line 41: yTO5: command not found

==================================================
[publisher] 시작: 2026-06-27 01:06:55
[step1] 신규 파일: 0개
[publisher] 새 파일 없음 — 종료 (빌드 스킵)
/Users/twinssn/.env.common: line 41: yTO5: command not found

==================================================
[publisher] 시작: 2026-06-27 01:36:56
[step1] 신규 파일: 0개
[publisher] 새 파일 없음 — 종료 (빌드 스킵)
/Users/twinssn/.env.common: line 41: yTO5: command not found

==================================================
[publisher] 시작: 2026-06-27 02:06:56
[step1] 신규 파일: 0개
[publisher] 새 파일 없음 — 종료 (빌드 스킵)
/Users/twinssn/.env.common: line 41: yTO5: command not found

==================================================
[publisher] 시작: 2026-06-27 02:36:56
[step1] 신규 파일: 0개
[publisher] 새 파일 없음 — 종료 (빌드 스킵)
/Users/twinssn/.env.common: line 41: yTO5: command not found

==================================================
[publisher] 시작: 2026-06-27 03:06:56
[step1] 신규 파일: 0개
[publisher] 새 파일 없음 — 종료 (빌드 스킵)
/Users/twinssn/.env.common: line 41: yTO5: command not found

==================================================
[publisher] 시작: 2026-06-27 03:36:57
[step1] 신규 파일: 0개
[publisher] 새 파일 없음 — 종료 (빌드 스킵)
/Users/twinssn/.env.common: line 41: yTO5: command not found

==================================================
[publisher] 시작: 2026-06-27 04:06:57
[step1] 신규 파일: 0개
[publisher] 새 파일 없음 — 종료 (빌드 스킵)
/Users/twinssn/.env.common: line 41: yTO5: command not found

==================================================
[publisher] 시작: 2026-06-27 04:36:57
[step1] 신규 파일: 0개
[publisher] 새 파일 없음 — 종료 (빌드 스킵)
/Users/twinssn/.env.common: line 41: yTO5: command not found

==================================================
[publisher] 시작: 2026-06-27 05:06:58
[step1] 신규 파일: 0개
[publisher] 새 파일 없음 — 종료 (빌드 스킵)
/Users/twinssn/.env.common: line 41: yTO5: command not found

==================================================
[publisher] 시작: 2026-06-27 05:36:58
[step1] 신규 파일: 0개
[publisher] 새 파일 없음 — 종료 (빌드 스킵)
/Users/twinssn/.env.common: line 41: yTO5: command not found

==================================================
[publisher] 시작: 2026-06-27 06:06:58
[step1] 신규 파일: 0개
[publisher] 새 파일 없음 — 종료 (빌드 스킵)
/Users/twinssn/.env.common: line 41: yTO5: command not found

==================================================
[publisher] 시작: 2026-06-27 06:36:58
[step1] 신규 파일: 0개
[publisher] 새 파일 없음 — 종료 (빌드 스킵)
/Users/twinssn/.env.common: line 41: yTO5: command not found

==================================================
[publisher] 시작: 2026-06-27 07:06:58
[step1] 신규 파일: 0개
[publisher] 새 파일 없음 — 종료 (빌드 스킵)
/Users/twinssn/.env.common: line 41: yTO5: command not found

==================================================
[publisher] 시작: 2026-06-27 07:36:59
[step1] 신규 파일: 0개
[publisher] 새 파일 없음 — 종료 (빌드 스킵)
/Users/twinssn/.env.common: line 41: yTO5: command not found

==================================================
[publisher] 시작: 2026-06-27 08:06:59
[step1] 신규 파일: 0개
[publisher] 새 파일 없음 — 종료 (빌드 스킵)
/Users/twinssn/.env.common: line 41: yTO5: command not found

==================================================
[publisher] 시작: 2026-06-27 08:37:00
[step1] 신규 파일: 0개
[publisher] 새 파일 없음 — 종료 (빌드 스킵)
/Users/twinssn/.env.common: line 41: yTO5: command not found

==================================================
[publisher] 시작: 2026-06-27 09:07:00
[step1] 신규 파일: 0개
[publisher] 새 파일 없음 — 종료 (빌드 스킵)
/Users/twinssn/.env.common: line 41: yTO5: command not found

==================================================
[publisher] 시작: 2026-06-27 09:37:00
[step1] 신규 파일: 0개
[publisher] 새 파일 없음 — 종료 (빌드 스킵)
/Users/twinssn/.env.common: line 41: yTO5: command not found

==================================================
[publisher] 시작: 2026-06-27 10:07:01
[step1] 신규 파일: 0개
[publisher] 새 파일 없음 — 종료 (빌드 스킵)
/Users/twinssn/.env.common: line 41: yTO5: command not found

==================================================
[publisher] 시작: 2026-06-27 10:37:01
[step1] 신규 파일: 0개
[publisher] 새 파일 없음 — 종료 (빌드 스킵)
/Users/twinssn/.env.common: line 41: yTO5: command not found

==================================================
[publisher] 시작: 2026-06-27 11:07:02
[step1] 신규 파일: 0개
[publisher] 새 파일 없음 — 종료 (빌드 스킵)
/Users/twinssn/.env.common: line 41: yTO5: command not found

==================================================
[publisher] 시작: 2026-06-27 11:37:02
[step1] 신규 파일: 0개
[publisher] 새 파일 없음 — 종료 (빌드 스킵)
/Users/twinssn/.env.common: line 41: yTO5: command not found

==================================================
[publisher] 시작: 2026-06-27 12:07:02
[step1] 신규 파일: 0개
[publisher] 새 파일 없음 — 종료 (빌드 스킵)
/Users/twinssn/.env.common: line 41: yTO5: command not found

==================================================
[publisher] 시작: 2026-06-27 12:37:03
[step1] 신규 파일: 0개
[publisher] 새 파일 없음 — 종료 (빌드 스킵)
/Users/twinssn/.env.common: line 41: yTO5: command not found

==================================================
[publisher] 시작: 2026-06-27 13:07:03
[step1] 신규 파일: 0개
[publisher] 새 파일 없음 — 종료 (빌드 스킵)
/Users/twinssn/.env.common: line 41: yTO5: command not found

==================================================
[publisher] 시작: 2026-06-27 13:37:03
[step1] 신규 파일: 0개
[publisher] 새 파일 없음 — 종료 (빌드 스킵)
/Users/twinssn/.env.common: line 41: yTO5: command not found

==================================================
[publisher] 시작: 2026-06-27 14:07:04
[step1] 신규 파일: 0개
[publisher] 새 파일 없음 — 종료 (빌드 스킵)
/Users/twinssn/.env.common: line 41: yTO5: command not found

==================================================
[publisher] 시작: 2026-06-27 14:37:04
[step1] 신규 파일: 0개
[publisher] 새 파일 없음 — 종료 (빌드 스킵)
/Users/twinssn/.env.common: line 41: yTO5: command not found

==================================================
[publisher] 시작: 2026-06-27 15:07:05
[step1] 신규 파일: 0개
[publisher] 새 파일 없음 — 종료 (빌드 스킵)
/Users/twinssn/.env.common: line 41: yTO5: command not found

==================================================
[publisher] 시작: 2026-06-27 15:37:05
[step1] 신규 파일: 0개
[publisher] 새 파일 없음 — 종료 (빌드 스킵)
/Users/twinssn/.env.common: line 41: yTO5: command not found

==================================================
[publisher] 시작: 2026-06-27 16:07:06
[step1] 신규 파일: 0개
[publisher] 새 파일 없음 — 종료 (빌드 스킵)
/Users/twinssn/.env.common: line 41: yTO5: command not found

==================================================
[publisher] 시작: 2026-06-27 16:37:06
[step1] 신규 파일: 0개
[publisher] 새 파일 없음 — 종료 (빌드 스킵)
/Users/twinssn/.env.common: line 41: yTO5: command not found

==================================================
[publisher] 시작: 2026-06-27 17:07:06
[step1] 신규 파일: 0개
[publisher] 새 파일 없음 — 종료 (빌드 스킵)
/Users/twinssn/.env.common: line 41: yTO5: command not found

==================================================
[publisher] 시작: 2026-06-27 17:37:07
[step1] 신규 파일: 0개
[publisher] 새 파일 없음 — 종료 (빌드 스킵)
/Users/twinssn/.env.common: line 41: yTO5: command not found

==================================================
[publisher] 시작: 2026-06-27 18:07:07
[step1] 신규 파일: 0개
[publisher] 새 파일 없음 — 종료 (빌드 스킵)
/Users/twinssn/.env.common: line 41: yTO5: command not found

==================================================
[publisher] 시작: 2026-06-27 18:37:07
[step1] 신규 파일: 0개
[publisher] 새 파일 없음 — 종료 (빌드 스킵)
/Users/twinssn/.env.common: line 41: yTO5: command not found

==================================================
[publisher] 시작: 2026-06-27 19:07:08
[step1] 신규 파일: 0개
[publisher] 새 파일 없음 — 종료 (빌드 스킵)
/Users/twinssn/.env.common: line 41: yTO5: command not found

==================================================
[publisher] 시작: 2026-06-27 19:37:08
[step1] 신규 파일: 0개
[publisher] 새 파일 없음 — 종료 (빌드 스킵)
/Users/twinssn/.env.common: line 41: yTO5: command not found

==================================================
[publisher] 시작: 2026-06-27 20:07:08
[step1] 신규 파일: 0개
[publisher] 새 파일 없음 — 종료 (빌드 스킵)
/Users/twinssn/.env.common: line 41: yTO5: command not found

==================================================
[publisher] 시작: 2026-06-27 20:37:09
[step1] 신규 파일: 0개
[publisher] 새 파일 없음 — 종료 (빌드 스킵)
/Users/twinssn/.env.common: line 41: yTO5: command not found

==================================================
[publisher] 시작: 2026-06-27 21:07:09
[step1] 신규 파일: 0개
[publisher] 새 파일 없음 — 종료 (빌드 스킵)
/Users/twinssn/.env.common: line 41: yTO5: command not found

==================================================
[publisher] 시작: 2026-06-27 21:37:09
[step1] 신규 파일: 0개
[publisher] 새 파일 없음 — 종료 (빌드 스킵)
/Users/twinssn/.env.common: line 41: yTO5: command not found

==================================================
[publisher] 시작: 2026-06-27 22:07:10
[step1] 신규 파일: 0개
[publisher] 새 파일 없음 — 종료 (빌드 스킵)
/Users/twinssn/.env.common: line 41: yTO5: command not found

==================================================
[publisher] 시작: 2026-06-27 22:37:10
[step1] 신규 파일: 0개
[publisher] 새 파일 없음 — 종료 (빌드 스킵)
/Users/twinssn/.env.common: line 41: yTO5: command not found

==================================================
[publisher] 시작: 2026-06-27 23:07:11
[step1] 신규 파일: 0개
[publisher] 새 파일 없음 — 종료 (빌드 스킵)
/Users/twinssn/.env.common: line 41: yTO5: command not found

==================================================
[publisher] 시작: 2026-06-27 23:37:11
[step1] 신규 파일: 0개
[publisher] 새 파일 없음 — 종료 (빌드 스킵)
/Users/twinssn/.env.common: line 41: yTO5: command not found

==================================================
[publisher] 시작: 2026-06-28 00:07:11
[step1] 신규 파일: 0개
[publisher] 새 파일 없음 — 종료 (빌드 스킵)
/Users/twinssn/.env.common: line 41: yTO5: command not found

==================================================
[publisher] 시작: 2026-06-28 00:37:12
[step1] 신규 파일: 0개
[publisher] 새 파일 없음 — 종료 (빌드 스킵)
/Users/twinssn/.env.common: line 41: yTO5: command not found

==================================================
[publisher] 시작: 2026-06-28 01:07:12
[step1] 신규 파일: 0개
[publisher] 새 파일 없음 — 종료 (빌드 스킵)
/Users/twinssn/.env.common: line 41: yTO5: command not found

==================================================
[publisher] 시작: 2026-06-28 01:37:12
[step1] 신규 파일: 0개
[publisher] 새 파일 없음 — 종료 (빌드 스킵)
/Users/twinssn/.env.common: line 41: yTO5: command not found

==================================================
[publisher] 시작: 2026-06-28 02:07:13
[step1] 신규 파일: 0개
[publisher] 새 파일 없음 — 종료 (빌드 스킵)
/Users/twinssn/.env.common: line 41: yTO5: command not found

==================================================
[publisher] 시작: 2026-06-28 02:37:13
[step1] 신규 파일: 0개
[publisher] 새 파일 없음 — 종료 (빌드 스킵)
/Users/twinssn/.env.common: line 41: yTO5: command not found

==================================================
[publisher] 시작: 2026-06-28 03:07:13
[step1] 신규 파일: 0개
[publisher] 새 파일 없음 — 종료 (빌드 스킵)
/Users/twinssn/.env.common: line 41: yTO5: command not found

==================================================
[publisher] 시작: 2026-06-28 03:37:14
[step1] 신규 파일: 0개
[publisher] 새 파일 없음 — 종료 (빌드 스킵)
/Users/twinssn/.env.common: line 41: yTO5: command not found

==================================================
[publisher] 시작: 2026-06-28 04:07:14
[step1] 신규 파일: 0개
[publisher] 새 파일 없음 — 종료 (빌드 스킵)
/Users/twinssn/.env.common: line 41: yTO5: command not found

==================================================
[publisher] 시작: 2026-06-28 04:37:15
[step1] 신규 파일: 0개
[publisher] 새 파일 없음 — 종료 (빌드 스킵)
/Users/twinssn/.env.common: line 41: yTO5: command not found

==================================================
[publisher] 시작: 2026-06-28 05:07:15
[step1] 신규 파일: 0개
[publisher] 새 파일 없음 — 종료 (빌드 스킵)
/Users/twinssn/.env.common: line 41: yTO5: command not found

==================================================
[publisher] 시작: 2026-06-28 05:37:16
[step1] 신규 파일: 0개
[publisher] 새 파일 없음 — 종료 (빌드 스킵)
/Users/twinssn/.env.common: line 41: yTO5: command not found

==================================================
[publisher] 시작: 2026-06-28 06:07:16
[step1] 신규 파일: 0개
[publisher] 새 파일 없음 — 종료 (빌드 스킵)
/Users/twinssn/.env.common: line 41: yTO5: command not found

==================================================
[publisher] 시작: 2026-06-28 06:37:16
[step1] 신규 파일: 0개
[publisher] 새 파일 없음 — 종료 (빌드 스킵)
/Users/twinssn/.env.common: line 41: yTO5: command not found

==================================================
[publisher] 시작: 2026-06-28 07:07:17
[step1] 신규 파일: 0개
[publisher] 새 파일 없음 — 종료 (빌드 스킵)
/Users/twinssn/.env.common: line 41: yTO5: command not found

==================================================
[publisher] 시작: 2026-06-28 07:37:17
[step1] 신규 파일: 0개
[publisher] 새 파일 없음 — 종료 (빌드 스킵)
/Users/twinssn/.env.common: line 41: yTO5: command not found

==================================================
[publisher] 시작: 2026-06-28 08:07:17
[step1] 신규 파일: 0개
[publisher] 새 파일 없음 — 종료 (빌드 스킵)
/Users/twinssn/.env.common: line 41: yTO5: command not found

==================================================
[publisher] 시작: 2026-06-28 08:37:18
[step1] 신규 파일: 0개
[publisher] 새 파일 없음 — 종료 (빌드 스킵)
/Users/twinssn/.env.common: line 41: yTO5: command not found

==================================================
[publisher] 시작: 2026-06-28 09:07:18
[step1] 신규 파일: 0개
[publisher] 새 파일 없음 — 종료 (빌드 스킵)
/Users/twinssn/.env.common: line 41: yTO5: command not found

==================================================
[publisher] 시작: 2026-06-28 09:37:18
[step1] 신규 파일: 0개
[publisher] 새 파일 없음 — 종료 (빌드 스킵)
/Users/twinssn/.env.common: line 41: yTO5: command not found

==================================================
[publisher] 시작: 2026-06-28 10:07:19
[step1] 신규 파일: 0개
[publisher] 새 파일 없음 — 종료 (빌드 스킵)
/Users/twinssn/.env.common: line 41: yTO5: command not found

==================================================
[publisher] 시작: 2026-06-28 10:37:19
[step1] 신규 파일: 0개
[publisher] 새 파일 없음 — 종료 (빌드 스킵)
/Users/twinssn/.env.common: line 41: yTO5: command not found

==================================================
[publisher] 시작: 2026-06-28 11:07:20
[step1] 신규 파일: 0개
[publisher] 새 파일 없음 — 종료 (빌드 스킵)
/Users/twinssn/.env.common: line 41: yTO5: command not found

==================================================
[publisher] 시작: 2026-06-28 11:37:20
[step1] 신규 파일: 0개
[publisher] 새 파일 없음 — 종료 (빌드 스킵)
/Users/twinssn/.env.common: line 41: yTO5: command not found

==================================================
[publisher] 시작: 2026-06-28 12:07:21
[step1] 신규 파일: 0개
[publisher] 새 파일 없음 — 종료 (빌드 스킵)
/Users/twinssn/.env.common: line 41: yTO5: command not found

==================================================
[publisher] 시작: 2026-06-28 12:37:21
[step1] 신규 파일: 0개
[publisher] 새 파일 없음 — 종료 (빌드 스킵)
/Users/twinssn/.env.common: line 41: yTO5: command not found

==================================================
[publisher] 시작: 2026-06-28 13:07:21
[step1] 신규 파일: 0개
[publisher] 새 파일 없음 — 종료 (빌드 스킵)
/Users/twinssn/.env.common: line 41: yTO5: command not found

==================================================
[publisher] 시작: 2026-06-28 13:37:22
[step1] 신규 파일: 0개
[publisher] 새 파일 없음 — 종료 (빌드 스킵)
/Users/twinssn/.env.common: line 41: yTO5: command not found

==================================================
[publisher] 시작: 2026-06-28 14:07:22
[step1] 신규 파일: 0개
[publisher] 새 파일 없음 — 종료 (빌드 스킵)
/Users/twinssn/.env.common: line 41: yTO5: command not found

==================================================
[publisher] 시작: 2026-06-28 14:37:23
[step1] 신규 파일: 0개
[publisher] 새 파일 없음 — 종료 (빌드 스킵)
/Users/twinssn/.env.common: line 41: yTO5: command not found

==================================================
[publisher] 시작: 2026-06-28 15:07:23
[step1] 신규 파일: 0개
[publisher] 새 파일 없음 — 종료 (빌드 스킵)
/Users/twinssn/.env.common: line 41: yTO5: command not found

==================================================
[publisher] 시작: 2026-06-28 15:37:23
[step1] 신규 파일: 0개
[publisher] 새 파일 없음 — 종료 (빌드 스킵)
/Users/twinssn/.env.common: line 41: yTO5: command not found

==================================================
[publisher] 시작: 2026-06-28 16:07:24
[step1] 신규 파일: 0개
[publisher] 새 파일 없음 — 종료 (빌드 스킵)
/Users/twinssn/.env.common: line 41: yTO5: command not found

==================================================
[publisher] 시작: 2026-06-28 16:37:24
[step1] 신규 파일: 0개
[publisher] 새 파일 없음 — 종료 (빌드 스킵)
/Users/twinssn/.env.common: line 41: yTO5: command not found

==================================================
[publisher] 시작: 2026-06-28 17:07:24
[step1] 신규 파일: 0개
[publisher] 새 파일 없음 — 종료 (빌드 스킵)
/Users/twinssn/.env.common: line 41: yTO5: command not found

==================================================
[publisher] 시작: 2026-06-28 17:37:25
[step1] 신규 파일: 0개
[publisher] 새 파일 없음 — 종료 (빌드 스킵)
/Users/twinssn/.env.common: line 41: yTO5: command not found

==================================================
[publisher] 시작: 2026-06-28 18:07:25
[step1] 신규 파일: 0개
[publisher] 새 파일 없음 — 종료 (빌드 스킵)
/Users/twinssn/.env.common: line 41: yTO5: command not found

==================================================
[publisher] 시작: 2026-06-28 18:37:26
[step1] 신규 파일: 0개
[publisher] 새 파일 없음 — 종료 (빌드 스킵)
/Users/twinssn/.env.common: line 41: yTO5: command not found

==================================================
[publisher] 시작: 2026-06-28 19:07:26
[step1] 신규 파일: 0개
[publisher] 새 파일 없음 — 종료 (빌드 스킵)
/Users/twinssn/.env.common: line 41: yTO5: command not found

==================================================
[publisher] 시작: 2026-06-28 19:37:26
[step1] 신규 파일: 0개
[publisher] 새 파일 없음 — 종료 (빌드 스킵)
/Users/twinssn/.env.common: line 41: yTO5: command not found

==================================================
[publisher] 시작: 2026-06-28 20:07:27
[step1] 신규 파일: 0개
[publisher] 새 파일 없음 — 종료 (빌드 스킵)
/Users/twinssn/.env.common: line 41: yTO5: command not found

==================================================
[publisher] 시작: 2026-06-28 20:37:27
[step1] 신규 파일: 0개
[publisher] 새 파일 없음 — 종료 (빌드 스킵)
/Users/twinssn/.env.common: line 41: yTO5: command not found

==================================================
[publisher] 시작: 2026-06-28 21:07:28
[step1] 신규 파일: 0개
[publisher] 새 파일 없음 — 종료 (빌드 스킵)
/Users/twinssn/.env.common: line 41: yTO5: command not found

==================================================
[publisher] 시작: 2026-06-28 21:37:28
[step1] 신규 파일: 0개
[publisher] 새 파일 없음 — 종료 (빌드 스킵)
/Users/twinssn/.env.common: line 41: yTO5: command not found

==================================================
[publisher] 시작: 2026-06-28 22:07:28
[step1] 신규 파일: 0개
[publisher] 새 파일 없음 — 종료 (빌드 스킵)
/Users/twinssn/.env.common: line 41: yTO5: command not found

==================================================
[publisher] 시작: 2026-06-28 22:37:29
[step1] 신규 파일: 0개
[publisher] 새 파일 없음 — 종료 (빌드 스킵)
/Users/twinssn/.env.common: line 41: yTO5: command not found

==================================================
[publisher] 시작: 2026-06-28 23:07:29
[step1] 신규 파일: 0개
[publisher] 새 파일 없음 — 종료 (빌드 스킵)
/Users/twinssn/.env.common: line 41: yTO5: command not found

==================================================
[publisher] 시작: 2026-06-28 23:37:30
[step1] 신규 파일: 0개
[publisher] 새 파일 없음 — 종료 (빌드 스킵)
/Users/twinssn/.env.common: line 41: yTO5: command not found

==================================================
[publisher] 시작: 2026-06-29 00:07:30
[step1] 신규 파일: 0개
[publisher] 새 파일 없음 — 종료 (빌드 스킵)
/Users/twinssn/.env.common: line 41: yTO5: command not found

==================================================
[publisher] 시작: 2026-06-29 00:37:31
[step1] 신규 파일: 0개
[publisher] 새 파일 없음 — 종료 (빌드 스킵)
/Users/twinssn/.env.common: line 41: yTO5: command not found

==================================================
[publisher] 시작: 2026-06-29 01:07:31
[step1] 신규 파일: 0개
[publisher] 새 파일 없음 — 종료 (빌드 스킵)
/Users/twinssn/.env.common: line 41: yTO5: command not found

==================================================
[publisher] 시작: 2026-06-29 01:37:32
[step1] 신규 파일: 0개
[publisher] 새 파일 없음 — 종료 (빌드 스킵)
/Users/twinssn/.env.common: line 41: yTO5: command not found

==================================================
[publisher] 시작: 2026-06-29 02:07:32
[step1] 신규 파일: 0개
[publisher] 새 파일 없음 — 종료 (빌드 스킵)
/Users/twinssn/.env.common: line 41: yTO5: command not found

==================================================
[publisher] 시작: 2026-06-29 02:37:33
[step1] 신규 파일: 0개
[publisher] 새 파일 없음 — 종료 (빌드 스킵)
/Users/twinssn/.env.common: line 41: yTO5: command not found

==================================================
[publisher] 시작: 2026-06-29 03:07:33
[step1] 신규 파일: 0개
[publisher] 새 파일 없음 — 종료 (빌드 스킵)
/Users/twinssn/.env.common: line 41: yTO5: command not found

==================================================
[publisher] 시작: 2026-06-29 03:37:33
[step1] 신규 파일: 0개
[publisher] 새 파일 없음 — 종료 (빌드 스킵)
/Users/twinssn/.env.common: line 41: yTO5: command not found

==================================================
[publisher] 시작: 2026-06-29 04:07:34
[step1] 신규 파일: 0개
[publisher] 새 파일 없음 — 종료 (빌드 스킵)
/Users/twinssn/.env.common: line 41: yTO5: command not found

==================================================
[publisher] 시작: 2026-06-29 04:37:34
[step1] 신규 파일: 0개
[publisher] 새 파일 없음 — 종료 (빌드 스킵)
/Users/twinssn/.env.common: line 41: yTO5: command not found

==================================================
[publisher] 시작: 2026-06-29 05:07:34
[step1] 신규 파일: 0개
[publisher] 새 파일 없음 — 종료 (빌드 스킵)
/Users/twinssn/.env.common: line 41: yTO5: command not found

==================================================
[publisher] 시작: 2026-06-29 05:37:35
[step1] 신규 파일: 0개
[publisher] 새 파일 없음 — 종료 (빌드 스킵)
/Users/twinssn/.env.common: line 41: yTO5: command not found

==================================================
[publisher] 시작: 2026-06-29 06:07:35
[step1] 신규 파일: 0개
[publisher] 새 파일 없음 — 종료 (빌드 스킵)
/Users/twinssn/.env.common: line 41: yTO5: command not found

==================================================
[publisher] 시작: 2026-06-29 06:37:35
[step1] 신규 파일: 0개
[publisher] 새 파일 없음 — 종료 (빌드 스킵)
/Users/twinssn/.env.common: line 41: yTO5: command not found

==================================================
[publisher] 시작: 2026-06-29 07:07:36
[step1] 신규 파일: 0개
[publisher] 새 파일 없음 — 종료 (빌드 스킵)
/Users/twinssn/.env.common: line 41: yTO5: command not found

==================================================
[publisher] 시작: 2026-06-29 07:37:36
[step1] 신규 파일: 0개
[publisher] 새 파일 없음 — 종료 (빌드 스킵)
/Users/twinssn/.env.common: line 41: yTO5: command not found

==================================================
[publisher] 시작: 2026-06-29 08:07:36
[step1] 신규 파일: 0개
[publisher] 새 파일 없음 — 종료 (빌드 스킵)
/Users/twinssn/.env.common: line 41: yTO5: command not found

==================================================
[publisher] 시작: 2026-06-29 08:37:37
[step1] 신규 파일: 0개
[publisher] 새 파일 없음 — 종료 (빌드 스킵)
/Users/twinssn/.env.common: line 41: yTO5: command not found

==================================================
[publisher] 시작: 2026-06-29 09:07:37
[step1] 신규 파일: 0개
[publisher] 새 파일 없음 — 종료 (빌드 스킵)
/Users/twinssn/.env.common: line 41: yTO5: command not found

==================================================
[publisher] 시작: 2026-06-29 09:37:38
[step1] 신규 파일: 0개
[publisher] 새 파일 없음 — 종료 (빌드 스킵)
/Users/twinssn/.env.common: line 41: yTO5: command not found

==================================================
[publisher] 시작: 2026-06-29 10:07:38
[step1] 신규 파일: 0개
[publisher] 새 파일 없음 — 종료 (빌드 스킵)
/Users/twinssn/.env.common: line 41: yTO5: command not found

==================================================
[publisher] 시작: 2026-06-29 10:37:38
[step1] 신규 파일: 0개
[publisher] 새 파일 없음 — 종료 (빌드 스킵)
/Users/twinssn/.env.common: line 41: yTO5: command not found

==================================================
[publisher] 시작: 2026-06-29 11:07:39
[step1] 신규 파일: 0개
[publisher] 새 파일 없음 — 종료 (빌드 스킵)
/Users/twinssn/.env.common: line 41: yTO5: command not found

==================================================
[publisher] 시작: 2026-06-29 11:37:39
[step1] 신규 파일: 0개
[publisher] 새 파일 없음 — 종료 (빌드 스킵)
/Users/twinssn/.env.common: line 41: yTO5: command not found

==================================================
[publisher] 시작: 2026-06-29 12:07:39
[step1] 신규 파일: 0개
[publisher] 새 파일 없음 — 종료 (빌드 스킵)
/Users/twinssn/.env.common: line 41: yTO5: command not found

==================================================
[publisher] 시작: 2026-06-29 12:37:40
[step1] 신규 파일: 0개
[publisher] 새 파일 없음 — 종료 (빌드 스킵)
/Users/twinssn/.env.common: line 41: yTO5: command not found

==================================================
[publisher] 시작: 2026-06-29 13:07:40
[step1] 신규 파일: 0개
[publisher] 새 파일 없음 — 종료 (빌드 스킵)
/Users/twinssn/.env.common: line 41: yTO5: command not found

==================================================
[publisher] 시작: 2026-06-29 13:37:41
[step1] 신규 파일: 0개
[publisher] 새 파일 없음 — 종료 (빌드 스킵)
/Users/twinssn/.env.common: line 41: yTO5: command not found

==================================================
[publisher] 시작: 2026-06-29 14:07:41
[step1] 신규 파일: 0개
[publisher] 새 파일 없음 — 종료 (빌드 스킵)
/Users/twinssn/.env.common: line 41: yTO5: command not found

==================================================
[publisher] 시작: 2026-06-29 14:37:42
[step1] 신규 파일: 0개
[publisher] 새 파일 없음 — 종료 (빌드 스킵)
/Users/twinssn/.env.common: line 41: yTO5: command not found

==================================================
[publisher] 시작: 2026-06-29 15:07:42
[step1] 신규 파일: 0개
[publisher] 새 파일 없음 — 종료 (빌드 스킵)
/Users/twinssn/.env.common: line 41: yTO5: command not found

==================================================
[publisher] 시작: 2026-06-29 15:37:42
[step1] 신규 파일: 0개
[publisher] 새 파일 없음 — 종료 (빌드 스킵)
/Users/twinssn/.env.common: line 41: yTO5: command not found

==================================================
[publisher] 시작: 2026-06-29 16:07:43
[step1] 신규 파일: 0개
[publisher] 새 파일 없음 — 종료 (빌드 스킵)
/Users/twinssn/.env.common: line 41: yTO5: command not found

==================================================
[publisher] 시작: 2026-06-29 16:37:43
[step1] 신규 파일: 0개
[publisher] 새 파일 없음 — 종료 (빌드 스킵)
/Users/twinssn/.env.common: line 41: yTO5: command not found

==================================================
[publisher] 시작: 2026-06-29 17:07:45
[step1] 신규 파일: 0개
[publisher] 새 파일 없음 — 종료 (빌드 스킵)
/Users/twinssn/.env.common: line 41: yTO5: command not found

==================================================
[publisher] 시작: 2026-06-29 17:37:45
[step1] 신규 파일: 0개
[publisher] 새 파일 없음 — 종료 (빌드 스킵)
/Users/twinssn/.env.common: line 41: yTO5: command not found

==================================================
[publisher] 시작: 2026-06-29 18:07:46
[step1] 신규 파일: 0개
[publisher] 새 파일 없음 — 종료 (빌드 스킵)
/Users/twinssn/.env.common: line 41: yTO5: command not found

==================================================
[publisher] 시작: 2026-06-29 18:37:46
[step1] 신규 파일: 0개
[publisher] 새 파일 없음 — 종료 (빌드 스킵)
/Users/twinssn/.env.common: line 41: yTO5: command not found

==================================================
[publisher] 시작: 2026-06-29 19:07:46
[step1] 신규 파일: 0개
[publisher] 새 파일 없음 — 종료 (빌드 스킵)
/Users/twinssn/.env.common: line 41: yTO5: command not found

==================================================
[publisher] 시작: 2026-06-29 19:37:47
[step1] 신규 파일: 0개
[publisher] 새 파일 없음 — 종료 (빌드 스킵)
/Users/twinssn/.env.common: line 41: yTO5: command not found

==================================================
[publisher] 시작: 2026-06-29 20:07:47
[step1] 신규 파일: 0개
[publisher] 새 파일 없음 — 종료 (빌드 스킵)
/Users/twinssn/.env.common: line 41: yTO5: command not found

==================================================
[publisher] 시작: 2026-06-29 20:37:48
[step1] 신규 파일: 0개
[publisher] 새 파일 없음 — 종료 (빌드 스킵)
/Users/twinssn/.env.common: line 41: yTO5: command not found

==================================================
[publisher] 시작: 2026-06-29 21:07:49
[step1] 신규 파일: 0개
[publisher] 새 파일 없음 — 종료 (빌드 스킵)
/Users/twinssn/.env.common: line 41: yTO5: command not found

==================================================
[publisher] 시작: 2026-06-29 21:37:50
[step1] 신규 파일: 0개
[publisher] 새 파일 없음 — 종료 (빌드 스킵)
/Users/twinssn/.env.common: line 41: yTO5: command not found

==================================================
[publisher] 시작: 2026-06-29 22:07:50
[step1] 신규 파일: 0개
[publisher] 새 파일 없음 — 종료 (빌드 스킵)
/Users/twinssn/.env.common: line 41: yTO5: command not found

==================================================
[publisher] 시작: 2026-06-29 22:37:50
[step1] 신규 파일: 0개
[publisher] 새 파일 없음 — 종료 (빌드 스킵)
/Users/twinssn/.env.common: line 41: yTO5: command not found

==================================================
[publisher] 시작: 2026-06-29 23:07:51
[step1] 신규 파일: 0개
[publisher] 새 파일 없음 — 종료 (빌드 스킵)
/Users/twinssn/.env.common: line 41: yTO5: command not found

==================================================
[publisher] 시작: 2026-06-29 23:37:51
[step1] 신규 파일: 0개
[publisher] 새 파일 없음 — 종료 (빌드 스킵)
/Users/twinssn/.env.common: line 41: yTO5: command not found

==================================================
[publisher] 시작: 2026-06-30 00:07:51
[step1] 신규 파일: 0개
[publisher] 새 파일 없음 — 종료 (빌드 스킵)
/Users/twinssn/.env.common: line 41: yTO5: command not found

==================================================
[publisher] 시작: 2026-06-30 00:37:52
[step1] 신규 파일: 0개
[publisher] 새 파일 없음 — 종료 (빌드 스킵)
/Users/twinssn/.env.common: line 41: yTO5: command not found

==================================================
[publisher] 시작: 2026-06-30 01:07:52
[step1] 신규 파일: 0개
[publisher] 새 파일 없음 — 종료 (빌드 스킵)
/Users/twinssn/.env.common: line 41: yTO5: command not found

==================================================
[publisher] 시작: 2026-06-30 01:37:53
[step1] 신규 파일: 0개
[publisher] 새 파일 없음 — 종료 (빌드 스킵)
/Users/twinssn/.env.common: line 41: yTO5: command not found

==================================================
[publisher] 시작: 2026-06-30 02:07:53
[step1] 신규 파일: 0개
[publisher] 새 파일 없음 — 종료 (빌드 스킵)
/Users/twinssn/.env.common: line 41: yTO5: command not found

==================================================
[publisher] 시작: 2026-06-30 02:37:53
[step1] 신규 파일: 0개
[publisher] 새 파일 없음 — 종료 (빌드 스킵)
/Users/twinssn/.env.common: line 41: yTO5: command not found

==================================================
[publisher] 시작: 2026-06-30 03:07:54
[step1] 신규 파일: 0개
[publisher] 새 파일 없음 — 종료 (빌드 스킵)
/Users/twinssn/.env.common: line 41: yTO5: command not found

==================================================
[publisher] 시작: 2026-06-30 03:37:54
[step1] 신규 파일: 0개
[publisher] 새 파일 없음 — 종료 (빌드 스킵)
/Users/twinssn/.env.common: line 41: yTO5: command not found

==================================================
[publisher] 시작: 2026-06-30 04:07:54
[step1] 신규 파일: 0개
[publisher] 새 파일 없음 — 종료 (빌드 스킵)
/Users/twinssn/.env.common: line 41: yTO5: command not found

==================================================
[publisher] 시작: 2026-06-30 04:37:55
[step1] 신규 파일: 0개
[publisher] 새 파일 없음 — 종료 (빌드 스킵)
/Users/twinssn/.env.common: line 41: yTO5: command not found

==================================================
[publisher] 시작: 2026-06-30 05:07:55
[step1] 신규 파일: 0개
[publisher] 새 파일 없음 — 종료 (빌드 스킵)
/Users/twinssn/.env.common: line 41: yTO5: command not found

==================================================
[publisher] 시작: 2026-06-30 05:37:56
[step1] 신규 파일: 0개
[publisher] 새 파일 없음 — 종료 (빌드 스킵)
/Users/twinssn/.env.common: line 41: yTO5: command not found

==================================================
[publisher] 시작: 2026-06-30 06:07:56
[step1] 신규 파일: 0개
[publisher] 새 파일 없음 — 종료 (빌드 스킵)
/Users/twinssn/.env.common: line 41: yTO5: command not found

==================================================
[publisher] 시작: 2026-06-30 06:37:56
[step1] 신규 파일: 0개
[publisher] 새 파일 없음 — 종료 (빌드 스킵)
/Users/twinssn/.env.common: line 41: yTO5: command not found

==================================================
[publisher] 시작: 2026-06-30 07:07:57
[step1] 신규 파일: 0개
[publisher] 새 파일 없음 — 종료 (빌드 스킵)
/Users/twinssn/.env.common: line 41: yTO5: command not found

==================================================
[publisher] 시작: 2026-06-30 07:37:57
[step1] 신규 파일: 0개
[publisher] 새 파일 없음 — 종료 (빌드 스킵)
/Users/twinssn/.env.common: line 41: yTO5: command not found

==================================================
[publisher] 시작: 2026-06-30 08:07:58
[step1] 신규 파일: 0개
[publisher] 새 파일 없음 — 종료 (빌드 스킵)
/Users/twinssn/.env.common: line 41: yTO5: command not found

==================================================
[publisher] 시작: 2026-06-30 08:37:58
[step1] 신규 파일: 0개
[publisher] 새 파일 없음 — 종료 (빌드 스킵)
/Users/twinssn/.env.common: line 41: yTO5: command not found

==================================================
[publisher] 시작: 2026-06-30 09:07:59
[step1] 신규 파일: 0개
[publisher] 새 파일 없음 — 종료 (빌드 스킵)
/Users/twinssn/.env.common: line 41: yTO5: command not found

==================================================
[publisher] 시작: 2026-06-30 09:37:59
[step1] 신규 파일: 0개
[publisher] 새 파일 없음 — 종료 (빌드 스킵)
/Users/twinssn/.env.common: line 41: yTO5: command not found

==================================================
[publisher] 시작: 2026-06-30 10:07:59
[step1] 신규 파일: 0개
[publisher] 새 파일 없음 — 종료 (빌드 스킵)
/Users/twinssn/.env.common: line 41: yTO5: command not found

==================================================
[publisher] 시작: 2026-06-30 10:38:00
[step1] 신규 파일: 0개
[publisher] 새 파일 없음 — 종료 (빌드 스킵)
/Users/twinssn/.env.common: line 41: yTO5: command not found

==================================================
[publisher] 시작: 2026-06-30 11:08:00
[step1] 신규 파일: 0개
[publisher] 새 파일 없음 — 종료 (빌드 스킵)
/Users/twinssn/.env.common: line 41: yTO5: command not found

==================================================
[publisher] 시작: 2026-06-30 11:38:01
[step1] 신규 파일: 0개
[publisher] 새 파일 없음 — 종료 (빌드 스킵)
/Users/twinssn/.env.common: line 41: yTO5: command not found

==================================================
[publisher] 시작: 2026-06-30 12:08:01
[step1] 신규 파일: 0개
[publisher] 새 파일 없음 — 종료 (빌드 스킵)
/Users/twinssn/.env.common: line 41: yTO5: command not found

==================================================
[publisher] 시작: 2026-06-30 12:38:02
[step1] 신규 파일: 0개
[publisher] 새 파일 없음 — 종료 (빌드 스킵)
/Users/twinssn/.env.common: line 41: yTO5: command not found

==================================================
[publisher] 시작: 2026-06-30 13:08:02
[step1] 신규 파일: 0개
[publisher] 새 파일 없음 — 종료 (빌드 스킵)
/Users/twinssn/.env.common: line 41: yTO5: command not found

==================================================
[publisher] 시작: 2026-06-30 13:38:02
[step1] 신규 파일: 0개
[publisher] 새 파일 없음 — 종료 (빌드 스킵)
/Users/twinssn/.env.common: line 41: yTO5: command not found

==================================================
[publisher] 시작: 2026-06-30 14:08:03
[step1] 신규 파일: 0개
[publisher] 새 파일 없음 — 종료 (빌드 스킵)
/Users/twinssn/.env.common: line 41: yTO5: command not found

==================================================
[publisher] 시작: 2026-06-30 14:38:04
[step1] 신규 파일: 0개
[publisher] 새 파일 없음 — 종료 (빌드 스킵)
/Users/twinssn/.env.common: line 41: yTO5: command not found

==================================================
[publisher] 시작: 2026-06-30 15:08:04
[step1] 신규 파일: 0개
[publisher] 새 파일 없음 — 종료 (빌드 스킵)
/Users/twinssn/.env.common: line 41: yTO5: command not found

==================================================
[publisher] 시작: 2026-06-30 15:38:05
[step1] 신규 파일: 0개
[publisher] 새 파일 없음 — 종료 (빌드 스킵)
/Users/twinssn/.env.common: line 41: yTO5: command not found

==================================================
[publisher] 시작: 2026-06-30 16:08:05
[step1] 신규 파일: 0개
[publisher] 새 파일 없음 — 종료 (빌드 스킵)
/Users/twinssn/.env.common: line 41: yTO5: command not found

==================================================
[publisher] 시작: 2026-06-30 16:38:05
[step1] 신규 파일: 0개
[publisher] 새 파일 없음 — 종료 (빌드 스킵)
/Users/twinssn/.env.common: line 41: yTO5: command not found

==================================================
[publisher] 시작: 2026-06-30 17:08:06
[step1] 신규 파일: 0개
[publisher] 새 파일 없음 — 종료 (빌드 스킵)
/Users/twinssn/.env.common: line 41: yTO5: command not found

==================================================
[publisher] 시작: 2026-06-30 17:38:06
[step1] 신규 파일: 0개
[publisher] 새 파일 없음 — 종료 (빌드 스킵)
/Users/twinssn/.env.common: line 41: yTO5: command not found

==================================================
[publisher] 시작: 2026-06-30 18:08:06
[step1] 신규 파일: 0개
[publisher] 새 파일 없음 — 종료 (빌드 스킵)
/Users/twinssn/.env.common: line 41: yTO5: command not found

==================================================
[publisher] 시작: 2026-06-30 18:38:07
[step1] 신규 파일: 0개
[publisher] 새 파일 없음 — 종료 (빌드 스킵)
/Users/twinssn/.env.common: line 41: yTO5: command not found

==================================================
[publisher] 시작: 2026-06-30 19:08:07
[step1] 신규 파일: 0개
[publisher] 새 파일 없음 — 종료 (빌드 스킵)
/Users/twinssn/.env.common: line 41: yTO5: command not found

==================================================
[publisher] 시작: 2026-06-30 19:38:07
[step1] 신규 파일: 0개
[publisher] 새 파일 없음 — 종료 (빌드 스킵)
/Users/twinssn/.env.common: line 41: yTO5: command not found

==================================================
[publisher] 시작: 2026-06-30 20:08:08
[step1] 신규 파일: 0개
[publisher] 새 파일 없음 — 종료 (빌드 스킵)
/Users/twinssn/.env.common: line 41: yTO5: command not found

==================================================
[publisher] 시작: 2026-06-30 20:38:08
[step1] 신규 파일: 0개
[publisher] 새 파일 없음 — 종료 (빌드 스킵)
/Users/twinssn/.env.common: line 41: yTO5: command not found

==================================================
[publisher] 시작: 2026-06-30 21:08:09
[step1] 신규 파일: 0개
[publisher] 새 파일 없음 — 종료 (빌드 스킵)
/Users/twinssn/.env.common: line 41: yTO5: command not found

==================================================
[publisher] 시작: 2026-06-30 21:38:09
[step1] 신규 파일: 0개
[publisher] 새 파일 없음 — 종료 (빌드 스킵)
/Users/twinssn/.env.common: line 41: yTO5: command not found

==================================================
[publisher] 시작: 2026-06-30 22:08:10
[step1] 신규 파일: 0개
[publisher] 새 파일 없음 — 종료 (빌드 스킵)
/Users/twinssn/.env.common: line 41: yTO5: command not found

==================================================
[publisher] 시작: 2026-06-30 22:38:10
[step1] 신규 파일: 0개
[publisher] 새 파일 없음 — 종료 (빌드 스킵)
/Users/twinssn/.env.common: line 41: yTO5: command not found

==================================================
[publisher] 시작: 2026-06-30 23:08:10
[step1] 신규 파일: 0개
[publisher] 새 파일 없음 — 종료 (빌드 스킵)
/Users/twinssn/.env.common: line 41: yTO5: command not found

==================================================
[publisher] 시작: 2026-06-30 23:38:11
[step1] 신규 파일: 0개
[publisher] 새 파일 없음 — 종료 (빌드 스킵)
/Users/twinssn/.env.common: line 41: yTO5: command not found

==================================================
[publisher] 시작: 2026-07-01 00:08:11
[step1] 신규 파일: 0개
[publisher] 새 파일 없음 — 종료 (빌드 스킵)
/Users/twinssn/.env.common: line 41: yTO5: command not found

==================================================
[publisher] 시작: 2026-07-01 00:38:12
[step1] 신규 파일: 0개
[publisher] 새 파일 없음 — 종료 (빌드 스킵)
/Users/twinssn/.env.common: line 41: yTO5: command not found

==================================================
[publisher] 시작: 2026-07-01 01:08:16
[step1] 신규 파일: 0개
[publisher] 새 파일 없음 — 종료 (빌드 스킵)
/Users/twinssn/.env.common: line 41: yTO5: command not found

==================================================
[publisher] 시작: 2026-07-01 01:38:16
[step1] 신규 파일: 0개
[publisher] 새 파일 없음 — 종료 (빌드 스킵)
/Users/twinssn/.env.common: line 41: yTO5: command not found

==================================================
[publisher] 시작: 2026-07-01 02:08:16
[step1] 신규 파일: 0개
[publisher] 새 파일 없음 — 종료 (빌드 스킵)
/Users/twinssn/.env.common: line 41: yTO5: command not found

==================================================
[publisher] 시작: 2026-07-01 02:38:17
[step1] 신규 파일: 0개
[publisher] 새 파일 없음 — 종료 (빌드 스킵)
/Users/twinssn/.env.common: line 41: yTO5: command not found

==================================================
[publisher] 시작: 2026-07-01 03:08:17
[step1] 신규 파일: 0개
[publisher] 새 파일 없음 — 종료 (빌드 스킵)
/Users/twinssn/.env.common: line 41: yTO5: command not found

==================================================
[publisher] 시작: 2026-07-01 03:38:17
[step1] 신규 파일: 0개
[publisher] 새 파일 없음 — 종료 (빌드 스킵)
/Users/twinssn/.env.common: line 41: yTO5: command not found

==================================================
[publisher] 시작: 2026-07-01 04:08:18
[step1] 신규 파일: 0개
[publisher] 새 파일 없음 — 종료 (빌드 스킵)
/Users/twinssn/.env.common: line 41: yTO5: command not found

==================================================
[publisher] 시작: 2026-07-01 04:38:18
[step1] 신규 파일: 0개
[publisher] 새 파일 없음 — 종료 (빌드 스킵)
/Users/twinssn/.env.common: line 41: yTO5: command not found

==================================================
[publisher] 시작: 2026-07-01 05:08:19
[step1] 신규 파일: 0개
[publisher] 새 파일 없음 — 종료 (빌드 스킵)
/Users/twinssn/.env.common: line 41: yTO5: command not found

==================================================
[publisher] 시작: 2026-07-01 05:38:19
[step1] 신규 파일: 0개
[publisher] 새 파일 없음 — 종료 (빌드 스킵)
/Users/twinssn/.env.common: line 41: yTO5: command not found

==================================================
[publisher] 시작: 2026-07-01 06:08:19
[step1] 신규 파일: 0개
[publisher] 새 파일 없음 — 종료 (빌드 스킵)
/Users/twinssn/.env.common: line 41: yTO5: command not found

==================================================
[publisher] 시작: 2026-07-01 06:38:20
[step1] 신규 파일: 0개
[publisher] 새 파일 없음 — 종료 (빌드 스킵)
/Users/twinssn/.env.common: line 41: yTO5: command not found

==================================================
[publisher] 시작: 2026-07-01 07:08:20
[step1] 신규 파일: 0개
[publisher] 새 파일 없음 — 종료 (빌드 스킵)

==================================================
[publisher] 시작: 2026-07-01 07:38:21
[step1] 신규 파일: 0개
[publisher] 새 파일 없음 — 종료 (빌드 스킵)

==================================================
[publisher] 시작: 2026-07-01 08:08:21
[step1] 신규 파일: 0개
[publisher] 새 파일 없음 — 종료 (빌드 스킵)

==================================================
[publisher] 시작: 2026-07-01 08:38:21
[step1] 신규 파일: 0개
[publisher] 새 파일 없음 — 종료 (빌드 스킵)

==================================================
[publisher] 시작: 2026-07-01 09:08:22
[step1] 신규 파일: 0개
[publisher] 새 파일 없음 — 종료 (빌드 스킵)

==================================================
[publisher] 시작: 2026-07-01 09:38:22
[step1] 신규 파일: 0개
[publisher] 새 파일 없음 — 종료 (빌드 스킵)

==================================================
[publisher] 시작: 2026-07-01 10:08:22
[step1] 신규 파일: 0개
[publisher] 새 파일 없음 — 종료 (빌드 스킵)

==================================================
[publisher] 시작: 2026-07-01 10:38:23
[step1] 신규 파일: 0개
[publisher] 새 파일 없음 — 종료 (빌드 스킵)

==================================================
[publisher] 시작: 2026-07-01 11:08:23
[step1] 신규 파일: 0개
[publisher] 새 파일 없음 — 종료 (빌드 스킵)

==================================================
[publisher] 시작: 2026-07-01 11:38:24
[step1] 신규 파일: 0개
[publisher] 새 파일 없음 — 종료 (빌드 스킵)

==================================================
[publisher] 시작: 2026-07-01 12:08:24
[step1] 신규 파일: 0개
[publisher] 새 파일 없음 — 종료 (빌드 스킵)

==================================================
[publisher] 시작: 2026-07-01 12:38:24
[step1] 신규 파일: 0개
[publisher] 새 파일 없음 — 종료 (빌드 스킵)

==================================================
[publisher] 시작: 2026-07-01 13:08:25
[step1] 신규 파일: 0개
[publisher] 새 파일 없음 — 종료 (빌드 스킵)

==================================================
[publisher] 시작: 2026-07-01 13:38:25
[step1] 신규 파일: 0개
[publisher] 새 파일 없음 — 종료 (빌드 스킵)

==================================================
[publisher] 시작: 2026-07-01 14:08:26
[step1] 신규 파일: 0개
[publisher] 새 파일 없음 — 종료 (빌드 스킵)

==================================================
[publisher] 시작: 2026-07-01 14:38:26
[step1] 신규 파일: 0개
[publisher] 새 파일 없음 — 종료 (빌드 스킵)

==================================================
[publisher] 시작: 2026-07-01 15:08:26
[step1] 신규 파일: 0개
[publisher] 새 파일 없음 — 종료 (빌드 스킵)

==================================================
[publisher] 시작: 2026-07-01 15:38:27
[step1] 신규 파일: 0개
[publisher] 새 파일 없음 — 종료 (빌드 스킵)

==================================================
[publisher] 시작: 2026-07-01 16:08:27
[step1] 신규 파일: 0개
[publisher] 새 파일 없음 — 종료 (빌드 스킵)

==================================================
[publisher] 시작: 2026-07-01 16:38:28
[step1] 신규 파일: 0개
[publisher] 새 파일 없음 — 종료 (빌드 스킵)

==================================================
[publisher] 시작: 2026-07-01 17:08:28
[step1] 신규 파일: 0개
[publisher] 새 파일 없음 — 종료 (빌드 스킵)

==================================================
[publisher] 시작: 2026-07-01 17:38:28
[step1] 신규 파일: 0개
[publisher] 새 파일 없음 — 종료 (빌드 스킵)

==================================================
[publisher] 시작: 2026-07-01 18:08:29
[step1] 신규 파일: 0개
[publisher] 새 파일 없음 — 종료 (빌드 스킵)

==================================================
[publisher] 시작: 2026-07-01 18:38:29
[step1] 신규 파일: 0개
[publisher] 새 파일 없음 — 종료 (빌드 스킵)

==================================================
[publisher] 시작: 2026-07-01 19:08:30
[step1] 신규 파일: 0개
[publisher] 새 파일 없음 — 종료 (빌드 스킵)

==================================================
[publisher] 시작: 2026-07-01 19:38:30
[step1] 신규 파일: 0개
[publisher] 새 파일 없음 — 종료 (빌드 스킵)

==================================================
[publisher] 시작: 2026-07-01 20:08:30
[step1] 신규 파일: 0개
[publisher] 새 파일 없음 — 종료 (빌드 스킵)

==================================================
[publisher] 시작: 2026-07-01 20:38:31
[step1] 신규 파일: 0개
[publisher] 새 파일 없음 — 종료 (빌드 스킵)

==================================================
[publisher] 시작: 2026-07-01 21:08:31
[step1] 신규 파일: 0개
[publisher] 새 파일 없음 — 종료 (빌드 스킵)

==================================================
[publisher] 시작: 2026-07-01 21:38:31
[step1] 신규 파일: 0개
[publisher] 새 파일 없음 — 종료 (빌드 스킵)

==================================================
[publisher] 시작: 2026-07-01 22:08:32
[step1] 신규 파일: 0개
[publisher] 새 파일 없음 — 종료 (빌드 스킵)

==================================================
[publisher] 시작: 2026-07-01 22:38:32
[step1] 신규 파일: 0개
[publisher] 새 파일 없음 — 종료 (빌드 스킵)

==================================================
[publisher] 시작: 2026-07-01 23:08:32
[step1] 신규 파일: 0개
[publisher] 새 파일 없음 — 종료 (빌드 스킵)

==================================================
[publisher] 시작: 2026-07-01 23:38:33
[step1] 신규 파일: 0개
[publisher] 새 파일 없음 — 종료 (빌드 스킵)

==================================================
[publisher] 시작: 2026-07-02 00:08:33
[step1] 신규 파일: 0개
[publisher] 새 파일 없음 — 종료 (빌드 스킵)

==================================================
[publisher] 시작: 2026-07-02 00:38:33
[step1] 신규 파일: 0개
[publisher] 새 파일 없음 — 종료 (빌드 스킵)

==================================================
[publisher] 시작: 2026-07-02 01:08:34
[step1] 신규 파일: 0개
[publisher] 새 파일 없음 — 종료 (빌드 스킵)

==================================================
[publisher] 시작: 2026-07-02 01:38:34
[step1] 신규 파일: 0개
[publisher] 새 파일 없음 — 종료 (빌드 스킵)

==================================================
[publisher] 시작: 2026-07-02 02:08:34
[step1] 신규 파일: 0개
[publisher] 새 파일 없음 — 종료 (빌드 스킵)

==================================================
[publisher] 시작: 2026-07-02 02:38:35
[step1] 신규 파일: 0개
[publisher] 새 파일 없음 — 종료 (빌드 스킵)

==================================================
[publisher] 시작: 2026-07-02 03:08:35
[step1] 신규 파일: 0개
[publisher] 새 파일 없음 — 종료 (빌드 스킵)

==================================================
[publisher] 시작: 2026-07-02 03:38:35
[step1] 신규 파일: 0개
[publisher] 새 파일 없음 — 종료 (빌드 스킵)

==================================================
[publisher] 시작: 2026-07-02 04:08:36
[step1] 신규 파일: 0개
[publisher] 새 파일 없음 — 종료 (빌드 스킵)

==================================================
[publisher] 시작: 2026-07-02 04:38:36
[step1] 신규 파일: 0개
[publisher] 새 파일 없음 — 종료 (빌드 스킵)

==================================================
[publisher] 시작: 2026-07-02 05:08:37
[step1] 신규 파일: 0개
[publisher] 새 파일 없음 — 종료 (빌드 스킵)

==================================================
[publisher] 시작: 2026-07-02 05:38:37
[step1] 신규 파일: 0개
[publisher] 새 파일 없음 — 종료 (빌드 스킵)

==================================================
[publisher] 시작: 2026-07-02 06:08:37
[step1] 신규 파일: 0개
[publisher] 새 파일 없음 — 종료 (빌드 스킵)

==================================================
[publisher] 시작: 2026-07-02 06:38:38
[step1] 신규 파일: 0개
[publisher] 새 파일 없음 — 종료 (빌드 스킵)

==================================================
[publisher] 시작: 2026-07-02 07:08:38
[step1] 신규 파일: 0개
[publisher] 새 파일 없음 — 종료 (빌드 스킵)

==================================================
[publisher] 시작: 2026-07-02 07:38:38
[step1] 신규 파일: 0개
[publisher] 새 파일 없음 — 종료 (빌드 스킵)

==================================================
[publisher] 시작: 2026-07-02 08:08:39
[step1] 신규 파일: 0개
[publisher] 새 파일 없음 — 종료 (빌드 스킵)

==================================================
[publisher] 시작: 2026-07-02 08:38:39
[step1] 신규 파일: 0개
[publisher] 새 파일 없음 — 종료 (빌드 스킵)

==================================================
[publisher] 시작: 2026-07-02 09:08:39
[step1] 신규 파일: 0개
[publisher] 새 파일 없음 — 종료 (빌드 스킵)

==================================================
[publisher] 시작: 2026-07-02 09:38:40
[step1] 신규 파일: 0개
[publisher] 새 파일 없음 — 종료 (빌드 스킵)

==================================================
[publisher] 시작: 2026-07-02 10:08:40
[step1] 신규 파일: 0개
[publisher] 새 파일 없음 — 종료 (빌드 스킵)

==================================================
[publisher] 시작: 2026-07-02 10:38:41
[step1] 신규 파일: 0개
[publisher] 새 파일 없음 — 종료 (빌드 스킵)

==================================================
[publisher] 시작: 2026-07-02 11:08:41
[step1] 신규 파일: 0개
[publisher] 새 파일 없음 — 종료 (빌드 스킵)

==================================================
[publisher] 시작: 2026-07-02 11:38:42
[step1] 신규 파일: 0개
[publisher] 새 파일 없음 — 종료 (빌드 스킵)

==================================================
[publisher] 시작: 2026-07-02 12:08:42
[step1] 신규 파일: 0개
[publisher] 새 파일 없음 — 종료 (빌드 스킵)

==================================================
[publisher] 시작: 2026-07-02 12:38:42
[step1] 신규 파일: 0개
[publisher] 새 파일 없음 — 종료 (빌드 스킵)

==================================================
[publisher] 시작: 2026-07-02 13:08:43
[step1] 신규 파일: 0개
[publisher] 새 파일 없음 — 종료 (빌드 스킵)

==================================================
[publisher] 시작: 2026-07-02 13:38:43
[step1] 신규 파일: 0개
[publisher] 새 파일 없음 — 종료 (빌드 스킵)

==================================================
[publisher] 시작: 2026-07-02 14:08:44
[step1] 신규 파일: 0개
[publisher] 새 파일 없음 — 종료 (빌드 스킵)

==================================================
[publisher] 시작: 2026-07-02 14:38:44
[step1] 신규 파일: 0개
[publisher] 새 파일 없음 — 종료 (빌드 스킵)

==================================================
[publisher] 시작: 2026-07-02 15:08:45
[step1] 신규 파일: 0개
[publisher] 새 파일 없음 — 종료 (빌드 스킵)

==================================================
[publisher] 시작: 2026-07-02 15:38:45
[step1] 신규 파일: 0개
[publisher] 새 파일 없음 — 종료 (빌드 스킵)

==================================================
[publisher] 시작: 2026-07-02 16:08:46
[step1] 신규 파일: 0개
[publisher] 새 파일 없음 — 종료 (빌드 스킵)

==================================================
[publisher] 시작: 2026-07-02 16:38:46
[step1] 신규 파일: 0개
[publisher] 새 파일 없음 — 종료 (빌드 스킵)

==================================================
[publisher] 시작: 2026-07-02 17:08:46
[step1] 신규 파일: 0개
[publisher] 새 파일 없음 — 종료 (빌드 스킵)

==================================================
[publisher] 시작: 2026-07-02 17:38:47
[step1] 신규 파일: 0개
[publisher] 새 파일 없음 — 종료 (빌드 스킵)

==================================================
[publisher] 시작: 2026-07-02 18:08:47
[step1] 신규 파일: 0개
[publisher] 새 파일 없음 — 종료 (빌드 스킵)

==================================================
[publisher] 시작: 2026-07-02 18:38:47
[step1] 신규 파일: 0개
[publisher] 새 파일 없음 — 종료 (빌드 스킵)

==================================================
[publisher] 시작: 2026-07-02 19:08:48
[step1] 신규 파일: 0개
[publisher] 새 파일 없음 — 종료 (빌드 스킵)

==================================================
[publisher] 시작: 2026-07-02 19:38:48
[step1] 신규 파일: 0개
[publisher] 새 파일 없음 — 종료 (빌드 스킵)

==================================================
[publisher] 시작: 2026-07-02 20:08:49
[step1] 신규 파일: 0개
[publisher] 새 파일 없음 — 종료 (빌드 스킵)

==================================================
[publisher] 시작: 2026-07-02 20:38:50
[step1] 신규 파일: 0개
[publisher] 새 파일 없음 — 종료 (빌드 스킵)

==================================================
[publisher] 시작: 2026-07-02 21:08:51
[step1] 신규 파일: 0개
[publisher] 새 파일 없음 — 종료 (빌드 스킵)

==================================================
[publisher] 시작: 2026-07-02 21:38:51
[step1] 신규 파일: 0개
[publisher] 새 파일 없음 — 종료 (빌드 스킵)

==================================================
[publisher] 시작: 2026-07-02 22:08:51
[step1] 신규 파일: 0개
[publisher] 새 파일 없음 — 종료 (빌드 스킵)

==================================================
[publisher] 시작: 2026-07-02 22:38:52
[step1] 신규 파일: 0개
[publisher] 새 파일 없음 — 종료 (빌드 스킵)

==================================================
[publisher] 시작: 2026-07-02 23:08:52
[step1] 신규 파일: 0개
[publisher] 새 파일 없음 — 종료 (빌드 스킵)

==================================================
[publisher] 시작: 2026-07-02 23:38:53
[step1] 신규 파일: 0개
[publisher] 새 파일 없음 — 종료 (빌드 스킵)

==================================================
[publisher] 시작: 2026-07-03 00:08:53
[step1] 신규 파일: 0개
[publisher] 새 파일 없음 — 종료 (빌드 스킵)

==================================================
[publisher] 시작: 2026-07-03 00:38:53
[step1] 신규 파일: 0개
[publisher] 새 파일 없음 — 종료 (빌드 스킵)

==================================================
[publisher] 시작: 2026-07-03 01:08:54
[step1] 신규 파일: 0개
[publisher] 새 파일 없음 — 종료 (빌드 스킵)

==================================================
[publisher] 시작: 2026-07-03 01:38:54
[step1] 신규 파일: 0개
[publisher] 새 파일 없음 — 종료 (빌드 스킵)

==================================================
[publisher] 시작: 2026-07-03 02:08:54
[step1] 신규 파일: 0개
[publisher] 새 파일 없음 — 종료 (빌드 스킵)

==================================================
[publisher] 시작: 2026-07-03 02:38:55
[step1] 신규 파일: 0개
[publisher] 새 파일 없음 — 종료 (빌드 스킵)

==================================================
[publisher] 시작: 2026-07-03 03:08:55
[step1] 신규 파일: 0개
[publisher] 새 파일 없음 — 종료 (빌드 스킵)

==================================================
[publisher] 시작: 2026-07-03 03:38:55
[step1] 신규 파일: 0개
[publisher] 새 파일 없음 — 종료 (빌드 스킵)

==================================================
[publisher] 시작: 2026-07-03 04:08:56
[step1] 신규 파일: 0개
[publisher] 새 파일 없음 — 종료 (빌드 스킵)

==================================================
[publisher] 시작: 2026-07-03 04:38:56
[step1] 신규 파일: 0개
[publisher] 새 파일 없음 — 종료 (빌드 스킵)

==================================================
[publisher] 시작: 2026-07-03 05:08:56
[step1] 신규 파일: 0개
[publisher] 새 파일 없음 — 종료 (빌드 스킵)

==================================================
[publisher] 시작: 2026-07-03 05:38:57
[step1] 신규 파일: 0개
[publisher] 새 파일 없음 — 종료 (빌드 스킵)

==================================================
[publisher] 시작: 2026-07-03 06:08:57
[step1] 신규 파일: 0개
[publisher] 새 파일 없음 — 종료 (빌드 스킵)

==================================================
[publisher] 시작: 2026-07-03 06:38:57
[step1] 신규 파일: 0개
[publisher] 새 파일 없음 — 종료 (빌드 스킵)

==================================================
[publisher] 시작: 2026-07-03 07:08:58
[step1] 신규 파일: 0개
[publisher] 새 파일 없음 — 종료 (빌드 스킵)

==================================================
[publisher] 시작: 2026-07-03 07:38:58
[step1] 신규 파일: 0개
[publisher] 새 파일 없음 — 종료 (빌드 스킵)

==================================================
[publisher] 시작: 2026-07-03 08:08:58
[step1] 신규 파일: 0개
[publisher] 새 파일 없음 — 종료 (빌드 스킵)

==================================================
[publisher] 시작: 2026-07-03 08:38:59
[step1] 신규 파일: 0개
[publisher] 새 파일 없음 — 종료 (빌드 스킵)

==================================================
[publisher] 시작: 2026-07-03 09:09:00
[step1] 신규 파일: 0개
[publisher] 새 파일 없음 — 종료 (빌드 스킵)

==================================================
[publisher] 시작: 2026-07-03 09:39:01
[step1] 신규 파일: 0개
[publisher] 새 파일 없음 — 종료 (빌드 스킵)

==================================================
[publisher] 시작: 2026-07-03 10:09:01
[step1] 신규 파일: 0개
[publisher] 새 파일 없음 — 종료 (빌드 스킵)

==================================================
[publisher] 시작: 2026-07-03 10:39:01
[step1] 신규 파일: 0개
[publisher] 새 파일 없음 — 종료 (빌드 스킵)

==================================================
[publisher] 시작: 2026-07-03 11:09:02
[step1] 신규 파일: 0개
[publisher] 새 파일 없음 — 종료 (빌드 스킵)

==================================================
[publisher] 시작: 2026-07-03 11:39:02
[step1] 신규 파일: 0개
[publisher] 새 파일 없음 — 종료 (빌드 스킵)

==================================================
[publisher] 시작: 2026-07-03 12:09:02
[step1] 신규 파일: 0개
[publisher] 새 파일 없음 — 종료 (빌드 스킵)

==================================================
[publisher] 시작: 2026-07-03 12:39:03
[step1] 신규 파일: 0개
[publisher] 새 파일 없음 — 종료 (빌드 스킵)

==================================================
[publisher] 시작: 2026-07-03 13:09:03
[step1] 신규 파일: 0개
[publisher] 새 파일 없음 — 종료 (빌드 스킵)

==================================================
[publisher] 시작: 2026-07-03 13:39:03
[step1] 신규 파일: 0개
[publisher] 새 파일 없음 — 종료 (빌드 스킵)

==================================================
[publisher] 시작: 2026-07-03 14:09:04
[step1] 신규 파일: 0개
[publisher] 새 파일 없음 — 종료 (빌드 스킵)

==================================================
[publisher] 시작: 2026-07-03 14:39:04
[step1] 신규 파일: 0개
[publisher] 새 파일 없음 — 종료 (빌드 스킵)

==================================================
[publisher] 시작: 2026-07-03 15:09:04
[step1] 신규 파일: 0개
[publisher] 새 파일 없음 — 종료 (빌드 스킵)

==================================================
[publisher] 시작: 2026-07-03 15:39:05
[step1] 신규 파일: 0개
[publisher] 새 파일 없음 — 종료 (빌드 스킵)

==================================================
[publisher] 시작: 2026-07-03 16:09:05
[step1] 신규 파일: 0개
[publisher] 새 파일 없음 — 종료 (빌드 스킵)

==================================================
[publisher] 시작: 2026-07-03 16:39:06
[step1] 신규 파일: 0개
[publisher] 새 파일 없음 — 종료 (빌드 스킵)

==================================================
[publisher] 시작: 2026-07-03 17:09:06
[step1] 신규 파일: 0개
[publisher] 새 파일 없음 — 종료 (빌드 스킵)

==================================================
[publisher] 시작: 2026-07-03 17:39:06
[step1] 신규 파일: 0개
[publisher] 새 파일 없음 — 종료 (빌드 스킵)

==================================================
[publisher] 시작: 2026-07-03 18:09:07
[step1] 신규 파일: 0개
[publisher] 새 파일 없음 — 종료 (빌드 스킵)

==================================================
[publisher] 시작: 2026-07-03 18:39:07
[step1] 신규 파일: 0개
[publisher] 새 파일 없음 — 종료 (빌드 스킵)

==================================================
[publisher] 시작: 2026-07-03 19:09:07
[step1] 신규 파일: 0개
[publisher] 새 파일 없음 — 종료 (빌드 스킵)

==================================================
[publisher] 시작: 2026-07-03 19:39:08
[step1] 신규 파일: 0개
[publisher] 새 파일 없음 — 종료 (빌드 스킵)

==================================================
[publisher] 시작: 2026-07-03 20:09:09
[step1] 신규 파일: 0개
[publisher] 새 파일 없음 — 종료 (빌드 스킵)

==================================================
[publisher] 시작: 2026-07-03 20:39:09
[step1] 신규 파일: 0개
[publisher] 새 파일 없음 — 종료 (빌드 스킵)

==================================================
[publisher] 시작: 2026-07-03 21:09:09
[step1] 신규 파일: 0개
[publisher] 새 파일 없음 — 종료 (빌드 스킵)

==================================================
[publisher] 시작: 2026-07-03 21:39:10
[step1] 신규 파일: 0개
[publisher] 새 파일 없음 — 종료 (빌드 스킵)

==================================================
[publisher] 시작: 2026-07-03 22:09:10
[step1] 신규 파일: 0개
[publisher] 새 파일 없음 — 종료 (빌드 스킵)

==================================================
[publisher] 시작: 2026-07-03 22:39:11
[step1] 신규 파일: 0개
[publisher] 새 파일 없음 — 종료 (빌드 스킵)

==================================================
[publisher] 시작: 2026-07-03 23:09:11
[step1] 신규 파일: 0개
[publisher] 새 파일 없음 — 종료 (빌드 스킵)

==================================================
[publisher] 시작: 2026-07-03 23:39:11
[step1] 신규 파일: 0개
[publisher] 새 파일 없음 — 종료 (빌드 스킵)

==================================================
[publisher] 시작: 2026-07-04 00:09:12
[step1] 신규 파일: 0개
[publisher] 새 파일 없음 — 종료 (빌드 스킵)

==================================================
[publisher] 시작: 2026-07-04 00:39:12
[step1] 신규 파일: 0개
[publisher] 새 파일 없음 — 종료 (빌드 스킵)

==================================================
[publisher] 시작: 2026-07-04 01:09:13
[step1] 신규 파일: 0개
[publisher] 새 파일 없음 — 종료 (빌드 스킵)

==================================================
[publisher] 시작: 2026-07-04 01:39:13
[step1] 신규 파일: 0개
[publisher] 새 파일 없음 — 종료 (빌드 스킵)

==================================================
[publisher] 시작: 2026-07-04 02:09:14
[step1] 신규 파일: 0개
[publisher] 새 파일 없음 — 종료 (빌드 스킵)

==================================================
[publisher] 시작: 2026-07-04 02:39:14
[step1] 신규 파일: 0개
[publisher] 새 파일 없음 — 종료 (빌드 스킵)

==================================================
[publisher] 시작: 2026-07-04 03:09:14
[step1] 신규 파일: 0개
[publisher] 새 파일 없음 — 종료 (빌드 스킵)

==================================================
[publisher] 시작: 2026-07-04 03:39:15
[step1] 신규 파일: 0개
[publisher] 새 파일 없음 — 종료 (빌드 스킵)

==================================================
[publisher] 시작: 2026-07-04 04:09:15
[step1] 신규 파일: 0개
[publisher] 새 파일 없음 — 종료 (빌드 스킵)

==================================================
[publisher] 시작: 2026-07-04 04:39:15
[step1] 신규 파일: 0개
[publisher] 새 파일 없음 — 종료 (빌드 스킵)

==================================================
[publisher] 시작: 2026-07-04 05:09:16
[step1] 신규 파일: 0개
[publisher] 새 파일 없음 — 종료 (빌드 스킵)

==================================================
[publisher] 시작: 2026-07-04 05:39:16
[step1] 신규 파일: 0개
[publisher] 새 파일 없음 — 종료 (빌드 스킵)

==================================================
[publisher] 시작: 2026-07-04 06:09:16
[step1] 신규 파일: 0개
[publisher] 새 파일 없음 — 종료 (빌드 스킵)

==================================================
[publisher] 시작: 2026-07-04 06:39:17
[step1] 신규 파일: 0개
[publisher] 새 파일 없음 — 종료 (빌드 스킵)

==================================================
[publisher] 시작: 2026-07-04 07:09:17
[step1] 신규 파일: 0개
[publisher] 새 파일 없음 — 종료 (빌드 스킵)

==================================================
[publisher] 시작: 2026-07-04 07:39:24
[step1] 신규 파일: 0개
[publisher] 새 파일 없음 — 종료 (빌드 스킵)

==================================================
[publisher] 시작: 2026-07-04 08:09:26
[step1] 신규 파일: 0개
[publisher] 새 파일 없음 — 종료 (빌드 스킵)

==================================================
[publisher] 시작: 2026-07-04 08:39:26
[step1] 신규 파일: 0개
[publisher] 새 파일 없음 — 종료 (빌드 스킵)

==================================================
[publisher] 시작: 2026-07-04 09:09:29
[step1] 신규 파일: 0개
[publisher] 새 파일 없음 — 종료 (빌드 스킵)

==================================================
[publisher] 시작: 2026-07-04 09:39:32
[step1] 신규 파일: 0개
[publisher] 새 파일 없음 — 종료 (빌드 스킵)

==================================================
[publisher] 시작: 2026-07-04 10:09:37
[step1] 신규 파일: 0개
[publisher] 새 파일 없음 — 종료 (빌드 스킵)

==================================================
[publisher] 시작: 2026-07-04 10:39:38
[step1] 신규 파일: 0개
[publisher] 새 파일 없음 — 종료 (빌드 스킵)

==================================================
[publisher] 시작: 2026-07-04 11:09:38
[step1] 신규 파일: 0개
[publisher] 새 파일 없음 — 종료 (빌드 스킵)

==================================================
[publisher] 시작: 2026-07-04 11:39:39
[step1] 신규 파일: 0개
[publisher] 새 파일 없음 — 종료 (빌드 스킵)

==================================================
[publisher] 시작: 2026-07-04 12:09:39
[step1] 신규 파일: 0개
[publisher] 새 파일 없음 — 종료 (빌드 스킵)

==================================================
[publisher] 시작: 2026-07-04 12:39:39
[step1] 신규 파일: 0개
[publisher] 새 파일 없음 — 종료 (빌드 스킵)

==================================================
[publisher] 시작: 2026-07-04 13:09:42
[step1] 신규 파일: 0개
[publisher] 새 파일 없음 — 종료 (빌드 스킵)

==================================================
[publisher] 시작: 2026-07-04 13:39:42
[step1] 신규 파일: 0개
[publisher] 새 파일 없음 — 종료 (빌드 스킵)

==================================================
[publisher] 시작: 2026-07-04 14:09:42
[step1] 신규 파일: 0개
[publisher] 새 파일 없음 — 종료 (빌드 스킵)

==================================================
[publisher] 시작: 2026-07-04 14:39:43
[step1] 신규 파일: 0개
[publisher] 새 파일 없음 — 종료 (빌드 스킵)

==================================================
[publisher] 시작: 2026-07-04 15:09:43
[step1] 신규 파일: 0개
[publisher] 새 파일 없음 — 종료 (빌드 스킵)

==================================================
[publisher] 시작: 2026-07-04 15:39:44
[step1] 신규 파일: 0개
[publisher] 새 파일 없음 — 종료 (빌드 스킵)

==================================================
[publisher] 시작: 2026-07-04 16:09:44
[step1] 신규 파일: 0개
[publisher] 새 파일 없음 — 종료 (빌드 스킵)

==================================================
[publisher] 시작: 2026-07-04 16:39:45
[step1] 신규 파일: 0개
[publisher] 새 파일 없음 — 종료 (빌드 스킵)

==================================================
[publisher] 시작: 2026-07-04 17:09:45
[step1] 신규 파일: 0개
[publisher] 새 파일 없음 — 종료 (빌드 스킵)

==================================================
[publisher] 시작: 2026-07-04 17:39:45
[step1] 신규 파일: 0개
[publisher] 새 파일 없음 — 종료 (빌드 스킵)

==================================================
[publisher] 시작: 2026-07-04 18:09:46
[step1] 신규 파일: 0개
[publisher] 새 파일 없음 — 종료 (빌드 스킵)

==================================================
[publisher] 시작: 2026-07-04 18:39:46
[step1] 신규 파일: 0개
[publisher] 새 파일 없음 — 종료 (빌드 스킵)

==================================================
[publisher] 시작: 2026-07-04 19:09:46
[step1] 신규 파일: 0개
[publisher] 새 파일 없음 — 종료 (빌드 스킵)

==================================================
[publisher] 시작: 2026-07-04 19:39:47
[step1] 신규 파일: 0개
[publisher] 새 파일 없음 — 종료 (빌드 스킵)

==================================================
[publisher] 시작: 2026-07-04 20:09:47
[step1] 신규 파일: 0개
[publisher] 새 파일 없음 — 종료 (빌드 스킵)

==================================================
[publisher] 시작: 2026-07-04 20:39:48
[step1] 신규 파일: 0개
[publisher] 새 파일 없음 — 종료 (빌드 스킵)

==================================================
[publisher] 시작: 2026-07-04 21:09:48
[step1] 신규 파일: 0개
[publisher] 새 파일 없음 — 종료 (빌드 스킵)

==================================================
[publisher] 시작: 2026-07-04 21:39:49
[step1] 신규 파일: 0개
[publisher] 새 파일 없음 — 종료 (빌드 스킵)

==================================================
[publisher] 시작: 2026-07-04 22:09:49
[step1] 신규 파일: 0개
[publisher] 새 파일 없음 — 종료 (빌드 스킵)

==================================================
[publisher] 시작: 2026-07-04 22:39:49
[step1] 신규 파일: 0개
[publisher] 새 파일 없음 — 종료 (빌드 스킵)

==================================================
[publisher] 시작: 2026-07-04 23:09:50
[step1] 신규 파일: 0개
[publisher] 새 파일 없음 — 종료 (빌드 스킵)

==================================================
[publisher] 시작: 2026-07-04 23:39:50
[step1] 신규 파일: 0개
[publisher] 새 파일 없음 — 종료 (빌드 스킵)

==================================================
[publisher] 시작: 2026-07-05 00:09:50
[step1] 신규 파일: 0개
[publisher] 새 파일 없음 — 종료 (빌드 스킵)

==================================================
[publisher] 시작: 2026-07-05 00:39:51
[step1] 신규 파일: 0개
[publisher] 새 파일 없음 — 종료 (빌드 스킵)

==================================================
[publisher] 시작: 2026-07-05 01:09:51
[step1] 신규 파일: 0개
[publisher] 새 파일 없음 — 종료 (빌드 스킵)

==================================================
[publisher] 시작: 2026-07-05 01:39:51
[step1] 신규 파일: 0개
[publisher] 새 파일 없음 — 종료 (빌드 스킵)

==================================================
[publisher] 시작: 2026-07-05 02:09:52
[step1] 신규 파일: 0개
[publisher] 새 파일 없음 — 종료 (빌드 스킵)

==================================================
[publisher] 시작: 2026-07-05 02:39:52
[step1] 신규 파일: 0개
[publisher] 새 파일 없음 — 종료 (빌드 스킵)

==================================================
[publisher] 시작: 2026-07-05 03:09:52
[step1] 신규 파일: 0개
[publisher] 새 파일 없음 — 종료 (빌드 스킵)

==================================================
[publisher] 시작: 2026-07-05 03:39:53
[step1] 신규 파일: 0개
[publisher] 새 파일 없음 — 종료 (빌드 스킵)

==================================================
[publisher] 시작: 2026-07-05 04:09:53
[step1] 신규 파일: 0개
[publisher] 새 파일 없음 — 종료 (빌드 스킵)

==================================================
[publisher] 시작: 2026-07-05 04:39:54
[step1] 신규 파일: 0개
[publisher] 새 파일 없음 — 종료 (빌드 스킵)

==================================================
[publisher] 시작: 2026-07-05 05:09:54
[step1] 신규 파일: 0개
[publisher] 새 파일 없음 — 종료 (빌드 스킵)

==================================================
[publisher] 시작: 2026-07-05 05:39:54
[step1] 신규 파일: 0개
[publisher] 새 파일 없음 — 종료 (빌드 스킵)

==================================================
[publisher] 시작: 2026-07-05 06:09:54
[step1] 신규 파일: 0개
[publisher] 새 파일 없음 — 종료 (빌드 스킵)

==================================================
[publisher] 시작: 2026-07-05 06:39:55
[step1] 신규 파일: 0개
[publisher] 새 파일 없음 — 종료 (빌드 스킵)

==================================================
[publisher] 시작: 2026-07-05 07:09:55
[step1] 신규 파일: 0개
[publisher] 새 파일 없음 — 종료 (빌드 스킵)

==================================================
[publisher] 시작: 2026-07-05 07:39:55
[step1] 신규 파일: 0개
[publisher] 새 파일 없음 — 종료 (빌드 스킵)

==================================================
[publisher] 시작: 2026-07-05 08:09:56
[step1] 신규 파일: 0개
[publisher] 새 파일 없음 — 종료 (빌드 스킵)

==================================================
[publisher] 시작: 2026-07-05 08:39:56
[step1] 신규 파일: 0개
[publisher] 새 파일 없음 — 종료 (빌드 스킵)

==================================================
[publisher] 시작: 2026-07-05 09:09:56
[step1] 신규 파일: 0개
[publisher] 새 파일 없음 — 종료 (빌드 스킵)

==================================================
[publisher] 시작: 2026-07-05 09:39:57
[step1] 신규 파일: 0개
[publisher] 새 파일 없음 — 종료 (빌드 스킵)

==================================================
[publisher] 시작: 2026-07-05 10:09:57
[step1] 신규 파일: 0개
[publisher] 새 파일 없음 — 종료 (빌드 스킵)

==================================================
[publisher] 시작: 2026-07-05 10:39:57
[step1] 신규 파일: 0개
[publisher] 새 파일 없음 — 종료 (빌드 스킵)

==================================================
[publisher] 시작: 2026-07-05 11:09:58
[step1] 신규 파일: 0개
[publisher] 새 파일 없음 — 종료 (빌드 스킵)

==================================================
[publisher] 시작: 2026-07-05 11:39:58
[step1] 신규 파일: 0개
[publisher] 새 파일 없음 — 종료 (빌드 스킵)

==================================================
[publisher] 시작: 2026-07-05 12:09:58
[step1] 신규 파일: 0개
[publisher] 새 파일 없음 — 종료 (빌드 스킵)

==================================================
[publisher] 시작: 2026-07-05 12:39:59
[step1] 신규 파일: 0개
[publisher] 새 파일 없음 — 종료 (빌드 스킵)
/Users/twinssn/.env.common: line 146: redis-cli: command not found

==================================================
[publisher] 시작: 2026-07-05 13:09:59
[step1] 신규 파일: 0개
[publisher] 새 파일 없음 — 종료 (빌드 스킵)
/Users/twinssn/.env.common: line 146: redis-cli: command not found

==================================================
[publisher] 시작: 2026-07-05 13:40:00
[step1] 신규 파일: 0개
[publisher] 새 파일 없음 — 종료 (빌드 스킵)
/Users/twinssn/.env.common: line 146: redis-cli: command not found

==================================================
[publisher] 시작: 2026-07-05 14:10:00
[step1] 신규 파일: 0개
[publisher] 새 파일 없음 — 종료 (빌드 스킵)
/Users/twinssn/.env.common: line 146: redis-cli: command not found

==================================================
[publisher] 시작: 2026-07-05 14:40:00
[step1] 신규 파일: 0개
[publisher] 새 파일 없음 — 종료 (빌드 스킵)
/Users/twinssn/.env.common: line 146: redis-cli: command not found

==================================================
[publisher] 시작: 2026-07-05 15:10:01
[step1] 신규 파일: 0개
[publisher] 새 파일 없음 — 종료 (빌드 스킵)
/Users/twinssn/.env.common: line 146: redis-cli: command not found

==================================================
[publisher] 시작: 2026-07-05 15:40:01
[step1] 신규 파일: 0개
[publisher] 새 파일 없음 — 종료 (빌드 스킵)
/Users/twinssn/.env.common: line 146: redis-cli: command not found

==================================================
[publisher] 시작: 2026-07-05 16:10:01
[step1] 신규 파일: 0개
[publisher] 새 파일 없음 — 종료 (빌드 스킵)
/Users/twinssn/.env.common: line 146: redis-cli: command not found

==================================================
[publisher] 시작: 2026-07-05 16:40:02
[step1] 신규 파일: 0개
[publisher] 새 파일 없음 — 종료 (빌드 스킵)
/Users/twinssn/.env.common: line 146: redis-cli: command not found

==================================================
[publisher] 시작: 2026-07-05 17:10:02
[step1] 신규 파일: 0개
[publisher] 새 파일 없음 — 종료 (빌드 스킵)
/Users/twinssn/.env.common: line 146: redis-cli: command not found

==================================================
[publisher] 시작: 2026-07-05 17:40:02
[step1] 신규 파일: 0개
[publisher] 새 파일 없음 — 종료 (빌드 스킵)
/Users/twinssn/.env.common: line 146: redis-cli: command not found

==================================================
[publisher] 시작: 2026-07-05 18:10:03
[step1] 신규 파일: 0개
[publisher] 새 파일 없음 — 종료 (빌드 스킵)
/Users/twinssn/.env.common: line 146: redis-cli: command not found

==================================================
[publisher] 시작: 2026-07-05 18:40:03
[step1] 신규 파일: 0개
[publisher] 새 파일 없음 — 종료 (빌드 스킵)
/Users/twinssn/.env.common: line 146: redis-cli: command not found

==================================================
[publisher] 시작: 2026-07-05 19:10:03
[step1] 신규 파일: 0개
[publisher] 새 파일 없음 — 종료 (빌드 스킵)
/Users/twinssn/.env.common: line 146: redis-cli: command not found

==================================================
[publisher] 시작: 2026-07-05 19:40:04
[step1] 신규 파일: 0개
[publisher] 새 파일 없음 — 종료 (빌드 스킵)
/Users/twinssn/.env.common: line 146: redis-cli: command not found

==================================================
[publisher] 시작: 2026-07-05 20:10:04
[step1] 신규 파일: 0개
[publisher] 새 파일 없음 — 종료 (빌드 스킵)
/Users/twinssn/.env.common: line 146: redis-cli: command not found

==================================================
[publisher] 시작: 2026-07-05 20:40:04
[step1] 신규 파일: 0개
[publisher] 새 파일 없음 — 종료 (빌드 스킵)
/Users/twinssn/.env.common: line 146: redis-cli: command not found

==================================================
[publisher] 시작: 2026-07-05 21:10:05
[step1] 신규 파일: 0개
[publisher] 새 파일 없음 — 종료 (빌드 스킵)
/Users/twinssn/.env.common: line 146: redis-cli: command not found

==================================================
[publisher] 시작: 2026-07-05 21:40:05
[step1] 신규 파일: 0개
[publisher] 새 파일 없음 — 종료 (빌드 스킵)
/Users/twinssn/.env.common: line 146: redis-cli: command not found

==================================================
[publisher] 시작: 2026-07-05 22:10:05
[step1] 신규 파일: 0개
[publisher] 새 파일 없음 — 종료 (빌드 스킵)
/Users/twinssn/.env.common: line 146: redis-cli: command not found
/Users/twinssn/.env.common: line 152: https://router.bynara.id/v1: No such file or directory

==================================================
[publisher] 시작: 2026-07-05 22:40:09
[step1] 신규 파일: 0개
[publisher] 새 파일 없음 — 종료 (빌드 스킵)
/Users/twinssn/.env.common: line 146: redis-cli: command not found
/Users/twinssn/.env.common: line 152: https://router.bynara.id/v1: No such file or directory

==================================================
[publisher] 시작: 2026-07-05 23:10:10
[step1] 신규 파일: 0개
[publisher] 새 파일 없음 — 종료 (빌드 스킵)
/Users/twinssn/.env.common: line 146: redis-cli: command not found
/Users/twinssn/.env.common: line 152: https://router.bynara.id/v1: No such file or directory

==================================================
[publisher] 시작: 2026-07-05 23:40:10
[step1] 신규 파일: 0개
[publisher] 새 파일 없음 — 종료 (빌드 스킵)
/Users/twinssn/.env.common: line 146: redis-cli: command not found
/Users/twinssn/.env.common: line 152: https://router.bynara.id/v1: No such file or directory

==================================================
[publisher] 시작: 2026-07-06 00:10:11
[step1] 신규 파일: 0개
[publisher] 새 파일 없음 — 종료 (빌드 스킵)
/Users/twinssn/.env.common: line 146: redis-cli: command not found
/Users/twinssn/.env.common: line 152: https://router.bynara.id/v1: No such file or directory

==================================================
[publisher] 시작: 2026-07-06 00:40:11
[step1] 신규 파일: 0개
[publisher] 새 파일 없음 — 종료 (빌드 스킵)
/Users/twinssn/.env.common: line 146: redis-cli: command not found
/Users/twinssn/.env.common: line 152: https://router.bynara.id/v1: No such file or directory

==================================================
[publisher] 시작: 2026-07-06 01:10:11
[step1] 신규 파일: 0개
[publisher] 새 파일 없음 — 종료 (빌드 스킵)
/Users/twinssn/.env.common: line 146: redis-cli: command not found
/Users/twinssn/.env.common: line 152: https://router.bynara.id/v1: No such file or directory

==================================================
[publisher] 시작: 2026-07-06 01:40:12
[step1] 신규 파일: 0개
[publisher] 새 파일 없음 — 종료 (빌드 스킵)
/Users/twinssn/.env.common: line 146: redis-cli: command not found
/Users/twinssn/.env.common: line 152: https://router.bynara.id/v1: No such file or directory

==================================================
[publisher] 시작: 2026-07-06 02:10:12
[step1] 신규 파일: 0개
[publisher] 새 파일 없음 — 종료 (빌드 스킵)
/Users/twinssn/.env.common: line 146: redis-cli: command not found
/Users/twinssn/.env.common: line 152: https://router.bynara.id/v1: No such file or directory

==================================================
[publisher] 시작: 2026-07-06 02:40:12
[step1] 신규 파일: 0개
[publisher] 새 파일 없음 — 종료 (빌드 스킵)
/Users/twinssn/.env.common: line 146: redis-cli: command not found
/Users/twinssn/.env.common: line 152: https://router.bynara.id/v1: No such file or directory

==================================================
[publisher] 시작: 2026-07-06 03:10:13
[step1] 신규 파일: 0개
[publisher] 새 파일 없음 — 종료 (빌드 스킵)
/Users/twinssn/.env.common: line 146: redis-cli: command not found
/Users/twinssn/.env.common: line 152: https://router.bynara.id/v1: No such file or directory

==================================================
[publisher] 시작: 2026-07-06 03:40:13
[step1] 신규 파일: 0개
[publisher] 새 파일 없음 — 종료 (빌드 스킵)
/Users/twinssn/.env.common: line 146: redis-cli: command not found
/Users/twinssn/.env.common: line 152: https://router.bynara.id/v1: No such file or directory

==================================================
[publisher] 시작: 2026-07-06 04:10:14
[step1] 신규 파일: 0개
[publisher] 새 파일 없음 — 종료 (빌드 스킵)
/Users/twinssn/.env.common: line 146: redis-cli: command not found
/Users/twinssn/.env.common: line 152: https://router.bynara.id/v1: No such file or directory

==================================================
[publisher] 시작: 2026-07-06 04:40:14
[step1] 신규 파일: 0개
[publisher] 새 파일 없음 — 종료 (빌드 스킵)
/Users/twinssn/.env.common: line 146: redis-cli: command not found
/Users/twinssn/.env.common: line 152: https://router.bynara.id/v1: No such file or directory

==================================================
[publisher] 시작: 2026-07-06 05:10:14
[step1] 신규 파일: 0개
[publisher] 새 파일 없음 — 종료 (빌드 스킵)
/Users/twinssn/.env.common: line 146: redis-cli: command not found
/Users/twinssn/.env.common: line 152: https://router.bynara.id/v1: No such file or directory

==================================================
[publisher] 시작: 2026-07-06 05:40:15
[step1] 신규 파일: 0개
[publisher] 새 파일 없음 — 종료 (빌드 스킵)
/Users/twinssn/.env.common: line 146: redis-cli: command not found
/Users/twinssn/.env.common: line 152: https://router.bynara.id/v1: No such file or directory

==================================================
[publisher] 시작: 2026-07-06 06:10:15
[step1] 신규 파일: 0개
[publisher] 새 파일 없음 — 종료 (빌드 스킵)
/Users/twinssn/.env.common: line 146: redis-cli: command not found
/Users/twinssn/.env.common: line 152: https://router.bynara.id/v1: No such file or directory

==================================================
[publisher] 시작: 2026-07-06 06:40:15
[step1] 신규 파일: 0개
[publisher] 새 파일 없음 — 종료 (빌드 스킵)
/Users/twinssn/.env.common: line 146: redis-cli: command not found
/Users/twinssn/.env.common: line 152: https://router.bynara.id/v1: No such file or directory

==================================================
[publisher] 시작: 2026-07-06 07:10:16
[step1] 신규 파일: 0개
[publisher] 새 파일 없음 — 종료 (빌드 스킵)
/Users/twinssn/.env.common: line 146: redis-cli: command not found
/Users/twinssn/.env.common: line 152: https://router.bynara.id/v1: No such file or directory

==================================================
[publisher] 시작: 2026-07-06 07:40:16
[step1] 신규 파일: 0개
[publisher] 새 파일 없음 — 종료 (빌드 스킵)

==================================================
[publisher] 시작: 2026-07-06 08:10:16
[step1] 신규 파일: 0개
[publisher] 새 파일 없음 — 종료 (빌드 스킵)

==================================================
[publisher] 시작: 2026-07-06 08:40:17
[step1] 신규 파일: 0개
[publisher] 새 파일 없음 — 종료 (빌드 스킵)

==================================================
[publisher] 시작: 2026-07-06 09:10:17
[step1] 신규 파일: 0개
[publisher] 새 파일 없음 — 종료 (빌드 스킵)

==================================================
[publisher] 시작: 2026-07-06 09:40:17
[step1] 신규 파일: 0개
[publisher] 새 파일 없음 — 종료 (빌드 스킵)

==================================================
[publisher] 시작: 2026-07-06 10:10:18
[step1] 신규 파일: 0개
[publisher] 새 파일 없음 — 종료 (빌드 스킵)

==================================================
[publisher] 시작: 2026-07-06 10:40:18
[step1] 신규 파일: 0개
[publisher] 새 파일 없음 — 종료 (빌드 스킵)

==================================================
[publisher] 시작: 2026-07-06 11:10:19
[step1] 신규 파일: 0개
[publisher] 새 파일 없음 — 종료 (빌드 스킵)

==================================================
[publisher] 시작: 2026-07-06 11:40:19
[step1] 신규 파일: 0개
[publisher] 새 파일 없음 — 종료 (빌드 스킵)

==================================================
[publisher] 시작: 2026-07-06 12:10:19
[step1] 신규 파일: 0개
[publisher] 새 파일 없음 — 종료 (빌드 스킵)

==================================================
[publisher] 시작: 2026-07-06 12:40:19
[step1] 신규 파일: 0개
[publisher] 새 파일 없음 — 종료 (빌드 스킵)

==================================================
[publisher] 시작: 2026-07-06 13:10:20
[step1] 신규 파일: 0개
[publisher] 새 파일 없음 — 종료 (빌드 스킵)

==================================================
[publisher] 시작: 2026-07-06 13:40:20
[step1] 신규 파일: 0개
[publisher] 새 파일 없음 — 종료 (빌드 스킵)

==================================================
[publisher] 시작: 2026-07-06 14:10:20
[step1] 신규 파일: 0개
[publisher] 새 파일 없음 — 종료 (빌드 스킵)

==================================================
[publisher] 시작: 2026-07-06 14:40:21
[step1] 신규 파일: 0개
[publisher] 새 파일 없음 — 종료 (빌드 스킵)

==================================================
[publisher] 시작: 2026-07-06 15:10:21
[step1] 신규 파일: 0개
[publisher] 새 파일 없음 — 종료 (빌드 스킵)

==================================================
[publisher] 시작: 2026-07-06 15:40:21
[step1] 신규 파일: 0개
[publisher] 새 파일 없음 — 종료 (빌드 스킵)

==================================================
[publisher] 시작: 2026-07-06 16:10:22
[step1] 신규 파일: 0개
[publisher] 새 파일 없음 — 종료 (빌드 스킵)

==================================================
[publisher] 시작: 2026-07-06 16:40:22
[step1] 신규 파일: 0개
[publisher] 새 파일 없음 — 종료 (빌드 스킵)

==================================================
[publisher] 시작: 2026-07-06 17:10:22
[step1] 신규 파일: 0개
[publisher] 새 파일 없음 — 종료 (빌드 스킵)

==================================================
[publisher] 시작: 2026-07-06 17:40:23
[step1] 신규 파일: 0개
[publisher] 새 파일 없음 — 종료 (빌드 스킵)

==================================================
[publisher] 시작: 2026-07-06 18:10:24
[step1] 신규 파일: 0개
[publisher] 새 파일 없음 — 종료 (빌드 스킵)

==================================================
[publisher] 시작: 2026-07-06 18:40:24
[step1] 신규 파일: 0개
[publisher] 새 파일 없음 — 종료 (빌드 스킵)

==================================================
[publisher] 시작: 2026-07-06 19:10:24
[step1] 신규 파일: 0개
[publisher] 새 파일 없음 — 종료 (빌드 스킵)

==================================================
[publisher] 시작: 2026-07-06 19:40:25
[step1] 신규 파일: 0개
[publisher] 새 파일 없음 — 종료 (빌드 스킵)

==================================================
[publisher] 시작: 2026-07-06 20:10:25
[step1] 신규 파일: 0개
[publisher] 새 파일 없음 — 종료 (빌드 스킵)

==================================================
[publisher] 시작: 2026-07-06 20:40:26
[step1] 신규 파일: 0개
[publisher] 새 파일 없음 — 종료 (빌드 스킵)

==================================================
[publisher] 시작: 2026-07-06 21:10:26
[step1] 신규 파일: 0개
[publisher] 새 파일 없음 — 종료 (빌드 스킵)

==================================================
[publisher] 시작: 2026-07-06 21:40:27
[step1] 신규 파일: 0개
[publisher] 새 파일 없음 — 종료 (빌드 스킵)

==================================================
[publisher] 시작: 2026-07-06 22:10:27
[step1] 신규 파일: 0개
[publisher] 새 파일 없음 — 종료 (빌드 스킵)

==================================================
[publisher] 시작: 2026-07-06 22:40:27
[step1] 신규 파일: 0개
[publisher] 새 파일 없음 — 종료 (빌드 스킵)

==================================================
[publisher] 시작: 2026-07-06 23:10:28
[step1] 신규 파일: 0개
[publisher] 새 파일 없음 — 종료 (빌드 스킵)

==================================================
[publisher] 시작: 2026-07-06 23:40:29
[step1] 신규 파일: 0개
[publisher] 새 파일 없음 — 종료 (빌드 스킵)

==================================================
[publisher] 시작: 2026-07-07 00:10:29
[step1] 신규 파일: 0개
[publisher] 새 파일 없음 — 종료 (빌드 스킵)

==================================================
[publisher] 시작: 2026-07-07 00:40:29
[step1] 신규 파일: 0개
[publisher] 새 파일 없음 — 종료 (빌드 스킵)

==================================================
[publisher] 시작: 2026-07-07 01:10:31
[step1] 신규 파일: 0개
[publisher] 새 파일 없음 — 종료 (빌드 스킵)

==================================================
[publisher] 시작: 2026-07-07 01:40:31
[step1] 신규 파일: 0개
[publisher] 새 파일 없음 — 종료 (빌드 스킵)

==================================================
[publisher] 시작: 2026-07-07 02:10:31
[step1] 신규 파일: 0개
[publisher] 새 파일 없음 — 종료 (빌드 스킵)

==================================================
[publisher] 시작: 2026-07-07 02:40:32
[step1] 신규 파일: 0개
[publisher] 새 파일 없음 — 종료 (빌드 스킵)

==================================================
[publisher] 시작: 2026-07-07 03:10:32
[step1] 신규 파일: 0개
[publisher] 새 파일 없음 — 종료 (빌드 스킵)

==================================================
[publisher] 시작: 2026-07-07 03:40:32
[step1] 신규 파일: 0개
[publisher] 새 파일 없음 — 종료 (빌드 스킵)

==================================================
[publisher] 시작: 2026-07-07 04:10:33
[step1] 신규 파일: 0개
[publisher] 새 파일 없음 — 종료 (빌드 스킵)

==================================================
[publisher] 시작: 2026-07-07 04:40:33
[step1] 신규 파일: 0개
[publisher] 새 파일 없음 — 종료 (빌드 스킵)

==================================================
[publisher] 시작: 2026-07-07 05:10:34
[step1] 신규 파일: 0개
[publisher] 새 파일 없음 — 종료 (빌드 스킵)

==================================================
[publisher] 시작: 2026-07-07 05:40:34
[step1] 신규 파일: 0개
[publisher] 새 파일 없음 — 종료 (빌드 스킵)

==================================================
[publisher] 시작: 2026-07-07 06:10:34
[step1] 신규 파일: 0개
[publisher] 새 파일 없음 — 종료 (빌드 스킵)

==================================================
[publisher] 시작: 2026-07-07 06:40:34
[step1] 신규 파일: 0개
[publisher] 새 파일 없음 — 종료 (빌드 스킵)

==================================================
[publisher] 시작: 2026-07-07 07:10:35
[step1] 신규 파일: 0개
[publisher] 새 파일 없음 — 종료 (빌드 스킵)

==================================================
[publisher] 시작: 2026-07-07 07:40:35
[step1] 신규 파일: 0개
[publisher] 새 파일 없음 — 종료 (빌드 스킵)

==================================================
[publisher] 시작: 2026-07-07 08:10:36
[step1] 신규 파일: 0개
[publisher] 새 파일 없음 — 종료 (빌드 스킵)

==================================================
[publisher] 시작: 2026-07-07 08:40:36
[step1] 신규 파일: 0개
[publisher] 새 파일 없음 — 종료 (빌드 스킵)

==================================================
[publisher] 시작: 2026-07-07 09:10:36
[step1] 신규 파일: 0개
[publisher] 새 파일 없음 — 종료 (빌드 스킵)

==================================================
[publisher] 시작: 2026-07-07 09:40:37
[step1] 신규 파일: 0개
[publisher] 새 파일 없음 — 종료 (빌드 스킵)

==================================================
[publisher] 시작: 2026-07-07 10:10:37
[step1] 신규 파일: 0개
[publisher] 새 파일 없음 — 종료 (빌드 스킵)

==================================================
[publisher] 시작: 2026-07-07 10:40:37
[step1] 신규 파일: 0개
[publisher] 새 파일 없음 — 종료 (빌드 스킵)

==================================================
[publisher] 시작: 2026-07-07 11:10:38
[step1] 신규 파일: 0개
[publisher] 새 파일 없음 — 종료 (빌드 스킵)

==================================================
[publisher] 시작: 2026-07-07 11:40:39
[step1] 신규 파일: 0개
[publisher] 새 파일 없음 — 종료 (빌드 스킵)

==================================================
[publisher] 시작: 2026-07-07 12:10:39
[step1] 신규 파일: 0개
[publisher] 새 파일 없음 — 종료 (빌드 스킵)

==================================================
[publisher] 시작: 2026-07-07 12:40:40
[step1] 신규 파일: 0개
[publisher] 새 파일 없음 — 종료 (빌드 스킵)

==================================================
[publisher] 시작: 2026-07-07 13:10:40
[step1] 신규 파일: 0개
[publisher] 새 파일 없음 — 종료 (빌드 스킵)

==================================================
[publisher] 시작: 2026-07-07 13:40:41
[step1] 신규 파일: 0개
[publisher] 새 파일 없음 — 종료 (빌드 스킵)

==================================================
[publisher] 시작: 2026-07-07 14:10:41
[step1] 신규 파일: 0개
[publisher] 새 파일 없음 — 종료 (빌드 스킵)

==================================================
[publisher] 시작: 2026-07-07 14:40:42
[step1] 신규 파일: 0개
[publisher] 새 파일 없음 — 종료 (빌드 스킵)

==================================================
[publisher] 시작: 2026-07-07 15:10:42
[step1] 신규 파일: 0개
[publisher] 새 파일 없음 — 종료 (빌드 스킵)

==================================================
[publisher] 시작: 2026-07-07 15:40:42
[step1] 신규 파일: 0개
[publisher] 새 파일 없음 — 종료 (빌드 스킵)

==================================================
[publisher] 시작: 2026-07-07 16:10:43
[step1] 신규 파일: 0개
[publisher] 새 파일 없음 — 종료 (빌드 스킵)

==================================================
[publisher] 시작: 2026-07-07 16:40:43
[step1] 신규 파일: 0개
[publisher] 새 파일 없음 — 종료 (빌드 스킵)

==================================================
[publisher] 시작: 2026-07-07 17:10:44
[step1] 신규 파일: 0개
[publisher] 새 파일 없음 — 종료 (빌드 스킵)

==================================================
[publisher] 시작: 2026-07-07 17:40:44
[step1] 신규 파일: 0개
[publisher] 새 파일 없음 — 종료 (빌드 스킵)

==================================================
[publisher] 시작: 2026-07-07 18:10:45
[step1] 신규 파일: 0개
[publisher] 새 파일 없음 — 종료 (빌드 스킵)

==================================================
[publisher] 시작: 2026-07-07 18:40:45
[step1] 신규 파일: 0개
[publisher] 새 파일 없음 — 종료 (빌드 스킵)

==================================================
[publisher] 시작: 2026-07-07 19:10:45
[step1] 신규 파일: 0개
[publisher] 새 파일 없음 — 종료 (빌드 스킵)

==================================================
[publisher] 시작: 2026-07-07 19:40:46
[step1] 신규 파일: 0개
[publisher] 새 파일 없음 — 종료 (빌드 스킵)

==================================================
[publisher] 시작: 2026-07-07 20:10:47
[step1] 신규 파일: 0개
[publisher] 새 파일 없음 — 종료 (빌드 스킵)

==================================================
[publisher] 시작: 2026-07-07 20:40:47
[step1] 신규 파일: 0개
[publisher] 새 파일 없음 — 종료 (빌드 스킵)

==================================================
[publisher] 시작: 2026-07-07 21:10:47
[step1] 신규 파일: 0개
[publisher] 새 파일 없음 — 종료 (빌드 스킵)

==================================================
[publisher] 시작: 2026-07-07 21:40:48
[step1] 신규 파일: 0개
[publisher] 새 파일 없음 — 종료 (빌드 스킵)

==================================================
[publisher] 시작: 2026-07-07 22:10:48
[step1] 신규 파일: 0개
[publisher] 새 파일 없음 — 종료 (빌드 스킵)

==================================================
[publisher] 시작: 2026-07-07 22:40:48
[step1] 신규 파일: 0개
[publisher] 새 파일 없음 — 종료 (빌드 스킵)

==================================================
[publisher] 시작: 2026-07-07 23:10:49
[step1] 신규 파일: 0개
[publisher] 새 파일 없음 — 종료 (빌드 스킵)

==================================================
[publisher] 시작: 2026-07-07 23:40:49
[step1] 신규 파일: 0개
[publisher] 새 파일 없음 — 종료 (빌드 스킵)

==================================================
[publisher] 시작: 2026-07-08 00:10:50
[step1] 신규 파일: 0개
[publisher] 새 파일 없음 — 종료 (빌드 스킵)

==================================================
[publisher] 시작: 2026-07-08 00:40:50
[step1] 신규 파일: 0개
[publisher] 새 파일 없음 — 종료 (빌드 스킵)

==================================================
[publisher] 시작: 2026-07-08 01:10:51
[step1] 신규 파일: 0개
[publisher] 새 파일 없음 — 종료 (빌드 스킵)

==================================================
[publisher] 시작: 2026-07-08 01:40:51
[step1] 신규 파일: 0개
[publisher] 새 파일 없음 — 종료 (빌드 스킵)

==================================================
[publisher] 시작: 2026-07-08 02:10:52
[step1] 신규 파일: 0개
[publisher] 새 파일 없음 — 종료 (빌드 스킵)

==================================================
[publisher] 시작: 2026-07-08 02:40:52
[step1] 신규 파일: 0개
[publisher] 새 파일 없음 — 종료 (빌드 스킵)

==================================================
[publisher] 시작: 2026-07-08 03:10:52
[step1] 신규 파일: 0개
[publisher] 새 파일 없음 — 종료 (빌드 스킵)

==================================================
[publisher] 시작: 2026-07-08 03:40:53
[step1] 신규 파일: 0개
[publisher] 새 파일 없음 — 종료 (빌드 스킵)

==================================================
[publisher] 시작: 2026-07-08 04:10:53
[step1] 신규 파일: 0개
[publisher] 새 파일 없음 — 종료 (빌드 스킵)

==================================================
[publisher] 시작: 2026-07-08 04:40:53
[step1] 신규 파일: 0개
[publisher] 새 파일 없음 — 종료 (빌드 스킵)

==================================================
[publisher] 시작: 2026-07-08 05:10:54
[step1] 신규 파일: 0개
[publisher] 새 파일 없음 — 종료 (빌드 스킵)

==================================================
[publisher] 시작: 2026-07-08 05:40:54
[step1] 신규 파일: 0개
[publisher] 새 파일 없음 — 종료 (빌드 스킵)

==================================================
[publisher] 시작: 2026-07-08 06:10:54
[step1] 신규 파일: 0개
[publisher] 새 파일 없음 — 종료 (빌드 스킵)

==================================================
[publisher] 시작: 2026-07-08 06:40:54
[step1] 신규 파일: 0개
[publisher] 새 파일 없음 — 종료 (빌드 스킵)

==================================================
[publisher] 시작: 2026-07-08 07:10:55
[step1] 신규 파일: 0개
[publisher] 새 파일 없음 — 종료 (빌드 스킵)

==================================================
[publisher] 시작: 2026-07-08 07:40:55
[step1] 신규 파일: 0개
[publisher] 새 파일 없음 — 종료 (빌드 스킵)

==================================================
[publisher] 시작: 2026-07-08 08:10:55
[step1] 신규 파일: 0개
[publisher] 새 파일 없음 — 종료 (빌드 스킵)

==================================================
[publisher] 시작: 2026-07-08 08:40:56
[step1] 신규 파일: 0개
[publisher] 새 파일 없음 — 종료 (빌드 스킵)

==================================================
[publisher] 시작: 2026-07-08 09:10:56
[step1] 신규 파일: 0개
[publisher] 새 파일 없음 — 종료 (빌드 스킵)

==================================================
[publisher] 시작: 2026-07-08 09:40:56
[step1] 신규 파일: 0개
[publisher] 새 파일 없음 — 종료 (빌드 스킵)

==================================================
[publisher] 시작: 2026-07-08 10:10:57
[step1] 신규 파일: 0개
[publisher] 새 파일 없음 — 종료 (빌드 스킵)

==================================================
[publisher] 시작: 2026-07-08 10:40:57
[step1] 신규 파일: 0개
[publisher] 새 파일 없음 — 종료 (빌드 스킵)

==================================================
[publisher] 시작: 2026-07-08 11:10:57
[step1] 신규 파일: 0개
[publisher] 새 파일 없음 — 종료 (빌드 스킵)

==================================================
[publisher] 시작: 2026-07-08 11:40:58
[step1] 신규 파일: 0개
[publisher] 새 파일 없음 — 종료 (빌드 스킵)

==================================================
[publisher] 시작: 2026-07-08 12:10:58
[step1] 신규 파일: 0개
[publisher] 새 파일 없음 — 종료 (빌드 스킵)

==================================================
[publisher] 시작: 2026-07-08 12:40:58
[step1] 신규 파일: 0개
[publisher] 새 파일 없음 — 종료 (빌드 스킵)

==================================================
[publisher] 시작: 2026-07-08 13:10:59
[step1] 신규 파일: 0개
[publisher] 새 파일 없음 — 종료 (빌드 스킵)

==================================================
[publisher] 시작: 2026-07-08 13:41:00
[step1] 신규 파일: 0개
[publisher] 새 파일 없음 — 종료 (빌드 스킵)

==================================================
[publisher] 시작: 2026-07-08 14:11:00
[step1] 신규 파일: 0개
[publisher] 새 파일 없음 — 종료 (빌드 스킵)

==================================================
[publisher] 시작: 2026-07-08 14:41:00
[step1] 신규 파일: 0개
[publisher] 새 파일 없음 — 종료 (빌드 스킵)

==================================================
[publisher] 시작: 2026-07-08 15:11:01
[step1] 신규 파일: 0개
[publisher] 새 파일 없음 — 종료 (빌드 스킵)

==================================================
[publisher] 시작: 2026-07-08 15:41:01
[step1] 신규 파일: 0개
[publisher] 새 파일 없음 — 종료 (빌드 스킵)

==================================================
[publisher] 시작: 2026-07-08 16:11:01
[step1] 신규 파일: 0개
[publisher] 새 파일 없음 — 종료 (빌드 스킵)

==================================================
[publisher] 시작: 2026-07-08 16:41:02
[step1] 신규 파일: 0개
[publisher] 새 파일 없음 — 종료 (빌드 스킵)

==================================================
[publisher] 시작: 2026-07-08 17:11:02
[step1] 신규 파일: 0개
[publisher] 새 파일 없음 — 종료 (빌드 스킵)

==================================================
[publisher] 시작: 2026-07-08 17:41:03
[step1] 신규 파일: 0개
[publisher] 새 파일 없음 — 종료 (빌드 스킵)

==================================================
[publisher] 시작: 2026-07-08 18:11:03
[step1] 신규 파일: 0개
[publisher] 새 파일 없음 — 종료 (빌드 스킵)

==================================================
[publisher] 시작: 2026-07-08 18:41:04
[step1] 신규 파일: 0개
[publisher] 새 파일 없음 — 종료 (빌드 스킵)

==================================================
[publisher] 시작: 2026-07-08 19:11:04
[step1] 신규 파일: 0개
[publisher] 새 파일 없음 — 종료 (빌드 스킵)

==================================================
[publisher] 시작: 2026-07-08 19:41:04
[step1] 신규 파일: 0개
[publisher] 새 파일 없음 — 종료 (빌드 스킵)

==================================================
[publisher] 시작: 2026-07-08 20:11:04
[step1] 신규 파일: 0개
[publisher] 새 파일 없음 — 종료 (빌드 스킵)

==================================================
[publisher] 시작: 2026-07-08 20:41:05
[step1] 신규 파일: 0개
[publisher] 새 파일 없음 — 종료 (빌드 스킵)

==================================================
[publisher] 시작: 2026-07-08 21:11:05
[step1] 신규 파일: 0개
[publisher] 새 파일 없음 — 종료 (빌드 스킵)

==================================================
[publisher] 시작: 2026-07-08 21:41:05
[step1] 신규 파일: 0개
[publisher] 새 파일 없음 — 종료 (빌드 스킵)

==================================================
[publisher] 시작: 2026-07-08 22:11:06
[step1] 신규 파일: 0개
[publisher] 새 파일 없음 — 종료 (빌드 스킵)

==================================================
[publisher] 시작: 2026-07-08 22:41:06
[step1] 신규 파일: 0개
[publisher] 새 파일 없음 — 종료 (빌드 스킵)

==================================================
[publisher] 시작: 2026-07-08 23:11:07
[step1] 신규 파일: 0개
[publisher] 새 파일 없음 — 종료 (빌드 스킵)

==================================================
[publisher] 시작: 2026-07-08 23:41:07
[step1] 신규 파일: 0개
[publisher] 새 파일 없음 — 종료 (빌드 스킵)

==================================================
[publisher] 시작: 2026-07-09 00:11:08
[step1] 신규 파일: 0개
[publisher] 새 파일 없음 — 종료 (빌드 스킵)

==================================================
[publisher] 시작: 2026-07-09 00:41:08
[step1] 신규 파일: 0개
[publisher] 새 파일 없음 — 종료 (빌드 스킵)

==================================================
[publisher] 시작: 2026-07-09 01:11:08
[step1] 신규 파일: 0개
[publisher] 새 파일 없음 — 종료 (빌드 스킵)

==================================================
[publisher] 시작: 2026-07-09 01:41:09
[step1] 신규 파일: 0개
[publisher] 새 파일 없음 — 종료 (빌드 스킵)

==================================================
[publisher] 시작: 2026-07-09 02:11:09
[step1] 신규 파일: 0개
[publisher] 새 파일 없음 — 종료 (빌드 스킵)

==================================================
[publisher] 시작: 2026-07-09 02:41:09
[step1] 신규 파일: 0개
[publisher] 새 파일 없음 — 종료 (빌드 스킵)

==================================================
[publisher] 시작: 2026-07-09 03:11:10
[step1] 신규 파일: 0개
[publisher] 새 파일 없음 — 종료 (빌드 스킵)

==================================================
[publisher] 시작: 2026-07-09 03:41:10
[step1] 신규 파일: 0개
[publisher] 새 파일 없음 — 종료 (빌드 스킵)

==================================================
[publisher] 시작: 2026-07-09 04:11:10
[step1] 신규 파일: 0개
[publisher] 새 파일 없음 — 종료 (빌드 스킵)

==================================================
[publisher] 시작: 2026-07-09 04:41:11
[step1] 신규 파일: 0개
[publisher] 새 파일 없음 — 종료 (빌드 스킵)

==================================================
[publisher] 시작: 2026-07-09 05:11:11
[step1] 신규 파일: 0개
[publisher] 새 파일 없음 — 종료 (빌드 스킵)

==================================================
[publisher] 시작: 2026-07-09 05:41:11
[step1] 신규 파일: 0개
[publisher] 새 파일 없음 — 종료 (빌드 스킵)

==================================================
[publisher] 시작: 2026-07-09 06:11:11
[step1] 신규 파일: 0개
[publisher] 새 파일 없음 — 종료 (빌드 스킵)

==================================================
[publisher] 시작: 2026-07-09 06:41:12
[step1] 신규 파일: 0개
[publisher] 새 파일 없음 — 종료 (빌드 스킵)

==================================================
[publisher] 시작: 2026-07-09 07:11:12
[step1] 신규 파일: 0개
[publisher] 새 파일 없음 — 종료 (빌드 스킵)

==================================================
[publisher] 시작: 2026-07-09 07:41:13
[step1] 신규 파일: 0개
[publisher] 새 파일 없음 — 종료 (빌드 스킵)

==================================================
[publisher] 시작: 2026-07-09 08:11:13
[step1] 신규 파일: 0개
[publisher] 새 파일 없음 — 종료 (빌드 스킵)

==================================================
[publisher] 시작: 2026-07-09 08:41:14
[step1] 신규 파일: 0개
[publisher] 새 파일 없음 — 종료 (빌드 스킵)

==================================================
[publisher] 시작: 2026-07-09 09:11:14
[step1] 신규 파일: 0개
[publisher] 새 파일 없음 — 종료 (빌드 스킵)

==================================================
[publisher] 시작: 2026-07-09 09:41:14
[step1] 신규 파일: 0개
[publisher] 새 파일 없음 — 종료 (빌드 스킵)

==================================================
[publisher] 시작: 2026-07-09 10:11:15
[step1] 신규 파일: 0개
[publisher] 새 파일 없음 — 종료 (빌드 스킵)

==================================================
[publisher] 시작: 2026-07-09 10:41:15
[step1] 신규 파일: 0개
[publisher] 새 파일 없음 — 종료 (빌드 스킵)

==================================================
[publisher] 시작: 2026-07-09 11:11:16
[step1] 신규 파일: 0개
[publisher] 새 파일 없음 — 종료 (빌드 스킵)

==================================================
[publisher] 시작: 2026-07-09 11:41:17
[step1] 신규 파일: 0개
[publisher] 새 파일 없음 — 종료 (빌드 스킵)

==================================================
[publisher] 시작: 2026-07-09 12:11:17
[step1] 신규 파일: 0개
[publisher] 새 파일 없음 — 종료 (빌드 스킵)

==================================================
[publisher] 시작: 2026-07-09 12:41:17
[step1] 신규 파일: 0개
[publisher] 새 파일 없음 — 종료 (빌드 스킵)

==================================================
[publisher] 시작: 2026-07-09 13:11:18
[step1] 신규 파일: 0개
[publisher] 새 파일 없음 — 종료 (빌드 스킵)

==================================================
[publisher] 시작: 2026-07-09 13:41:32
[step1] 신규 파일: 0개
[publisher] 새 파일 없음 — 종료 (빌드 스킵)

==================================================
[publisher] 시작: 2026-07-09 14:11:39
[step1] 신규 파일: 0개
[publisher] 새 파일 없음 — 종료 (빌드 스킵)

==================================================
[publisher] 시작: 2026-07-09 14:41:56
[step1] 신규 파일: 0개
[publisher] 새 파일 없음 — 종료 (빌드 스킵)

==================================================
[publisher] 시작: 2026-07-09 15:12:09
[step1] 신규 파일: 0개
[publisher] 새 파일 없음 — 종료 (빌드 스킵)

==================================================
[publisher] 시작: 2026-07-09 15:42:24
[step1] 신규 파일: 0개
[publisher] 새 파일 없음 — 종료 (빌드 스킵)

==================================================
[publisher] 시작: 2026-07-09 16:12:38
[step1] 신규 파일: 0개
[publisher] 새 파일 없음 — 종료 (빌드 스킵)

==================================================
[publisher] 시작: 2026-07-09 16:42:44
[step1] 신규 파일: 0개
[publisher] 새 파일 없음 — 종료 (빌드 스킵)

==================================================
[publisher] 시작: 2026-07-09 17:12:59
[step1] 신규 파일: 0개
[publisher] 새 파일 없음 — 종료 (빌드 스킵)

==================================================
[publisher] 시작: 2026-07-09 17:43:16
[step1] 신규 파일: 0개
[publisher] 새 파일 없음 — 종료 (빌드 스킵)

==================================================
[publisher] 시작: 2026-07-09 18:13:30
[step1] 신규 파일: 0개
[publisher] 새 파일 없음 — 종료 (빌드 스킵)

==================================================
[publisher] 시작: 2026-07-09 18:43:49
[step1] 신규 파일: 0개
[publisher] 새 파일 없음 — 종료 (빌드 스킵)

==================================================
[publisher] 시작: 2026-07-09 19:14:04
[step1] 신규 파일: 0개
[publisher] 새 파일 없음 — 종료 (빌드 스킵)

==================================================
[publisher] 시작: 2026-07-09 19:44:21
[step1] 신규 파일: 0개
[publisher] 새 파일 없음 — 종료 (빌드 스킵)

==================================================
[publisher] 시작: 2026-07-09 20:14:42
[step1] 신규 파일: 0개
[publisher] 새 파일 없음 — 종료 (빌드 스킵)

==================================================
[publisher] 시작: 2026-07-09 20:45:00
[step1] 신규 파일: 0개
[publisher] 새 파일 없음 — 종료 (빌드 스킵)

==================================================
[publisher] 시작: 2026-07-09 21:15:22
[step1] 신규 파일: 0개
[publisher] 새 파일 없음 — 종료 (빌드 스킵)

==================================================
[publisher] 시작: 2026-07-09 21:45:41
[step1] 신규 파일: 0개
[publisher] 새 파일 없음 — 종료 (빌드 스킵)

==================================================
[publisher] 시작: 2026-07-09 22:15:55
[step1] 신규 파일: 0개
[publisher] 새 파일 없음 — 종료 (빌드 스킵)

==================================================
[publisher] 시작: 2026-07-09 22:45:58
[step1] 신규 파일: 0개
[publisher] 새 파일 없음 — 종료 (빌드 스킵)

==================================================
[publisher] 시작: 2026-07-09 23:16:19
[step1] 신규 파일: 0개
[publisher] 새 파일 없음 — 종료 (빌드 스킵)

==================================================
[publisher] 시작: 2026-07-09 23:46:38
[step1] 신규 파일: 0개
[publisher] 새 파일 없음 — 종료 (빌드 스킵)

==================================================
[publisher] 시작: 2026-07-10 00:16:56
[step1] 신규 파일: 0개
[publisher] 새 파일 없음 — 종료 (빌드 스킵)

==================================================
[publisher] 시작: 2026-07-10 00:36:45
[step1] 신규 파일: 0개
[publisher] 새 파일 없음 — 종료 (빌드 스킵)

==================================================
[publisher] 시작: 2026-07-10 01:06:46
[step1] 신규 파일: 0개
[publisher] 새 파일 없음 — 종료 (빌드 스킵)

==================================================
[publisher] 시작: 2026-07-10 01:36:46
[step1] 신규 파일: 0개
[publisher] 새 파일 없음 — 종료 (빌드 스킵)

==================================================
[publisher] 시작: 2026-07-10 02:06:46
[step1] 신규 파일: 0개
[publisher] 새 파일 없음 — 종료 (빌드 스킵)

==================================================
[publisher] 시작: 2026-07-10 02:36:46
[step1] 신규 파일: 0개
[publisher] 새 파일 없음 — 종료 (빌드 스킵)

==================================================
[publisher] 시작: 2026-07-10 03:06:46
[step1] 신규 파일: 0개
[publisher] 새 파일 없음 — 종료 (빌드 스킵)

==================================================
[publisher] 시작: 2026-07-10 03:36:47
[step1] 신규 파일: 0개
[publisher] 새 파일 없음 — 종료 (빌드 스킵)

==================================================
[publisher] 시작: 2026-07-10 04:06:47
[step1] 신규 파일: 0개
[publisher] 새 파일 없음 — 종료 (빌드 스킵)

==================================================
[publisher] 시작: 2026-07-10 04:36:47
[step1] 신규 파일: 0개
[publisher] 새 파일 없음 — 종료 (빌드 스킵)

==================================================
[publisher] 시작: 2026-07-10 05:06:47
[step1] 신규 파일: 0개
[publisher] 새 파일 없음 — 종료 (빌드 스킵)

==================================================
[publisher] 시작: 2026-07-10 05:36:47
[step1] 신규 파일: 0개
[publisher] 새 파일 없음 — 종료 (빌드 스킵)

==================================================
[publisher] 시작: 2026-07-10 06:06:48
[step1] 신규 파일: 0개
[publisher] 새 파일 없음 — 종료 (빌드 스킵)

==================================================
[publisher] 시작: 2026-07-10 06:36:48
[step1] 신규 파일: 0개
[publisher] 새 파일 없음 — 종료 (빌드 스킵)

==================================================
[publisher] 시작: 2026-07-10 07:06:48
[step1] 신규 파일: 0개
[publisher] 새 파일 없음 — 종료 (빌드 스킵)

==================================================
[publisher] 시작: 2026-07-10 07:36:48
[step1] 신규 파일: 0개
[publisher] 새 파일 없음 — 종료 (빌드 스킵)

==================================================
[publisher] 시작: 2026-07-10 08:06:49
[step1] 신규 파일: 0개
[publisher] 새 파일 없음 — 종료 (빌드 스킵)

==================================================
[publisher] 시작: 2026-07-10 08:36:49
[step1] 신규 파일: 0개
[publisher] 새 파일 없음 — 종료 (빌드 스킵)

==================================================
[publisher] 시작: 2026-07-10 09:06:49
[step1] 신규 파일: 0개
[publisher] 새 파일 없음 — 종료 (빌드 스킵)

==================================================
[publisher] 시작: 2026-07-10 09:36:50
[step1] 신규 파일: 0개
[publisher] 새 파일 없음 — 종료 (빌드 스킵)

==================================================
[publisher] 시작: 2026-07-10 10:06:50
[step1] 신규 파일: 0개
[publisher] 새 파일 없음 — 종료 (빌드 스킵)

==================================================
[publisher] 시작: 2026-07-10 10:36:50
[step1] 신규 파일: 0개
[publisher] 새 파일 없음 — 종료 (빌드 스킵)

==================================================
[publisher] 시작: 2026-07-10 11:06:51
[step1] 신규 파일: 0개
[publisher] 새 파일 없음 — 종료 (빌드 스킵)

==================================================
[publisher] 시작: 2026-07-10 11:36:51
[step1] 신규 파일: 0개
[publisher] 새 파일 없음 — 종료 (빌드 스킵)

==================================================
[publisher] 시작: 2026-07-10 12:06:52
[step1] 신규 파일: 0개
[publisher] 새 파일 없음 — 종료 (빌드 스킵)

==================================================
[publisher] 시작: 2026-07-10 12:36:52
[step1] 신규 파일: 0개
[publisher] 새 파일 없음 — 종료 (빌드 스킵)

==================================================
[publisher] 시작: 2026-07-10 13:06:52
[step1] 신규 파일: 0개
[publisher] 새 파일 없음 — 종료 (빌드 스킵)

==================================================
[publisher] 시작: 2026-07-10 13:36:53
[step1] 신규 파일: 0개
[publisher] 새 파일 없음 — 종료 (빌드 스킵)

==================================================
[publisher] 시작: 2026-07-10 14:06:53
[step1] 신규 파일: 0개
[publisher] 새 파일 없음 — 종료 (빌드 스킵)

==================================================
[publisher] 시작: 2026-07-10 14:36:53
[step1] 신규 파일: 0개
[publisher] 새 파일 없음 — 종료 (빌드 스킵)

==================================================
[publisher] 시작: 2026-07-10 15:06:54
[step1] 신규 파일: 0개
[publisher] 새 파일 없음 — 종료 (빌드 스킵)

==================================================
[publisher] 시작: 2026-07-10 15:36:54
[step1] 신규 파일: 0개
[publisher] 새 파일 없음 — 종료 (빌드 스킵)

==================================================
[publisher] 시작: 2026-07-10 16:06:55
[step1] 신규 파일: 0개
[publisher] 새 파일 없음 — 종료 (빌드 스킵)

==================================================
[publisher] 시작: 2026-07-10 16:36:55
[step1] 신규 파일: 0개
[publisher] 새 파일 없음 — 종료 (빌드 스킵)

==================================================
[publisher] 시작: 2026-07-10 17:06:56
[step1] 신규 파일: 0개
[publisher] 새 파일 없음 — 종료 (빌드 스킵)

==================================================
[publisher] 시작: 2026-07-10 17:36:56
[step1] 신규 파일: 0개
[publisher] 새 파일 없음 — 종료 (빌드 스킵)

==================================================
[publisher] 시작: 2026-07-10 18:06:56
[step1] 신규 파일: 0개
[publisher] 새 파일 없음 — 종료 (빌드 스킵)

==================================================
[publisher] 시작: 2026-07-10 18:36:57
[step1] 신규 파일: 0개
[publisher] 새 파일 없음 — 종료 (빌드 스킵)

==================================================
[publisher] 시작: 2026-07-10 19:06:57
[step1] 신규 파일: 0개
[publisher] 새 파일 없음 — 종료 (빌드 스킵)

==================================================
[publisher] 시작: 2026-07-10 19:36:58
[step1] 신규 파일: 0개
[publisher] 새 파일 없음 — 종료 (빌드 스킵)

==================================================
[publisher] 시작: 2026-07-10 20:06:58
[step1] 신규 파일: 0개
[publisher] 새 파일 없음 — 종료 (빌드 스킵)

==================================================
[publisher] 시작: 2026-07-10 20:36:59
[step1] 신규 파일: 0개
[publisher] 새 파일 없음 — 종료 (빌드 스킵)

==================================================
[publisher] 시작: 2026-07-10 21:06:59
[step1] 신규 파일: 0개
[publisher] 새 파일 없음 — 종료 (빌드 스킵)

==================================================
[publisher] 시작: 2026-07-10 21:37:00
[step1] 신규 파일: 0개
[publisher] 새 파일 없음 — 종료 (빌드 스킵)

==================================================
[publisher] 시작: 2026-07-10 22:07:00
[step1] 신규 파일: 0개
[publisher] 새 파일 없음 — 종료 (빌드 스킵)

==================================================
[publisher] 시작: 2026-07-10 22:37:00
[step1] 신규 파일: 0개
[publisher] 새 파일 없음 — 종료 (빌드 스킵)

==================================================
[publisher] 시작: 2026-07-10 23:07:01
[step1] 신규 파일: 0개
[publisher] 새 파일 없음 — 종료 (빌드 스킵)

==================================================
[publisher] 시작: 2026-07-10 23:37:01
[step1] 신규 파일: 0개
[publisher] 새 파일 없음 — 종료 (빌드 스킵)

==================================================
[publisher] 시작: 2026-07-11 00:07:01
[step1] 신규 파일: 0개
[publisher] 새 파일 없음 — 종료 (빌드 스킵)

==================================================
[publisher] 시작: 2026-07-11 00:37:02
[step1] 신규 파일: 0개
[publisher] 새 파일 없음 — 종료 (빌드 스킵)

==================================================
[publisher] 시작: 2026-07-11 01:07:02
[step1] 신규 파일: 0개
[publisher] 새 파일 없음 — 종료 (빌드 스킵)

==================================================
[publisher] 시작: 2026-07-11 01:37:03
[step1] 신규 파일: 0개
[publisher] 새 파일 없음 — 종료 (빌드 스킵)

==================================================
[publisher] 시작: 2026-07-11 02:07:03
[step1] 신규 파일: 0개
[publisher] 새 파일 없음 — 종료 (빌드 스킵)

==================================================
[publisher] 시작: 2026-07-11 02:37:03
[step1] 신규 파일: 0개
[publisher] 새 파일 없음 — 종료 (빌드 스킵)

==================================================
[publisher] 시작: 2026-07-11 03:07:04
[step1] 신규 파일: 0개
[publisher] 새 파일 없음 — 종료 (빌드 스킵)

==================================================
[publisher] 시작: 2026-07-11 03:37:04
[step1] 신규 파일: 0개
[publisher] 새 파일 없음 — 종료 (빌드 스킵)

==================================================
[publisher] 시작: 2026-07-11 04:07:04
[step1] 신규 파일: 0개
[publisher] 새 파일 없음 — 종료 (빌드 스킵)

==================================================
[publisher] 시작: 2026-07-11 04:37:05
[step1] 신규 파일: 0개
[publisher] 새 파일 없음 — 종료 (빌드 스킵)

==================================================
[publisher] 시작: 2026-07-11 05:07:05
[step1] 신규 파일: 0개
[publisher] 새 파일 없음 — 종료 (빌드 스킵)

==================================================
[publisher] 시작: 2026-07-11 05:37:06
[step1] 신규 파일: 0개
[publisher] 새 파일 없음 — 종료 (빌드 스킵)

==================================================
[publisher] 시작: 2026-07-11 06:07:06
[step1] 신규 파일: 0개
[publisher] 새 파일 없음 — 종료 (빌드 스킵)

==================================================
[publisher] 시작: 2026-07-11 06:37:06
[step1] 신규 파일: 0개
[publisher] 새 파일 없음 — 종료 (빌드 스킵)

==================================================
[publisher] 시작: 2026-07-11 07:07:07
[step1] 신규 파일: 0개
[publisher] 새 파일 없음 — 종료 (빌드 스킵)

==================================================
[publisher] 시작: 2026-07-11 07:37:07
[step1] 신규 파일: 0개
[publisher] 새 파일 없음 — 종료 (빌드 스킵)

==================================================
[publisher] 시작: 2026-07-11 08:07:07
[step1] 신규 파일: 0개
[publisher] 새 파일 없음 — 종료 (빌드 스킵)

==================================================
[publisher] 시작: 2026-07-11 08:12:46
[step1] 신규 파일: 0개
[publisher] 새 파일 없음 — 종료 (빌드 스킵)

==================================================
[publisher] 시작: 2026-07-11 08:42:47
[step1] 신규 파일: 0개
[publisher] 새 파일 없음 — 종료 (빌드 스킵)

==================================================
[publisher] 시작: 2026-07-11 09:12:47
[step1] 신규 파일: 0개
[publisher] 새 파일 없음 — 종료 (빌드 스킵)

==================================================
[publisher] 시작: 2026-07-11 09:42:47
[step1] 신규 파일: 0개
[publisher] 새 파일 없음 — 종료 (빌드 스킵)

==================================================
[publisher] 시작: 2026-07-11 10:12:47
[step1] 신규 파일: 0개
[publisher] 새 파일 없음 — 종료 (빌드 스킵)

==================================================
[publisher] 시작: 2026-07-11 10:42:48
[step1] 신규 파일: 0개
[publisher] 새 파일 없음 — 종료 (빌드 스킵)

==================================================
[publisher] 시작: 2026-07-11 11:12:48
[step1] 신규 파일: 0개
[publisher] 새 파일 없음 — 종료 (빌드 스킵)

==================================================
[publisher] 시작: 2026-07-11 11:42:48
[step1] 신규 파일: 0개
[publisher] 새 파일 없음 — 종료 (빌드 스킵)

==================================================
[publisher] 시작: 2026-07-11 12:12:49
[step1] 신규 파일: 0개
[publisher] 새 파일 없음 — 종료 (빌드 스킵)

==================================================
[publisher] 시작: 2026-07-11 12:42:49
[step1] 신규 파일: 0개
[publisher] 새 파일 없음 — 종료 (빌드 스킵)

==================================================
[publisher] 시작: 2026-07-11 13:12:49
[step1] 신규 파일: 0개
[publisher] 새 파일 없음 — 종료 (빌드 스킵)

==================================================
[publisher] 시작: 2026-07-11 13:42:50
[step1] 신규 파일: 0개
[publisher] 새 파일 없음 — 종료 (빌드 스킵)

==================================================
[publisher] 시작: 2026-07-11 14:12:50
[step1] 신규 파일: 0개
[publisher] 새 파일 없음 — 종료 (빌드 스킵)

==================================================
[publisher] 시작: 2026-07-11 14:42:50
[step1] 신규 파일: 0개
[publisher] 새 파일 없음 — 종료 (빌드 스킵)

==================================================
[publisher] 시작: 2026-07-11 15:12:51
[step1] 신규 파일: 0개
[publisher] 새 파일 없음 — 종료 (빌드 스킵)

==================================================
[publisher] 시작: 2026-07-11 15:42:51
[step1] 신규 파일: 0개
[publisher] 새 파일 없음 — 종료 (빌드 스킵)

==================================================
[publisher] 시작: 2026-07-11 16:12:52
[step1] 신규 파일: 0개
[publisher] 새 파일 없음 — 종료 (빌드 스킵)

==================================================
[publisher] 시작: 2026-07-11 16:42:52
[step1] 신규 파일: 0개
[publisher] 새 파일 없음 — 종료 (빌드 스킵)

==================================================
[publisher] 시작: 2026-07-11 17:12:52
[step1] 신규 파일: 0개
[publisher] 새 파일 없음 — 종료 (빌드 스킵)

==================================================
[publisher] 시작: 2026-07-11 17:42:53
[step1] 신규 파일: 0개
[publisher] 새 파일 없음 — 종료 (빌드 스킵)

==================================================
[publisher] 시작: 2026-07-11 18:12:53
[step1] 신규 파일: 0개
[publisher] 새 파일 없음 — 종료 (빌드 스킵)

==================================================
[publisher] 시작: 2026-07-11 18:42:54
[step1] 신규 파일: 0개
[publisher] 새 파일 없음 — 종료 (빌드 스킵)

==================================================
[publisher] 시작: 2026-07-11 19:12:55
[step1] 신규 파일: 0개
[publisher] 새 파일 없음 — 종료 (빌드 스킵)

==================================================
[publisher] 시작: 2026-07-11 19:42:55
[step1] 신규 파일: 0개
[publisher] 새 파일 없음 — 종료 (빌드 스킵)

==================================================
[publisher] 시작: 2026-07-11 20:12:55
[step1] 신규 파일: 0개
[publisher] 새 파일 없음 — 종료 (빌드 스킵)

==================================================
[publisher] 시작: 2026-07-11 20:42:56
[step1] 신규 파일: 0개
[publisher] 새 파일 없음 — 종료 (빌드 스킵)

==================================================
[publisher] 시작: 2026-07-11 21:12:56
[step1] 신규 파일: 0개
[publisher] 새 파일 없음 — 종료 (빌드 스킵)

==================================================
[publisher] 시작: 2026-07-11 21:42:57
[step1] 신규 파일: 0개
[publisher] 새 파일 없음 — 종료 (빌드 스킵)

==================================================
[publisher] 시작: 2026-07-11 22:12:57
[step1] 신규 파일: 0개
[publisher] 새 파일 없음 — 종료 (빌드 스킵)

==================================================
[publisher] 시작: 2026-07-11 22:42:58
[step1] 신규 파일: 0개
[publisher] 새 파일 없음 — 종료 (빌드 스킵)

==================================================
[publisher] 시작: 2026-07-11 23:12:58
[step1] 신규 파일: 0개
[publisher] 새 파일 없음 — 종료 (빌드 스킵)

==================================================
[publisher] 시작: 2026-07-11 23:42:59
[step1] 신규 파일: 0개
[publisher] 새 파일 없음 — 종료 (빌드 스킵)

==================================================
[publisher] 시작: 2026-07-12 00:12:59
[step1] 신규 파일: 0개
[publisher] 새 파일 없음 — 종료 (빌드 스킵)

==================================================
[publisher] 시작: 2026-07-12 00:42:59
[step1] 신규 파일: 0개
[publisher] 새 파일 없음 — 종료 (빌드 스킵)

==================================================
[publisher] 시작: 2026-07-12 01:13:00
[step1] 신규 파일: 0개
[publisher] 새 파일 없음 — 종료 (빌드 스킵)

==================================================
[publisher] 시작: 2026-07-12 01:43:00
[step1] 신규 파일: 0개
[publisher] 새 파일 없음 — 종료 (빌드 스킵)

==================================================
[publisher] 시작: 2026-07-12 02:13:00
[step1] 신규 파일: 0개
[publisher] 새 파일 없음 — 종료 (빌드 스킵)

==================================================
[publisher] 시작: 2026-07-12 02:43:01
[step1] 신규 파일: 0개
[publisher] 새 파일 없음 — 종료 (빌드 스킵)

==================================================
[publisher] 시작: 2026-07-12 03:13:01
[step1] 신규 파일: 0개
[publisher] 새 파일 없음 — 종료 (빌드 스킵)

==================================================
[publisher] 시작: 2026-07-12 03:43:02
[step1] 신규 파일: 0개
[publisher] 새 파일 없음 — 종료 (빌드 스킵)

==================================================
[publisher] 시작: 2026-07-12 04:13:02
[step1] 신규 파일: 0개
[publisher] 새 파일 없음 — 종료 (빌드 스킵)

==================================================
[publisher] 시작: 2026-07-12 04:43:02
[step1] 신규 파일: 0개
[publisher] 새 파일 없음 — 종료 (빌드 스킵)

==================================================
[publisher] 시작: 2026-07-12 05:13:03
[step1] 신규 파일: 0개
[publisher] 새 파일 없음 — 종료 (빌드 스킵)

==================================================
[publisher] 시작: 2026-07-12 05:43:03
[step1] 신규 파일: 0개
[publisher] 새 파일 없음 — 종료 (빌드 스킵)

==================================================
[publisher] 시작: 2026-07-12 06:13:03
[step1] 신규 파일: 0개
[publisher] 새 파일 없음 — 종료 (빌드 스킵)

==================================================
[publisher] 시작: 2026-07-12 06:43:03
[step1] 신규 파일: 0개
[publisher] 새 파일 없음 — 종료 (빌드 스킵)

==================================================
[publisher] 시작: 2026-07-12 07:13:04
[step1] 신규 파일: 0개
[publisher] 새 파일 없음 — 종료 (빌드 스킵)

==================================================
[publisher] 시작: 2026-07-12 07:43:04
[step1] 신규 파일: 0개
[publisher] 새 파일 없음 — 종료 (빌드 스킵)

==================================================
[publisher] 시작: 2026-07-12 08:13:05
[step1] 신규 파일: 0개
[publisher] 새 파일 없음 — 종료 (빌드 스킵)

==================================================
[publisher] 시작: 2026-07-12 08:43:05
[step1] 신규 파일: 0개
[publisher] 새 파일 없음 — 종료 (빌드 스킵)

==================================================
[publisher] 시작: 2026-07-12 09:13:05
[step1] 신규 파일: 0개
[publisher] 새 파일 없음 — 종료 (빌드 스킵)

==================================================
[publisher] 시작: 2026-07-12 09:43:06
[step1] 신규 파일: 0개
[publisher] 새 파일 없음 — 종료 (빌드 스킵)

==================================================
[publisher] 시작: 2026-07-12 10:13:06
[step1] 신규 파일: 0개
[publisher] 새 파일 없음 — 종료 (빌드 스킵)

==================================================
[publisher] 시작: 2026-07-12 10:43:06
[step1] 신규 파일: 0개
[publisher] 새 파일 없음 — 종료 (빌드 스킵)

==================================================
[publisher] 시작: 2026-07-12 11:13:07
[step1] 신규 파일: 0개
[publisher] 새 파일 없음 — 종료 (빌드 스킵)

==================================================
[publisher] 시작: 2026-07-12 11:43:07
[step1] 신규 파일: 0개
[publisher] 새 파일 없음 — 종료 (빌드 스킵)

==================================================
[publisher] 시작: 2026-07-12 12:13:08
[step1] 신규 파일: 0개
[publisher] 새 파일 없음 — 종료 (빌드 스킵)

==================================================
[publisher] 시작: 2026-07-12 12:43:08
[step1] 신규 파일: 0개
[publisher] 새 파일 없음 — 종료 (빌드 스킵)

==================================================
[publisher] 시작: 2026-07-12 13:13:08
[step1] 신규 파일: 0개
[publisher] 새 파일 없음 — 종료 (빌드 스킵)

==================================================
[publisher] 시작: 2026-07-12 13:43:08
[step1] 신규 파일: 0개
[publisher] 새 파일 없음 — 종료 (빌드 스킵)
/bin/bash: /Users/twinssn/.env.common: No such file or directory

==================================================
[publisher] 시작: 2026-07-12 14:43:09
[step1] 신규 파일: 0개
[publisher] 새 파일 없음 — 종료 (빌드 스킵)

==================================================
[publisher] 시작: 2026-07-12 15:13:10
[step1] 신규 파일: 0개
[publisher] 새 파일 없음 — 종료 (빌드 스킵)

==================================================
[publisher] 시작: 2026-07-12 15:43:10
[step1] 신규 파일: 0개
[publisher] 새 파일 없음 — 종료 (빌드 스킵)

==================================================
[publisher] 시작: 2026-07-12 16:13:11
[step1] 신규 파일: 0개
[publisher] 새 파일 없음 — 종료 (빌드 스킵)

==================================================
[publisher] 시작: 2026-07-12 16:43:11
[step1] 신규 파일: 0개
[publisher] 새 파일 없음 — 종료 (빌드 스킵)

==================================================
[publisher] 시작: 2026-07-12 17:13:12
[step1] 신규 파일: 0개
[publisher] 새 파일 없음 — 종료 (빌드 스킵)

==================================================
[publisher] 시작: 2026-07-12 17:43:12
[step1] 신규 파일: 0개
[publisher] 새 파일 없음 — 종료 (빌드 스킵)

==================================================
[publisher] 시작: 2026-07-12 18:13:13
[step1] 신규 파일: 0개
[publisher] 새 파일 없음 — 종료 (빌드 스킵)

==================================================
[publisher] 시작: 2026-07-12 18:43:13
[step1] 신규 파일: 0개
[publisher] 새 파일 없음 — 종료 (빌드 스킵)

==================================================
[publisher] 시작: 2026-07-12 19:13:14
[step1] 신규 파일: 0개
[publisher] 새 파일 없음 — 종료 (빌드 스킵)

==================================================
[publisher] 시작: 2026-07-12 19:43:14
[step1] 신규 파일: 0개
[publisher] 새 파일 없음 — 종료 (빌드 스킵)

==================================================
[publisher] 시작: 2026-07-12 20:13:22
[step1] 신규 파일: 0개
[publisher] 새 파일 없음 — 종료 (빌드 스킵)

==================================================
[publisher] 시작: 2026-07-12 20:43:24
[step1] 신규 파일: 0개
[publisher] 새 파일 없음 — 종료 (빌드 스킵)

==================================================
[publisher] 시작: 2026-07-12 21:13:24
[step1] 신규 파일: 0개
[publisher] 새 파일 없음 — 종료 (빌드 스킵)

==================================================
[publisher] 시작: 2026-07-12 21:43:24
[step1] 신규 파일: 0개
[publisher] 새 파일 없음 — 종료 (빌드 스킵)

==================================================
[publisher] 시작: 2026-07-12 22:13:25
[step1] 신규 파일: 0개
[publisher] 새 파일 없음 — 종료 (빌드 스킵)

==================================================
[publisher] 시작: 2026-07-12 22:43:25
[step1] 신규 파일: 0개
[publisher] 새 파일 없음 — 종료 (빌드 스킵)

==================================================
[publisher] 시작: 2026-07-12 23:13:26
[step1] 신규 파일: 0개
[publisher] 새 파일 없음 — 종료 (빌드 스킵)

==================================================
[publisher] 시작: 2026-07-12 23:43:26
[step1] 신규 파일: 0개
[publisher] 새 파일 없음 — 종료 (빌드 스킵)

==================================================
[publisher] 시작: 2026-07-13 00:13:26
[step1] 신규 파일: 0개
[publisher] 새 파일 없음 — 종료 (빌드 스킵)

==================================================
[publisher] 시작: 2026-07-13 00:43:27
[step1] 신규 파일: 0개
[publisher] 새 파일 없음 — 종료 (빌드 스킵)

==================================================
[publisher] 시작: 2026-07-13 01:13:27
[step1] 신규 파일: 0개
[publisher] 새 파일 없음 — 종료 (빌드 스킵)

==================================================
[publisher] 시작: 2026-07-13 01:43:28
[step1] 신규 파일: 0개
[publisher] 새 파일 없음 — 종료 (빌드 스킵)

==================================================
[publisher] 시작: 2026-07-13 02:13:28
[step1] 신규 파일: 0개
[publisher] 새 파일 없음 — 종료 (빌드 스킵)

==================================================
[publisher] 시작: 2026-07-13 02:43:28
[step1] 신규 파일: 0개
[publisher] 새 파일 없음 — 종료 (빌드 스킵)

==================================================
[publisher] 시작: 2026-07-13 03:13:29
[step1] 신규 파일: 0개
[publisher] 새 파일 없음 — 종료 (빌드 스킵)

==================================================
[publisher] 시작: 2026-07-13 03:43:29
[step1] 신규 파일: 0개
[publisher] 새 파일 없음 — 종료 (빌드 스킵)

==================================================
[publisher] 시작: 2026-07-13 04:13:29
[step1] 신규 파일: 0개
[publisher] 새 파일 없음 — 종료 (빌드 스킵)

==================================================
[publisher] 시작: 2026-07-13 04:43:30
[step1] 신규 파일: 0개
[publisher] 새 파일 없음 — 종료 (빌드 스킵)

==================================================
[publisher] 시작: 2026-07-13 05:13:30
[step1] 신규 파일: 0개
[publisher] 새 파일 없음 — 종료 (빌드 스킵)

==================================================
[publisher] 시작: 2026-07-13 05:43:30
[step1] 신규 파일: 0개
[publisher] 새 파일 없음 — 종료 (빌드 스킵)

==================================================
[publisher] 시작: 2026-07-13 06:13:31
[step1] 신규 파일: 0개
[publisher] 새 파일 없음 — 종료 (빌드 스킵)

==================================================
[publisher] 시작: 2026-07-13 06:43:31
[step1] 신규 파일: 0개
[publisher] 새 파일 없음 — 종료 (빌드 스킵)

==================================================
[publisher] 시작: 2026-07-13 07:11:37
[step1] 신규 파일: 0개
[publisher] 새 파일 없음 — 종료 (빌드 스킵)

==================================================
[publisher] 시작: 2026-07-13 07:41:38
[step1] 신규 파일: 0개
[publisher] 새 파일 없음 — 종료 (빌드 스킵)

==================================================
[publisher] 시작: 2026-07-13 08:11:38
[step1] 신규 파일: 0개
[publisher] 새 파일 없음 — 종료 (빌드 스킵)

==================================================
[publisher] 시작: 2026-07-13 08:41:39
[step1] 신규 파일: 0개
[publisher] 새 파일 없음 — 종료 (빌드 스킵)

==================================================
[publisher] 시작: 2026-07-13 09:11:39
[step1] 신규 파일: 0개
[publisher] 새 파일 없음 — 종료 (빌드 스킵)

==================================================
[publisher] 시작: 2026-07-13 09:41:39
[step1] 신규 파일: 0개
[publisher] 새 파일 없음 — 종료 (빌드 스킵)

==================================================
[publisher] 시작: 2026-07-13 10:11:40
[step1] 신규 파일: 0개
[publisher] 새 파일 없음 — 종료 (빌드 스킵)

==================================================
[publisher] 시작: 2026-07-13 10:41:41
[step1] 신규 파일: 0개
[publisher] 새 파일 없음 — 종료 (빌드 스킵)

==================================================
[publisher] 시작: 2026-07-13 11:11:41
[step1] 신규 파일: 0개
[publisher] 새 파일 없음 — 종료 (빌드 스킵)

==================================================
[publisher] 시작: 2026-07-13 11:41:41
[step1] 신규 파일: 0개
[publisher] 새 파일 없음 — 종료 (빌드 스킵)

==================================================
[publisher] 시작: 2026-07-13 12:11:42
[step1] 신규 파일: 0개
[publisher] 새 파일 없음 — 종료 (빌드 스킵)

==================================================
[publisher] 시작: 2026-07-13 12:41:42
[step1] 신규 파일: 0개
[publisher] 새 파일 없음 — 종료 (빌드 스킵)

==================================================
[publisher] 시작: 2026-07-13 13:11:42
[step1] 신규 파일: 0개
[publisher] 새 파일 없음 — 종료 (빌드 스킵)

==================================================
[publisher] 시작: 2026-07-13 13:41:43
[step1] 신규 파일: 0개
[publisher] 새 파일 없음 — 종료 (빌드 스킵)

==================================================
[publisher] 시작: 2026-07-13 14:11:44
[step1] 신규 파일: 0개
[publisher] 새 파일 없음 — 종료 (빌드 스킵)

==================================================
[publisher] 시작: 2026-07-13 14:41:44
[step1] 신규 파일: 0개
[publisher] 새 파일 없음 — 종료 (빌드 스킵)

==================================================
[publisher] 시작: 2026-07-13 15:11:45
[step1] 신규 파일: 0개
[publisher] 새 파일 없음 — 종료 (빌드 스킵)

==================================================
[publisher] 시작: 2026-07-13 15:41:45
[step1] 신규 파일: 0개
[publisher] 새 파일 없음 — 종료 (빌드 스킵)

==================================================
[publisher] 시작: 2026-07-13 16:11:46
[step1] 신규 파일: 0개
[publisher] 새 파일 없음 — 종료 (빌드 스킵)

==================================================
[publisher] 시작: 2026-07-13 16:41:46
[step1] 신규 파일: 0개
[publisher] 새 파일 없음 — 종료 (빌드 스킵)

==================================================
[publisher] 시작: 2026-07-13 17:11:47
[step1] 신규 파일: 0개
[publisher] 새 파일 없음 — 종료 (빌드 스킵)

==================================================
[publisher] 시작: 2026-07-13 17:41:47
[step1] 신규 파일: 0개
[publisher] 새 파일 없음 — 종료 (빌드 스킵)

==================================================
[publisher] 시작: 2026-07-13 18:11:48
[step1] 신규 파일: 0개
[publisher] 새 파일 없음 — 종료 (빌드 스킵)

==================================================
[publisher] 시작: 2026-07-13 18:41:49
[step1] 신규 파일: 0개
[publisher] 새 파일 없음 — 종료 (빌드 스킵)

==================================================
[publisher] 시작: 2026-07-13 19:11:49
[step1] 신규 파일: 0개
[publisher] 새 파일 없음 — 종료 (빌드 스킵)

==================================================
[publisher] 시작: 2026-07-13 19:41:50
[step1] 신규 파일: 0개
[publisher] 새 파일 없음 — 종료 (빌드 스킵)

==================================================
[publisher] 시작: 2026-07-13 20:11:50
[step1] 신규 파일: 0개
[publisher] 새 파일 없음 — 종료 (빌드 스킵)

==================================================
[publisher] 시작: 2026-07-13 20:41:50
[step1] 신규 파일: 0개
[publisher] 새 파일 없음 — 종료 (빌드 스킵)

==================================================
[publisher] 시작: 2026-07-13 21:11:50
[step1] 신규 파일: 0개
[publisher] 새 파일 없음 — 종료 (빌드 스킵)

==================================================
[publisher] 시작: 2026-07-13 21:41:51
[step1] 신규 파일: 0개
[publisher] 새 파일 없음 — 종료 (빌드 스킵)

==================================================
[publisher] 시작: 2026-07-13 22:11:51
[step1] 신규 파일: 0개
[publisher] 새 파일 없음 — 종료 (빌드 스킵)

==================================================
[publisher] 시작: 2026-07-13 22:41:52
[step1] 신규 파일: 0개
[publisher] 새 파일 없음 — 종료 (빌드 스킵)

==================================================
[publisher] 시작: 2026-07-13 23:11:52
[step1] 신규 파일: 0개
[publisher] 새 파일 없음 — 종료 (빌드 스킵)

==================================================
[publisher] 시작: 2026-07-13 23:41:53
[step1] 신규 파일: 0개
[publisher] 새 파일 없음 — 종료 (빌드 스킵)

==================================================
[publisher] 시작: 2026-07-14 00:11:53
[step1] 신규 파일: 0개
[publisher] 새 파일 없음 — 종료 (빌드 스킵)

==================================================
[publisher] 시작: 2026-07-14 00:41:53
[step1] 신규 파일: 0개
[publisher] 새 파일 없음 — 종료 (빌드 스킵)

==================================================
[publisher] 시작: 2026-07-14 01:11:54
[step1] 신규 파일: 0개
[publisher] 새 파일 없음 — 종료 (빌드 스킵)

==================================================
[publisher] 시작: 2026-07-14 01:41:54
[step1] 신규 파일: 0개
[publisher] 새 파일 없음 — 종료 (빌드 스킵)

==================================================
[publisher] 시작: 2026-07-14 02:11:54
[step1] 신규 파일: 0개
[publisher] 새 파일 없음 — 종료 (빌드 스킵)

==================================================
[publisher] 시작: 2026-07-14 02:41:55
[step1] 신규 파일: 0개
[publisher] 새 파일 없음 — 종료 (빌드 스킵)

==================================================
[publisher] 시작: 2026-07-14 03:11:55
[step1] 신규 파일: 0개
[publisher] 새 파일 없음 — 종료 (빌드 스킵)

==================================================
[publisher] 시작: 2026-07-14 03:41:56
[step1] 신규 파일: 0개
[publisher] 새 파일 없음 — 종료 (빌드 스킵)

==================================================
[publisher] 시작: 2026-07-14 04:11:56
[step1] 신규 파일: 0개
[publisher] 새 파일 없음 — 종료 (빌드 스킵)

==================================================
[publisher] 시작: 2026-07-14 04:41:56
[step1] 신규 파일: 0개
[publisher] 새 파일 없음 — 종료 (빌드 스킵)

==================================================
[publisher] 시작: 2026-07-14 05:11:57
[step1] 신규 파일: 0개
[publisher] 새 파일 없음 — 종료 (빌드 스킵)

==================================================
[publisher] 시작: 2026-07-14 05:41:57
[step1] 신규 파일: 0개
[publisher] 새 파일 없음 — 종료 (빌드 스킵)

==================================================
[publisher] 시작: 2026-07-14 06:11:57
[step1] 신규 파일: 0개
[publisher] 새 파일 없음 — 종료 (빌드 스킵)

==================================================
[publisher] 시작: 2026-07-14 06:41:58
[step1] 신규 파일: 0개
[publisher] 새 파일 없음 — 종료 (빌드 스킵)

==================================================
[publisher] 시작: 2026-07-14 07:11:58
[step1] 신규 파일: 0개
[publisher] 새 파일 없음 — 종료 (빌드 스킵)

==================================================
[publisher] 시작: 2026-07-14 07:41:59
[step1] 신규 파일: 0개
[publisher] 새 파일 없음 — 종료 (빌드 스킵)

==================================================
[publisher] 시작: 2026-07-14 08:11:59
[step1] 신규 파일: 0개
[publisher] 새 파일 없음 — 종료 (빌드 스킵)

==================================================
[publisher] 시작: 2026-07-14 08:42:00
[step1] 신규 파일: 0개
[publisher] 새 파일 없음 — 종료 (빌드 스킵)

==================================================
[publisher] 시작: 2026-07-14 09:12:00
[step1] 신규 파일: 0개
[publisher] 새 파일 없음 — 종료 (빌드 스킵)

==================================================
[publisher] 시작: 2026-07-14 09:42:00
[step1] 신규 파일: 0개
[publisher] 새 파일 없음 — 종료 (빌드 스킵)

==================================================
[publisher] 시작: 2026-07-14 10:12:01
[step1] 신규 파일: 0개
[publisher] 새 파일 없음 — 종료 (빌드 스킵)

==================================================
[publisher] 시작: 2026-07-14 10:42:01
[step1] 신규 파일: 0개
[publisher] 새 파일 없음 — 종료 (빌드 스킵)

==================================================
[publisher] 시작: 2026-07-14 11:12:05
[step1] 신규 파일: 0개
[publisher] 새 파일 없음 — 종료 (빌드 스킵)

==================================================
[publisher] 시작: 2026-07-14 11:42:06
[step1] 신규 파일: 0개
[publisher] 새 파일 없음 — 종료 (빌드 스킵)

==================================================
[publisher] 시작: 2026-07-14 12:12:06
[step1] 신규 파일: 0개
[publisher] 새 파일 없음 — 종료 (빌드 스킵)

==================================================
[publisher] 시작: 2026-07-14 12:42:07
[step1] 신규 파일: 0개
[publisher] 새 파일 없음 — 종료 (빌드 스킵)

==================================================
[publisher] 시작: 2026-07-14 13:12:07
[step1] 신규 파일: 0개
[publisher] 새 파일 없음 — 종료 (빌드 스킵)

==================================================
[publisher] 시작: 2026-07-14 13:42:07
[step1] 신규 파일: 0개
[publisher] 새 파일 없음 — 종료 (빌드 스킵)

==================================================
[publisher] 시작: 2026-07-14 14:12:08
[step1] 신규 파일: 0개
[publisher] 새 파일 없음 — 종료 (빌드 스킵)

==================================================
[publisher] 시작: 2026-07-14 14:42:08
[step1] 신규 파일: 0개
[publisher] 새 파일 없음 — 종료 (빌드 스킵)

==================================================
[publisher] 시작: 2026-07-14 15:12:09
[step1] 신규 파일: 0개
[publisher] 새 파일 없음 — 종료 (빌드 스킵)

==================================================
[publisher] 시작: 2026-07-14 15:42:09
[step1] 신규 파일: 0개
[publisher] 새 파일 없음 — 종료 (빌드 스킵)

==================================================
[publisher] 시작: 2026-07-14 16:12:09
[step1] 신규 파일: 0개
[publisher] 새 파일 없음 — 종료 (빌드 스킵)

==================================================
[publisher] 시작: 2026-07-14 16:42:10
[step1] 신규 파일: 0개
[publisher] 새 파일 없음 — 종료 (빌드 스킵)

==================================================
[publisher] 시작: 2026-07-14 17:12:12
[step1] 신규 파일: 0개
[publisher] 새 파일 없음 — 종료 (빌드 스킵)

==================================================
[publisher] 시작: 2026-07-14 17:42:12
[step1] 신규 파일: 0개
[publisher] 새 파일 없음 — 종료 (빌드 스킵)

==================================================
[publisher] 시작: 2026-07-14 18:12:12
[step1] 신규 파일: 0개
[publisher] 새 파일 없음 — 종료 (빌드 스킵)

==================================================
[publisher] 시작: 2026-07-14 18:42:13
[step1] 신규 파일: 0개
[publisher] 새 파일 없음 — 종료 (빌드 스킵)

==================================================
[publisher] 시작: 2026-07-14 19:12:13
[step1] 신규 파일: 0개
[publisher] 새 파일 없음 — 종료 (빌드 스킵)

==================================================
[publisher] 시작: 2026-07-14 19:42:13
[step1] 신규 파일: 0개
[publisher] 새 파일 없음 — 종료 (빌드 스킵)

==================================================
[publisher] 시작: 2026-07-14 20:12:14
[step1] 신규 파일: 0개
[publisher] 새 파일 없음 — 종료 (빌드 스킵)

==================================================
[publisher] 시작: 2026-07-14 20:42:15
[step1] 신규 파일: 0개
[publisher] 새 파일 없음 — 종료 (빌드 스킵)

==================================================
[publisher] 시작: 2026-07-14 21:12:15
[step1] 신규 파일: 0개
[publisher] 새 파일 없음 — 종료 (빌드 스킵)

==================================================
[publisher] 시작: 2026-07-14 21:42:16
[step1] 신규 파일: 0개
[publisher] 새 파일 없음 — 종료 (빌드 스킵)

==================================================
[publisher] 시작: 2026-07-14 22:12:16
[step1] 신규 파일: 0개
[publisher] 새 파일 없음 — 종료 (빌드 스킵)

==================================================
[publisher] 시작: 2026-07-14 22:42:16
[step1] 신규 파일: 0개
[publisher] 새 파일 없음 — 종료 (빌드 스킵)

==================================================
[publisher] 시작: 2026-07-14 23:12:16
[step1] 신규 파일: 0개
[publisher] 새 파일 없음 — 종료 (빌드 스킵)

==================================================
[publisher] 시작: 2026-07-14 23:42:17
[step1] 신규 파일: 0개
[publisher] 새 파일 없음 — 종료 (빌드 스킵)

==================================================
[publisher] 시작: 2026-07-15 00:12:17
[step1] 신규 파일: 0개
[publisher] 새 파일 없음 — 종료 (빌드 스킵)

==================================================
[publisher] 시작: 2026-07-15 00:42:18
[step1] 신규 파일: 0개
[publisher] 새 파일 없음 — 종료 (빌드 스킵)

==================================================
[publisher] 시작: 2026-07-15 01:12:18
[step1] 신규 파일: 0개
[publisher] 새 파일 없음 — 종료 (빌드 스킵)

==================================================
[publisher] 시작: 2026-07-15 01:42:18
[step1] 신규 파일: 0개
[publisher] 새 파일 없음 — 종료 (빌드 스킵)

==================================================
[publisher] 시작: 2026-07-15 02:12:19
[step1] 신규 파일: 0개
[publisher] 새 파일 없음 — 종료 (빌드 스킵)

==================================================
[publisher] 시작: 2026-07-15 02:42:19
[step1] 신규 파일: 0개
[publisher] 새 파일 없음 — 종료 (빌드 스킵)

==================================================
[publisher] 시작: 2026-07-15 03:12:20
[step1] 신규 파일: 0개
[publisher] 새 파일 없음 — 종료 (빌드 스킵)

==================================================
[publisher] 시작: 2026-07-15 03:42:20
[step1] 신규 파일: 0개
[publisher] 새 파일 없음 — 종료 (빌드 스킵)

==================================================
[publisher] 시작: 2026-07-15 04:12:20
[step1] 신규 파일: 0개
[publisher] 새 파일 없음 — 종료 (빌드 스킵)

==================================================
[publisher] 시작: 2026-07-15 04:42:21
[step1] 신규 파일: 0개
[publisher] 새 파일 없음 — 종료 (빌드 스킵)

==================================================
[publisher] 시작: 2026-07-15 05:12:21
[step1] 신규 파일: 0개
[publisher] 새 파일 없음 — 종료 (빌드 스킵)

==================================================
[publisher] 시작: 2026-07-15 05:42:21
[step1] 신규 파일: 0개
[publisher] 새 파일 없음 — 종료 (빌드 스킵)

==================================================
[publisher] 시작: 2026-07-15 06:12:21
[step1] 신규 파일: 0개
[publisher] 새 파일 없음 — 종료 (빌드 스킵)

==================================================
[publisher] 시작: 2026-07-15 06:42:22
[step1] 신규 파일: 0개
[publisher] 새 파일 없음 — 종료 (빌드 스킵)

==================================================
[publisher] 시작: 2026-07-15 07:12:22
[step1] 신규 파일: 0개
[publisher] 새 파일 없음 — 종료 (빌드 스킵)

==================================================
[publisher] 시작: 2026-07-15 07:42:22
[step1] 신규 파일: 0개
[publisher] 새 파일 없음 — 종료 (빌드 스킵)

==================================================
[publisher] 시작: 2026-07-15 08:12:23
[step1] 신규 파일: 0개
[publisher] 새 파일 없음 — 종료 (빌드 스킵)

==================================================
[publisher] 시작: 2026-07-15 08:42:23
[step1] 신규 파일: 0개
[publisher] 새 파일 없음 — 종료 (빌드 스킵)

==================================================
[publisher] 시작: 2026-07-15 09:12:24
[step1] 신규 파일: 0개
[publisher] 새 파일 없음 — 종료 (빌드 스킵)

==================================================
[publisher] 시작: 2026-07-15 09:42:24
[step1] 신규 파일: 0개
[publisher] 새 파일 없음 — 종료 (빌드 스킵)

==================================================
[publisher] 시작: 2026-07-15 10:12:24
[step1] 신규 파일: 0개
[publisher] 새 파일 없음 — 종료 (빌드 스킵)

==================================================
[publisher] 시작: 2026-07-15 10:42:25
[step1] 신규 파일: 0개
[publisher] 새 파일 없음 — 종료 (빌드 스킵)

==================================================
[publisher] 시작: 2026-07-15 11:12:25
[step1] 신규 파일: 0개
[publisher] 새 파일 없음 — 종료 (빌드 스킵)

==================================================
[publisher] 시작: 2026-07-15 11:42:26
[step1] 신규 파일: 0개
[publisher] 새 파일 없음 — 종료 (빌드 스킵)

==================================================
[publisher] 시작: 2026-07-15 12:12:26
[step1] 신규 파일: 0개
[publisher] 새 파일 없음 — 종료 (빌드 스킵)

==================================================
[publisher] 시작: 2026-07-15 12:42:27
[step1] 신규 파일: 0개
[publisher] 새 파일 없음 — 종료 (빌드 스킵)

==================================================
[publisher] 시작: 2026-07-15 13:12:28
[step1] 신규 파일: 0개
[publisher] 새 파일 없음 — 종료 (빌드 스킵)

==================================================
[publisher] 시작: 2026-07-15 13:42:28
[step1] 신규 파일: 0개
[publisher] 새 파일 없음 — 종료 (빌드 스킵)

==================================================
[publisher] 시작: 2026-07-15 14:12:28
[step1] 신규 파일: 0개
[publisher] 새 파일 없음 — 종료 (빌드 스킵)

==================================================
[publisher] 시작: 2026-07-15 14:42:29
[step1] 신규 파일: 0개
[publisher] 새 파일 없음 — 종료 (빌드 스킵)

==================================================
[publisher] 시작: 2026-07-15 15:12:30
[step1] 신규 파일: 0개
[publisher] 새 파일 없음 — 종료 (빌드 스킵)

==================================================
[publisher] 시작: 2026-07-15 15:42:30
[step1] 신규 파일: 0개
[publisher] 새 파일 없음 — 종료 (빌드 스킵)

==================================================
[publisher] 시작: 2026-07-15 16:12:30
[step1] 신규 파일: 0개
[publisher] 새 파일 없음 — 종료 (빌드 스킵)

==================================================
[publisher] 시작: 2026-07-15 16:42:31
[step1] 신규 파일: 0개
[publisher] 새 파일 없음 — 종료 (빌드 스킵)

==================================================
[publisher] 시작: 2026-07-15 17:12:31
[step1] 신규 파일: 0개
[publisher] 새 파일 없음 — 종료 (빌드 스킵)

==================================================
[publisher] 시작: 2026-07-15 17:42:32
[step1] 신규 파일: 0개
[publisher] 새 파일 없음 — 종료 (빌드 스킵)

==================================================
[publisher] 시작: 2026-07-15 18:12:32
[step1] 신규 파일: 0개
[publisher] 새 파일 없음 — 종료 (빌드 스킵)

==================================================
[publisher] 시작: 2026-07-15 18:42:32
[step1] 신규 파일: 0개
[publisher] 새 파일 없음 — 종료 (빌드 스킵)

==================================================
[publisher] 시작: 2026-07-15 19:12:33
[step1] 신규 파일: 0개
[publisher] 새 파일 없음 — 종료 (빌드 스킵)

==================================================
[publisher] 시작: 2026-07-15 19:42:33
[step1] 신규 파일: 0개
[publisher] 새 파일 없음 — 종료 (빌드 스킵)

==================================================
[publisher] 시작: 2026-07-15 20:12:33
[step1] 신규 파일: 0개
[publisher] 새 파일 없음 — 종료 (빌드 스킵)

==================================================
[publisher] 시작: 2026-07-15 20:42:34
[step1] 신규 파일: 0개
[publisher] 새 파일 없음 — 종료 (빌드 스킵)

==================================================
[publisher] 시작: 2026-07-15 21:12:34
[step1] 신규 파일: 0개
[publisher] 새 파일 없음 — 종료 (빌드 스킵)

==================================================
[publisher] 시작: 2026-07-15 21:42:35
[step1] 신규 파일: 0개
[publisher] 새 파일 없음 — 종료 (빌드 스킵)

==================================================
[publisher] 시작: 2026-07-15 22:12:35
[step1] 신규 파일: 0개
[publisher] 새 파일 없음 — 종료 (빌드 스킵)

==================================================
[publisher] 시작: 2026-07-15 22:42:35
[step1] 신규 파일: 0개
[publisher] 새 파일 없음 — 종료 (빌드 스킵)

==================================================
[publisher] 시작: 2026-07-15 23:12:36
[step1] 신규 파일: 0개
[publisher] 새 파일 없음 — 종료 (빌드 스킵)

==================================================
[publisher] 시작: 2026-07-15 23:42:36
[step1] 신규 파일: 0개
[publisher] 새 파일 없음 — 종료 (빌드 스킵)

==================================================
[publisher] 시작: 2026-07-16 00:12:36
[step1] 신규 파일: 0개
[publisher] 새 파일 없음 — 종료 (빌드 스킵)

==================================================
[publisher] 시작: 2026-07-16 00:42:37
[step1] 신규 파일: 0개
[publisher] 새 파일 없음 — 종료 (빌드 스킵)

==================================================
[publisher] 시작: 2026-07-16 01:12:37
[step1] 신규 파일: 0개
[publisher] 새 파일 없음 — 종료 (빌드 스킵)

==================================================
[publisher] 시작: 2026-07-16 01:42:38
[step1] 신규 파일: 0개
[publisher] 새 파일 없음 — 종료 (빌드 스킵)

==================================================
[publisher] 시작: 2026-07-16 02:12:38
[step1] 신규 파일: 0개
[publisher] 새 파일 없음 — 종료 (빌드 스킵)

==================================================
[publisher] 시작: 2026-07-16 02:42:39
[step1] 신규 파일: 0개
[publisher] 새 파일 없음 — 종료 (빌드 스킵)

==================================================
[publisher] 시작: 2026-07-16 03:12:39
[step1] 신규 파일: 0개
[publisher] 새 파일 없음 — 종료 (빌드 스킵)

==================================================
[publisher] 시작: 2026-07-16 03:42:40
[step1] 신규 파일: 0개
[publisher] 새 파일 없음 — 종료 (빌드 스킵)

==================================================
[publisher] 시작: 2026-07-16 04:12:40
[step1] 신규 파일: 0개
[publisher] 새 파일 없음 — 종료 (빌드 스킵)

==================================================
[publisher] 시작: 2026-07-16 04:42:40
[step1] 신규 파일: 0개
[publisher] 새 파일 없음 — 종료 (빌드 스킵)

==================================================
[publisher] 시작: 2026-07-16 05:12:41
[step1] 신규 파일: 0개
[publisher] 새 파일 없음 — 종료 (빌드 스킵)

==================================================
[publisher] 시작: 2026-07-16 05:42:41
[step1] 신규 파일: 0개
[publisher] 새 파일 없음 — 종료 (빌드 스킵)

==================================================
[publisher] 시작: 2026-07-16 06:12:42
[step1] 신규 파일: 0개
[publisher] 새 파일 없음 — 종료 (빌드 스킵)

==================================================
[publisher] 시작: 2026-07-16 06:42:42
[step1] 신규 파일: 0개
[publisher] 새 파일 없음 — 종료 (빌드 스킵)

==================================================
[publisher] 시작: 2026-07-16 07:12:42
[step1] 신규 파일: 0개
[publisher] 새 파일 없음 — 종료 (빌드 스킵)

==================================================
[publisher] 시작: 2026-07-16 07:42:43
[step1] 신규 파일: 0개
[publisher] 새 파일 없음 — 종료 (빌드 스킵)

==================================================
[publisher] 시작: 2026-07-16 08:12:43
[step1] 신규 파일: 0개
[publisher] 새 파일 없음 — 종료 (빌드 스킵)

==================================================
[publisher] 시작: 2026-07-16 08:42:44
[step1] 신규 파일: 0개
[publisher] 새 파일 없음 — 종료 (빌드 스킵)

==================================================
[publisher] 시작: 2026-07-16 09:12:44
[step1] 신규 파일: 0개
[publisher] 새 파일 없음 — 종료 (빌드 스킵)

==================================================
[publisher] 시작: 2026-07-16 09:42:45
[step1] 신규 파일: 0개
[publisher] 새 파일 없음 — 종료 (빌드 스킵)

==================================================
[publisher] 시작: 2026-07-16 10:12:45
[step1] 신규 파일: 0개
[publisher] 새 파일 없음 — 종료 (빌드 스킵)

==================================================
[publisher] 시작: 2026-07-16 10:42:46
[step1] 신규 파일: 0개
[publisher] 새 파일 없음 — 종료 (빌드 스킵)

==================================================
[publisher] 시작: 2026-07-16 11:12:46
[step1] 신규 파일: 0개
[publisher] 새 파일 없음 — 종료 (빌드 스킵)

==================================================
[publisher] 시작: 2026-07-16 11:42:47
[step1] 신규 파일: 0개
[publisher] 새 파일 없음 — 종료 (빌드 스킵)

==================================================
[publisher] 시작: 2026-07-16 12:12:48
[step1] 신규 파일: 0개
[publisher] 새 파일 없음 — 종료 (빌드 스킵)

==================================================
[publisher] 시작: 2026-07-16 12:42:50
[step1] 신규 파일: 0개
[publisher] 새 파일 없음 — 종료 (빌드 스킵)

==================================================
[publisher] 시작: 2026-07-16 13:12:50
[step1] 신규 파일: 0개
[publisher] 새 파일 없음 — 종료 (빌드 스킵)

==================================================
[publisher] 시작: 2026-07-16 13:42:51
[step1] 신규 파일: 0개
[publisher] 새 파일 없음 — 종료 (빌드 스킵)

==================================================
[publisher] 시작: 2026-07-16 14:12:52
[step1] 신규 파일: 0개
[publisher] 새 파일 없음 — 종료 (빌드 스킵)

==================================================
[publisher] 시작: 2026-07-16 14:42:52
[step1] 신규 파일: 0개
[publisher] 새 파일 없음 — 종료 (빌드 스킵)

==================================================
[publisher] 시작: 2026-07-16 15:12:52
[step1] 신규 파일: 0개
[publisher] 새 파일 없음 — 종료 (빌드 스킵)

==================================================
[publisher] 시작: 2026-07-16 15:42:53
[step1] 신규 파일: 0개
[publisher] 새 파일 없음 — 종료 (빌드 스킵)

==================================================
[publisher] 시작: 2026-07-16 16:12:53
[step1] 신규 파일: 0개
[publisher] 새 파일 없음 — 종료 (빌드 스킵)

==================================================
[publisher] 시작: 2026-07-16 16:42:54
[step1] 신규 파일: 0개
[publisher] 새 파일 없음 — 종료 (빌드 스킵)

==================================================
[publisher] 시작: 2026-07-16 17:12:54
[step1] 신규 파일: 0개
[publisher] 새 파일 없음 — 종료 (빌드 스킵)

==================================================
[publisher] 시작: 2026-07-16 17:42:55
[step1] 신규 파일: 0개
[publisher] 새 파일 없음 — 종료 (빌드 스킵)

==================================================
[publisher] 시작: 2026-07-16 18:12:55
[step1] 신규 파일: 0개
[publisher] 새 파일 없음 — 종료 (빌드 스킵)

==================================================
[publisher] 시작: 2026-07-16 18:42:55
[step1] 신규 파일: 0개
[publisher] 새 파일 없음 — 종료 (빌드 스킵)

==================================================
[publisher] 시작: 2026-07-16 19:12:56
[step1] 신규 파일: 0개
[publisher] 새 파일 없음 — 종료 (빌드 스킵)

==================================================
[publisher] 시작: 2026-07-16 19:42:56
[step1] 신규 파일: 0개
[publisher] 새 파일 없음 — 종료 (빌드 스킵)

==================================================
[publisher] 시작: 2026-07-16 20:12:56
[step1] 신규 파일: 0개
[publisher] 새 파일 없음 — 종료 (빌드 스킵)

==================================================
[publisher] 시작: 2026-07-16 20:42:57
[step1] 신규 파일: 0개
[publisher] 새 파일 없음 — 종료 (빌드 스킵)

==================================================
[publisher] 시작: 2026-07-16 21:12:57
[step1] 신규 파일: 0개
[publisher] 새 파일 없음 — 종료 (빌드 스킵)

==================================================
[publisher] 시작: 2026-07-16 21:42:57
[step1] 신규 파일: 0개
[publisher] 새 파일 없음 — 종료 (빌드 스킵)

==================================================
[publisher] 시작: 2026-07-16 22:12:58
[step1] 신규 파일: 0개
[publisher] 새 파일 없음 — 종료 (빌드 스킵)

==================================================
[publisher] 시작: 2026-07-16 22:42:58
[step1] 신규 파일: 0개
[publisher] 새 파일 없음 — 종료 (빌드 스킵)

==================================================
[publisher] 시작: 2026-07-16 23:12:59
[step1] 신규 파일: 0개
[publisher] 새 파일 없음 — 종료 (빌드 스킵)

==================================================
[publisher] 시작: 2026-07-16 23:43:00
[step1] 신규 파일: 0개
[publisher] 새 파일 없음 — 종료 (빌드 스킵)

==================================================
[publisher] 시작: 2026-07-17 00:13:00
[step1] 신규 파일: 0개
[publisher] 새 파일 없음 — 종료 (빌드 스킵)

==================================================
[publisher] 시작: 2026-07-17 00:43:01
[step1] 신규 파일: 0개
[publisher] 새 파일 없음 — 종료 (빌드 스킵)

==================================================
[publisher] 시작: 2026-07-17 01:13:01
[step1] 신규 파일: 0개
[publisher] 새 파일 없음 — 종료 (빌드 스킵)

==================================================
[publisher] 시작: 2026-07-17 01:43:02
[step1] 신규 파일: 0개
[publisher] 새 파일 없음 — 종료 (빌드 스킵)

==================================================
[publisher] 시작: 2026-07-17 02:13:02
[step1] 신규 파일: 0개
[publisher] 새 파일 없음 — 종료 (빌드 스킵)

==================================================
[publisher] 시작: 2026-07-17 02:43:02
[step1] 신규 파일: 0개
[publisher] 새 파일 없음 — 종료 (빌드 스킵)

==================================================
[publisher] 시작: 2026-07-17 03:13:03
[step1] 신규 파일: 0개
[publisher] 새 파일 없음 — 종료 (빌드 스킵)

==================================================
[publisher] 시작: 2026-07-17 03:43:03
[step1] 신규 파일: 0개
[publisher] 새 파일 없음 — 종료 (빌드 스킵)

==================================================
[publisher] 시작: 2026-07-17 04:13:03
[step1] 신규 파일: 0개
[publisher] 새 파일 없음 — 종료 (빌드 스킵)

==================================================
[publisher] 시작: 2026-07-17 04:43:04
[step1] 신규 파일: 0개
[publisher] 새 파일 없음 — 종료 (빌드 스킵)

==================================================
[publisher] 시작: 2026-07-17 05:13:04
[step1] 신규 파일: 0개
[publisher] 새 파일 없음 — 종료 (빌드 스킵)

==================================================
[publisher] 시작: 2026-07-17 05:43:05
[step1] 신규 파일: 0개
[publisher] 새 파일 없음 — 종료 (빌드 스킵)

==================================================
[publisher] 시작: 2026-07-17 06:13:05
[step1] 신규 파일: 0개
[publisher] 새 파일 없음 — 종료 (빌드 스킵)

==================================================
[publisher] 시작: 2026-07-17 06:43:05
[step1] 신규 파일: 0개
[publisher] 새 파일 없음 — 종료 (빌드 스킵)

==================================================
[publisher] 시작: 2026-07-17 07:13:06
[step1] 신규 파일: 0개
[publisher] 새 파일 없음 — 종료 (빌드 스킵)

==================================================
[publisher] 시작: 2026-07-17 07:43:06
[step1] 신규 파일: 0개
[publisher] 새 파일 없음 — 종료 (빌드 스킵)

==================================================
[publisher] 시작: 2026-07-17 08:13:06
[step1] 신규 파일: 0개
[publisher] 새 파일 없음 — 종료 (빌드 스킵)

==================================================
[publisher] 시작: 2026-07-17 08:43:07
[step1] 신규 파일: 0개
[publisher] 새 파일 없음 — 종료 (빌드 스킵)

==================================================
[publisher] 시작: 2026-07-17 09:13:07
[step1] 신규 파일: 0개
[publisher] 새 파일 없음 — 종료 (빌드 스킵)

==================================================
[publisher] 시작: 2026-07-17 09:43:07
[step1] 신규 파일: 0개
[publisher] 새 파일 없음 — 종료 (빌드 스킵)

==================================================
[publisher] 시작: 2026-07-17 10:13:08
[step1] 신규 파일: 0개
[publisher] 새 파일 없음 — 종료 (빌드 스킵)

==================================================
[publisher] 시작: 2026-07-17 10:43:08
[step1] 신규 파일: 0개
[publisher] 새 파일 없음 — 종료 (빌드 스킵)

==================================================
[publisher] 시작: 2026-07-17 11:13:09
[step1] 신규 파일: 0개
[publisher] 새 파일 없음 — 종료 (빌드 스킵)

==================================================
[publisher] 시작: 2026-07-17 11:43:09
[step1] 신규 파일: 0개
[publisher] 새 파일 없음 — 종료 (빌드 스킵)

==================================================
[publisher] 시작: 2026-07-17 12:13:09
[step1] 신규 파일: 0개
[publisher] 새 파일 없음 — 종료 (빌드 스킵)

==================================================
[publisher] 시작: 2026-07-17 12:43:10
[step1] 신규 파일: 0개
[publisher] 새 파일 없음 — 종료 (빌드 스킵)

==================================================
[publisher] 시작: 2026-07-17 13:13:10
[step1] 신규 파일: 0개
[publisher] 새 파일 없음 — 종료 (빌드 스킵)

==================================================
[publisher] 시작: 2026-07-17 13:43:10
[step1] 신규 파일: 0개
[publisher] 새 파일 없음 — 종료 (빌드 스킵)

==================================================
[publisher] 시작: 2026-07-17 14:13:11
[step1] 신규 파일: 0개
[publisher] 새 파일 없음 — 종료 (빌드 스킵)

==================================================
[publisher] 시작: 2026-07-17 14:43:11
[step1] 신규 파일: 0개
[publisher] 새 파일 없음 — 종료 (빌드 스킵)

==================================================
[publisher] 시작: 2026-07-17 15:13:12
[step1] 신규 파일: 0개
[publisher] 새 파일 없음 — 종료 (빌드 스킵)

==================================================
[publisher] 시작: 2026-07-17 15:43:13
[step1] 신규 파일: 0개
[publisher] 새 파일 없음 — 종료 (빌드 스킵)

==================================================
[publisher] 시작: 2026-07-17 16:13:13
[step1] 신규 파일: 0개
[publisher] 새 파일 없음 — 종료 (빌드 스킵)

==================================================
[publisher] 시작: 2026-07-17 16:43:14
[step1] 신규 파일: 0개
[publisher] 새 파일 없음 — 종료 (빌드 스킵)

==================================================
[publisher] 시작: 2026-07-17 17:13:14
[step1] 신규 파일: 0개
[publisher] 새 파일 없음 — 종료 (빌드 스킵)

==================================================
[publisher] 시작: 2026-07-17 17:43:15
[step1] 신규 파일: 0개
[publisher] 새 파일 없음 — 종료 (빌드 스킵)

==================================================
[publisher] 시작: 2026-07-17 18:13:16
[step1] 신규 파일: 0개
[publisher] 새 파일 없음 — 종료 (빌드 스킵)

==================================================
[publisher] 시작: 2026-07-17 18:43:16
[step1] 신규 파일: 0개
[publisher] 새 파일 없음 — 종료 (빌드 스킵)

==================================================
[publisher] 시작: 2026-07-17 19:13:17
[step1] 신규 파일: 0개
[publisher] 새 파일 없음 — 종료 (빌드 스킵)

==================================================
[publisher] 시작: 2026-07-17 19:43:17
[step1] 신규 파일: 0개
[publisher] 새 파일 없음 — 종료 (빌드 스킵)

==================================================
[publisher] 시작: 2026-07-17 20:13:17
[step1] 신규 파일: 0개
[publisher] 새 파일 없음 — 종료 (빌드 스킵)

==================================================
[publisher] 시작: 2026-07-17 20:43:18
[step1] 신규 파일: 0개
[publisher] 새 파일 없음 — 종료 (빌드 스킵)

==================================================
[publisher] 시작: 2026-07-17 21:13:18
[step1] 신규 파일: 0개
[publisher] 새 파일 없음 — 종료 (빌드 스킵)

==================================================
[publisher] 시작: 2026-07-17 21:43:19
[step1] 신규 파일: 0개
[publisher] 새 파일 없음 — 종료 (빌드 스킵)

==================================================
[publisher] 시작: 2026-07-17 22:13:19
[step1] 신규 파일: 0개
[publisher] 새 파일 없음 — 종료 (빌드 스킵)

==================================================
[publisher] 시작: 2026-07-17 22:43:19
[step1] 신규 파일: 0개
[publisher] 새 파일 없음 — 종료 (빌드 스킵)

==================================================
[publisher] 시작: 2026-07-17 23:13:20
[step1] 신규 파일: 0개
[publisher] 새 파일 없음 — 종료 (빌드 스킵)

==================================================
[publisher] 시작: 2026-07-17 23:43:20
[step1] 신규 파일: 0개
[publisher] 새 파일 없음 — 종료 (빌드 스킵)

==================================================
[publisher] 시작: 2026-07-18 00:13:20
[step1] 신규 파일: 0개
[publisher] 새 파일 없음 — 종료 (빌드 스킵)

==================================================
[publisher] 시작: 2026-07-18 00:43:21
[step1] 신규 파일: 0개
[publisher] 새 파일 없음 — 종료 (빌드 스킵)

==================================================
[publisher] 시작: 2026-07-18 01:13:21
[step1] 신규 파일: 0개
[publisher] 새 파일 없음 — 종료 (빌드 스킵)

==================================================
[publisher] 시작: 2026-07-18 01:43:21
[step1] 신규 파일: 0개
[publisher] 새 파일 없음 — 종료 (빌드 스킵)

==================================================
[publisher] 시작: 2026-07-18 02:13:22
[step1] 신규 파일: 0개
[publisher] 새 파일 없음 — 종료 (빌드 스킵)

==================================================
[publisher] 시작: 2026-07-18 02:43:22
[step1] 신규 파일: 0개
[publisher] 새 파일 없음 — 종료 (빌드 스킵)

==================================================
[publisher] 시작: 2026-07-18 03:13:23
[step1] 신규 파일: 0개
[publisher] 새 파일 없음 — 종료 (빌드 스킵)

==================================================
[publisher] 시작: 2026-07-18 03:43:23
[step1] 신규 파일: 0개
[publisher] 새 파일 없음 — 종료 (빌드 스킵)

==================================================
[publisher] 시작: 2026-07-18 04:13:23
[step1] 신규 파일: 0개
[publisher] 새 파일 없음 — 종료 (빌드 스킵)

==================================================
[publisher] 시작: 2026-07-18 04:43:24
[step1] 신규 파일: 0개
[publisher] 새 파일 없음 — 종료 (빌드 스킵)

==================================================
[publisher] 시작: 2026-07-18 05:13:24
[step1] 신규 파일: 0개
[publisher] 새 파일 없음 — 종료 (빌드 스킵)

==================================================
[publisher] 시작: 2026-07-18 05:43:24
[step1] 신규 파일: 0개
[publisher] 새 파일 없음 — 종료 (빌드 스킵)

==================================================
[publisher] 시작: 2026-07-18 06:13:25
[step1] 신규 파일: 0개
[publisher] 새 파일 없음 — 종료 (빌드 스킵)

==================================================
[publisher] 시작: 2026-07-18 06:43:25
[step1] 신규 파일: 0개
[publisher] 새 파일 없음 — 종료 (빌드 스킵)

==================================================
[publisher] 시작: 2026-07-18 07:13:26
[step1] 신규 파일: 0개
[publisher] 새 파일 없음 — 종료 (빌드 스킵)

==================================================
[publisher] 시작: 2026-07-18 07:43:26
[step1] 신규 파일: 0개
[publisher] 새 파일 없음 — 종료 (빌드 스킵)

==================================================
[publisher] 시작: 2026-07-18 08:13:27
[step1] 신규 파일: 0개
[publisher] 새 파일 없음 — 종료 (빌드 스킵)

==================================================
[publisher] 시작: 2026-07-18 08:43:27
[step1] 신규 파일: 0개
[publisher] 새 파일 없음 — 종료 (빌드 스킵)

==================================================
[publisher] 시작: 2026-07-18 09:13:27
[step1] 신규 파일: 0개
[publisher] 새 파일 없음 — 종료 (빌드 스킵)

==================================================
[publisher] 시작: 2026-07-18 09:43:28
[step1] 신규 파일: 0개
[publisher] 새 파일 없음 — 종료 (빌드 스킵)

==================================================
[publisher] 시작: 2026-07-18 10:13:28
[step1] 신규 파일: 0개
[publisher] 새 파일 없음 — 종료 (빌드 스킵)

==================================================
[publisher] 시작: 2026-07-18 10:43:29
[step1] 신규 파일: 0개
[publisher] 새 파일 없음 — 종료 (빌드 스킵)

==================================================
[publisher] 시작: 2026-07-18 11:13:29
[step1] 신규 파일: 0개
[publisher] 새 파일 없음 — 종료 (빌드 스킵)

==================================================
[publisher] 시작: 2026-07-18 11:43:30
[step1] 신규 파일: 0개
[publisher] 새 파일 없음 — 종료 (빌드 스킵)

==================================================
[publisher] 시작: 2026-07-18 12:13:30
[step1] 신규 파일: 0개
[publisher] 새 파일 없음 — 종료 (빌드 스킵)

==================================================
[publisher] 시작: 2026-07-18 12:43:30
[step1] 신규 파일: 0개
[publisher] 새 파일 없음 — 종료 (빌드 스킵)

==================================================
[publisher] 시작: 2026-07-18 13:13:31
[step1] 신규 파일: 0개
[publisher] 새 파일 없음 — 종료 (빌드 스킵)

==================================================
[publisher] 시작: 2026-07-18 13:43:31
[step1] 신규 파일: 0개
[publisher] 새 파일 없음 — 종료 (빌드 스킵)

==================================================
[publisher] 시작: 2026-07-18 14:13:32
[step1] 신규 파일: 0개
[publisher] 새 파일 없음 — 종료 (빌드 스킵)

==================================================
[publisher] 시작: 2026-07-18 14:43:32
[step1] 신규 파일: 0개
[publisher] 새 파일 없음 — 종료 (빌드 스킵)

==================================================
[publisher] 시작: 2026-07-18 15:13:32
[step1] 신규 파일: 0개
[publisher] 새 파일 없음 — 종료 (빌드 스킵)

==================================================
[publisher] 시작: 2026-07-18 15:43:33
[step1] 신규 파일: 0개
[publisher] 새 파일 없음 — 종료 (빌드 스킵)

==================================================
[publisher] 시작: 2026-07-18 16:13:33
[step1] 신규 파일: 0개
[publisher] 새 파일 없음 — 종료 (빌드 스킵)

==================================================
[publisher] 시작: 2026-07-18 16:43:34
[step1] 신규 파일: 0개
[publisher] 새 파일 없음 — 종료 (빌드 스킵)

==================================================
[publisher] 시작: 2026-07-18 17:13:34
[step1] 신규 파일: 0개
[publisher] 새 파일 없음 — 종료 (빌드 스킵)

==================================================
[publisher] 시작: 2026-07-18 17:43:34
[step1] 신규 파일: 0개
[publisher] 새 파일 없음 — 종료 (빌드 스킵)

==================================================
[publisher] 시작: 2026-07-18 18:13:35
[step1] 신규 파일: 0개
[publisher] 새 파일 없음 — 종료 (빌드 스킵)

==================================================
[publisher] 시작: 2026-07-18 18:43:35
[step1] 신규 파일: 0개
[publisher] 새 파일 없음 — 종료 (빌드 스킵)

==================================================
[publisher] 시작: 2026-07-18 19:13:35
[step1] 신규 파일: 0개
[publisher] 새 파일 없음 — 종료 (빌드 스킵)

==================================================
[publisher] 시작: 2026-07-18 19:43:36
[step1] 신규 파일: 0개
[publisher] 새 파일 없음 — 종료 (빌드 스킵)

==================================================
[publisher] 시작: 2026-07-18 20:13:36
[step1] 신규 파일: 0개
[publisher] 새 파일 없음 — 종료 (빌드 스킵)

==================================================
[publisher] 시작: 2026-07-18 20:43:37
[step1] 신규 파일: 0개
[publisher] 새 파일 없음 — 종료 (빌드 스킵)

==================================================
[publisher] 시작: 2026-07-18 21:13:37
[step1] 신규 파일: 0개
[publisher] 새 파일 없음 — 종료 (빌드 스킵)

==================================================
[publisher] 시작: 2026-07-18 21:43:37
[step1] 신규 파일: 0개
[publisher] 새 파일 없음 — 종료 (빌드 스킵)

==================================================
[publisher] 시작: 2026-07-18 22:13:38
[step1] 신규 파일: 0개
[publisher] 새 파일 없음 — 종료 (빌드 스킵)

==================================================
[publisher] 시작: 2026-07-18 22:43:38
[step1] 신규 파일: 0개
[publisher] 새 파일 없음 — 종료 (빌드 스킵)

==================================================
[publisher] 시작: 2026-07-18 23:13:39
[step1] 신규 파일: 0개
[publisher] 새 파일 없음 — 종료 (빌드 스킵)

==================================================
[publisher] 시작: 2026-07-18 23:43:39
[step1] 신규 파일: 0개
[publisher] 새 파일 없음 — 종료 (빌드 스킵)

==================================================
[publisher] 시작: 2026-07-19 00:13:39
[step1] 신규 파일: 0개
[publisher] 새 파일 없음 — 종료 (빌드 스킵)

==================================================
[publisher] 시작: 2026-07-19 00:43:40
[step1] 신규 파일: 0개
[publisher] 새 파일 없음 — 종료 (빌드 스킵)

==================================================
[publisher] 시작: 2026-07-19 01:13:40
[step1] 신규 파일: 0개
[publisher] 새 파일 없음 — 종료 (빌드 스킵)

==================================================
[publisher] 시작: 2026-07-19 01:43:40
[step1] 신규 파일: 0개
[publisher] 새 파일 없음 — 종료 (빌드 스킵)

==================================================
[publisher] 시작: 2026-07-19 02:13:41
[step1] 신규 파일: 0개
[publisher] 새 파일 없음 — 종료 (빌드 스킵)

==================================================
[publisher] 시작: 2026-07-19 02:43:41
[step1] 신규 파일: 0개
[publisher] 새 파일 없음 — 종료 (빌드 스킵)

==================================================
[publisher] 시작: 2026-07-19 03:13:42
[step1] 신규 파일: 0개
[publisher] 새 파일 없음 — 종료 (빌드 스킵)

==================================================
[publisher] 시작: 2026-07-19 03:43:42
[step1] 신규 파일: 0개
[publisher] 새 파일 없음 — 종료 (빌드 스킵)

==================================================
[publisher] 시작: 2026-07-19 04:13:42
[step1] 신규 파일: 0개
[publisher] 새 파일 없음 — 종료 (빌드 스킵)

==================================================
[publisher] 시작: 2026-07-19 04:43:43
[step1] 신규 파일: 0개
[publisher] 새 파일 없음 — 종료 (빌드 스킵)

==================================================
[publisher] 시작: 2026-07-19 05:13:43
[step1] 신규 파일: 0개
[publisher] 새 파일 없음 — 종료 (빌드 스킵)

==================================================
[publisher] 시작: 2026-07-19 05:43:43
[step1] 신규 파일: 0개
[publisher] 새 파일 없음 — 종료 (빌드 스킵)

==================================================
[publisher] 시작: 2026-07-19 06:13:44
[step1] 신규 파일: 0개
[publisher] 새 파일 없음 — 종료 (빌드 스킵)

==================================================
[publisher] 시작: 2026-07-19 06:43:44
[step1] 신규 파일: 0개
[publisher] 새 파일 없음 — 종료 (빌드 스킵)

==================================================
[publisher] 시작: 2026-07-19 07:13:44
[step1] 신규 파일: 0개
[publisher] 새 파일 없음 — 종료 (빌드 스킵)

==================================================
[publisher] 시작: 2026-07-19 07:43:45
[step1] 신규 파일: 0개
[publisher] 새 파일 없음 — 종료 (빌드 스킵)

==================================================
[publisher] 시작: 2026-07-19 08:13:45
[step1] 신규 파일: 0개
[publisher] 새 파일 없음 — 종료 (빌드 스킵)

==================================================
[publisher] 시작: 2026-07-19 08:43:46
[step1] 신규 파일: 0개
[publisher] 새 파일 없음 — 종료 (빌드 스킵)

==================================================
[publisher] 시작: 2026-07-19 09:13:46
[step1] 신규 파일: 0개
[publisher] 새 파일 없음 — 종료 (빌드 스킵)

==================================================
[publisher] 시작: 2026-07-19 09:43:46
[step1] 신규 파일: 0개
[publisher] 새 파일 없음 — 종료 (빌드 스킵)

==================================================
[publisher] 시작: 2026-07-19 10:13:47
[step1] 신규 파일: 0개
[publisher] 새 파일 없음 — 종료 (빌드 스킵)

==================================================
[publisher] 시작: 2026-07-19 10:43:47
[step1] 신규 파일: 0개
[publisher] 새 파일 없음 — 종료 (빌드 스킵)

==================================================
[publisher] 시작: 2026-07-19 11:13:47
[step1] 신규 파일: 0개
[publisher] 새 파일 없음 — 종료 (빌드 스킵)

==================================================
[publisher] 시작: 2026-07-19 11:43:48
[step1] 신규 파일: 0개
[publisher] 새 파일 없음 — 종료 (빌드 스킵)

==================================================
[publisher] 시작: 2026-07-19 12:13:49
[step1] 신규 파일: 0개
[publisher] 새 파일 없음 — 종료 (빌드 스킵)

==================================================
[publisher] 시작: 2026-07-19 12:43:49
[step1] 신규 파일: 0개
[publisher] 새 파일 없음 — 종료 (빌드 스킵)

==================================================
[publisher] 시작: 2026-07-19 13:13:50
[step1] 신규 파일: 0개
[publisher] 새 파일 없음 — 종료 (빌드 스킵)

==================================================
[publisher] 시작: 2026-07-19 13:43:50
[step1] 신규 파일: 0개
[publisher] 새 파일 없음 — 종료 (빌드 스킵)

==================================================
[publisher] 시작: 2026-07-19 14:13:50
[step1] 신규 파일: 0개
[publisher] 새 파일 없음 — 종료 (빌드 스킵)

==================================================
[publisher] 시작: 2026-07-19 14:43:51
[step1] 신규 파일: 0개
[publisher] 새 파일 없음 — 종료 (빌드 스킵)

==================================================
[publisher] 시작: 2026-07-19 15:13:51
[step1] 신규 파일: 0개
[publisher] 새 파일 없음 — 종료 (빌드 스킵)

==================================================
[publisher] 시작: 2026-07-19 15:43:52
[step1] 신규 파일: 0개
[publisher] 새 파일 없음 — 종료 (빌드 스킵)

==================================================
[publisher] 시작: 2026-07-19 16:13:52
[step1] 신규 파일: 0개
[publisher] 새 파일 없음 — 종료 (빌드 스킵)

==================================================
[publisher] 시작: 2026-07-19 16:35:54
[step1] 신규 파일: 0개
[publisher] 새 파일 없음 — 종료 (빌드 스킵)

==================================================
[publisher] 시작: 2026-07-19 17:05:54
[step1] 신규 파일: 0개
[publisher] 새 파일 없음 — 종료 (빌드 스킵)

==================================================
[publisher] 시작: 2026-07-19 17:35:54
[step1] 신규 파일: 0개
[publisher] 새 파일 없음 — 종료 (빌드 스킵)

==================================================
[publisher] 시작: 2026-07-19 18:05:54
[step1] 신규 파일: 0개
[publisher] 새 파일 없음 — 종료 (빌드 스킵)

==================================================
[publisher] 시작: 2026-07-19 18:35:55
[step1] 신규 파일: 0개
[publisher] 새 파일 없음 — 종료 (빌드 스킵)

==================================================
[publisher] 시작: 2026-07-19 19:05:55
[step1] 신규 파일: 0개
[publisher] 새 파일 없음 — 종료 (빌드 스킵)

==================================================
[publisher] 시작: 2026-07-19 19:35:55
[step1] 신규 파일: 0개
[publisher] 새 파일 없음 — 종료 (빌드 스킵)

==================================================
[publisher] 시작: 2026-07-19 20:05:55
[step1] 신규 파일: 0개
[publisher] 새 파일 없음 — 종료 (빌드 스킵)

==================================================
[publisher] 시작: 2026-07-19 20:35:56
[step1] 신규 파일: 0개
[publisher] 새 파일 없음 — 종료 (빌드 스킵)

==================================================
[publisher] 시작: 2026-07-19 21:05:57
[step1] 신규 파일: 0개
[publisher] 새 파일 없음 — 종료 (빌드 스킵)

==================================================
[publisher] 시작: 2026-07-19 21:35:57
[step1] 신규 파일: 0개
[publisher] 새 파일 없음 — 종료 (빌드 스킵)

==================================================
[publisher] 시작: 2026-07-19 22:05:58
[step1] 신규 파일: 0개
[publisher] 새 파일 없음 — 종료 (빌드 스킵)

==================================================
[publisher] 시작: 2026-07-19 22:35:58
[step1] 신규 파일: 0개
[publisher] 새 파일 없음 — 종료 (빌드 스킵)

==================================================
[publisher] 시작: 2026-07-19 23:05:59
[step1] 신규 파일: 0개
[publisher] 새 파일 없음 — 종료 (빌드 스킵)

==================================================
[publisher] 시작: 2026-07-19 23:35:59
[step1] 신규 파일: 0개
[publisher] 새 파일 없음 — 종료 (빌드 스킵)

==================================================
[publisher] 시작: 2026-07-20 00:05:59
[step1] 신규 파일: 0개
[publisher] 새 파일 없음 — 종료 (빌드 스킵)

==================================================
[publisher] 시작: 2026-07-20 00:36:00
[step1] 신규 파일: 0개
[publisher] 새 파일 없음 — 종료 (빌드 스킵)

==================================================
[publisher] 시작: 2026-07-20 01:06:00
[step1] 신규 파일: 0개
[publisher] 새 파일 없음 — 종료 (빌드 스킵)

==================================================
[publisher] 시작: 2026-07-20 01:36:01
[step1] 신규 파일: 0개
[publisher] 새 파일 없음 — 종료 (빌드 스킵)

==================================================
[publisher] 시작: 2026-07-20 02:06:01
[step1] 신규 파일: 0개
[publisher] 새 파일 없음 — 종료 (빌드 스킵)

==================================================
[publisher] 시작: 2026-07-20 02:36:01
[step1] 신규 파일: 0개
[publisher] 새 파일 없음 — 종료 (빌드 스킵)

==================================================
[publisher] 시작: 2026-07-20 03:06:02
[step1] 신규 파일: 0개
[publisher] 새 파일 없음 — 종료 (빌드 스킵)

==================================================
[publisher] 시작: 2026-07-20 03:36:02
[step1] 신규 파일: 0개
[publisher] 새 파일 없음 — 종료 (빌드 스킵)

==================================================
[publisher] 시작: 2026-07-20 04:06:02
[step1] 신규 파일: 0개
[publisher] 새 파일 없음 — 종료 (빌드 스킵)

==================================================
[publisher] 시작: 2026-07-20 04:36:03
[step1] 신규 파일: 0개
[publisher] 새 파일 없음 — 종료 (빌드 스킵)

==================================================
[publisher] 시작: 2026-07-20 05:06:03
[step1] 신규 파일: 0개
[publisher] 새 파일 없음 — 종료 (빌드 스킵)

==================================================
[publisher] 시작: 2026-07-20 05:36:03
[step1] 신규 파일: 0개
[publisher] 새 파일 없음 — 종료 (빌드 스킵)

==================================================
[publisher] 시작: 2026-07-20 06:06:04
[step1] 신규 파일: 0개
[publisher] 새 파일 없음 — 종료 (빌드 스킵)

==================================================
[publisher] 시작: 2026-07-20 06:36:04
[step1] 신규 파일: 0개
[publisher] 새 파일 없음 — 종료 (빌드 스킵)

==================================================
[publisher] 시작: 2026-07-20 07:06:04
[step1] 신규 파일: 0개
[publisher] 새 파일 없음 — 종료 (빌드 스킵)

==================================================
[publisher] 시작: 2026-07-20 07:36:05
[step1] 신규 파일: 0개
[publisher] 새 파일 없음 — 종료 (빌드 스킵)

==================================================
[publisher] 시작: 2026-07-20 08:06:06
[step1] 신규 파일: 0개
[publisher] 새 파일 없음 — 종료 (빌드 스킵)

==================================================
[publisher] 시작: 2026-07-20 08:36:06
[step1] 신규 파일: 0개
[publisher] 새 파일 없음 — 종료 (빌드 스킵)

==================================================
[publisher] 시작: 2026-07-20 09:06:06
[step1] 신규 파일: 0개
[publisher] 새 파일 없음 — 종료 (빌드 스킵)

==================================================
[publisher] 시작: 2026-07-20 09:36:07
[step1] 신규 파일: 0개
[publisher] 새 파일 없음 — 종료 (빌드 스킵)

==================================================
[publisher] 시작: 2026-07-20 10:06:07
[step1] 신규 파일: 0개
[publisher] 새 파일 없음 — 종료 (빌드 스킵)

==================================================
[publisher] 시작: 2026-07-20 10:36:07
[step1] 신규 파일: 0개
[publisher] 새 파일 없음 — 종료 (빌드 스킵)

==================================================
[publisher] 시작: 2026-07-20 11:06:08
[step1] 신규 파일: 0개
[publisher] 새 파일 없음 — 종료 (빌드 스킵)

==================================================
[publisher] 시작: 2026-07-20 11:36:08
[step1] 신규 파일: 0개
[publisher] 새 파일 없음 — 종료 (빌드 스킵)

==================================================
[publisher] 시작: 2026-07-20 12:06:08
[step1] 신규 파일: 0개
[publisher] 새 파일 없음 — 종료 (빌드 스킵)

==================================================
[publisher] 시작: 2026-07-20 12:36:09
[step1] 신규 파일: 0개
[publisher] 새 파일 없음 — 종료 (빌드 스킵)

==================================================
[publisher] 시작: 2026-07-20 13:06:09
[step1] 신규 파일: 0개
[publisher] 새 파일 없음 — 종료 (빌드 스킵)

==================================================
[publisher] 시작: 2026-07-20 13:36:10
[step1] 신규 파일: 0개
[publisher] 새 파일 없음 — 종료 (빌드 스킵)

==================================================
[publisher] 시작: 2026-07-20 14:06:14
[step1] 신규 파일: 0개
[publisher] 새 파일 없음 — 종료 (빌드 스킵)

==================================================
[publisher] 시작: 2026-07-20 14:36:14
[step1] 신규 파일: 0개
[publisher] 새 파일 없음 — 종료 (빌드 스킵)

==================================================
[publisher] 시작: 2026-07-20 15:06:15
[step1] 신규 파일: 0개
[publisher] 새 파일 없음 — 종료 (빌드 스킵)

==================================================
[publisher] 시작: 2026-07-20 15:36:15
[step1] 신규 파일: 0개
[publisher] 새 파일 없음 — 종료 (빌드 스킵)

==================================================
[publisher] 시작: 2026-07-20 16:06:16
[step1] 신규 파일: 0개
[publisher] 새 파일 없음 — 종료 (빌드 스킵)

==================================================
[publisher] 시작: 2026-07-20 16:36:16
[step1] 신규 파일: 0개
[publisher] 새 파일 없음 — 종료 (빌드 스킵)

==================================================
[publisher] 시작: 2026-07-20 17:06:16
[step1] 신규 파일: 0개
[publisher] 새 파일 없음 — 종료 (빌드 스킵)

==================================================
[publisher] 시작: 2026-07-20 17:36:17
[step1] 신규 파일: 0개
[publisher] 새 파일 없음 — 종료 (빌드 스킵)

==================================================
[publisher] 시작: 2026-07-20 18:06:17
[step1] 신규 파일: 0개
[publisher] 새 파일 없음 — 종료 (빌드 스킵)

==================================================
[publisher] 시작: 2026-07-20 18:36:18
[step1] 신규 파일: 0개
[publisher] 새 파일 없음 — 종료 (빌드 스킵)

==================================================
[publisher] 시작: 2026-07-20 19:06:18
[step1] 신규 파일: 0개
[publisher] 새 파일 없음 — 종료 (빌드 스킵)

==================================================
[publisher] 시작: 2026-07-20 19:36:18
[step1] 신규 파일: 0개
[publisher] 새 파일 없음 — 종료 (빌드 스킵)

==================================================
[publisher] 시작: 2026-07-20 20:06:19
[step1] 신규 파일: 0개
[publisher] 새 파일 없음 — 종료 (빌드 스킵)

==================================================
[publisher] 시작: 2026-07-20 20:36:19
[step1] 신규 파일: 0개
[publisher] 새 파일 없음 — 종료 (빌드 스킵)

==================================================
[publisher] 시작: 2026-07-20 21:06:20
[step1] 신규 파일: 0개
[publisher] 새 파일 없음 — 종료 (빌드 스킵)

==================================================
[publisher] 시작: 2026-07-20 21:36:20
[step1] 신규 파일: 0개
[publisher] 새 파일 없음 — 종료 (빌드 스킵)

==================================================
[publisher] 시작: 2026-07-20 22:06:20
[step1] 신규 파일: 0개
[publisher] 새 파일 없음 — 종료 (빌드 스킵)

==================================================
[publisher] 시작: 2026-07-20 22:36:21
[step1] 신규 파일: 0개
[publisher] 새 파일 없음 — 종료 (빌드 스킵)

==================================================
[publisher] 시작: 2026-07-20 23:06:21
[step1] 신규 파일: 0개
[publisher] 새 파일 없음 — 종료 (빌드 스킵)

==================================================
[publisher] 시작: 2026-07-20 23:36:22
[step1] 신규 파일: 0개
[publisher] 새 파일 없음 — 종료 (빌드 스킵)

==================================================
[publisher] 시작: 2026-07-21 00:06:22
[step1] 신규 파일: 0개
[publisher] 새 파일 없음 — 종료 (빌드 스킵)

==================================================
[publisher] 시작: 2026-07-21 00:36:23
[step1] 신규 파일: 0개
[publisher] 새 파일 없음 — 종료 (빌드 스킵)

==================================================
[publisher] 시작: 2026-07-21 01:06:23
[step1] 신규 파일: 0개
[publisher] 새 파일 없음 — 종료 (빌드 스킵)

==================================================
[publisher] 시작: 2026-07-21 01:36:23
[step1] 신규 파일: 0개
[publisher] 새 파일 없음 — 종료 (빌드 스킵)

==================================================
[publisher] 시작: 2026-07-21 02:06:24
[step1] 신규 파일: 0개
[publisher] 새 파일 없음 — 종료 (빌드 스킵)

==================================================
[publisher] 시작: 2026-07-21 02:36:24
[step1] 신규 파일: 0개
[publisher] 새 파일 없음 — 종료 (빌드 스킵)

==================================================
[publisher] 시작: 2026-07-21 03:06:25
[step1] 신규 파일: 0개
[publisher] 새 파일 없음 — 종료 (빌드 스킵)

==================================================
[publisher] 시작: 2026-07-21 03:36:25
[step1] 신규 파일: 0개
[publisher] 새 파일 없음 — 종료 (빌드 스킵)

==================================================
[publisher] 시작: 2026-07-21 04:06:26
[step1] 신규 파일: 0개
[publisher] 새 파일 없음 — 종료 (빌드 스킵)

==================================================
[publisher] 시작: 2026-07-21 04:36:26
[step1] 신규 파일: 0개
[publisher] 새 파일 없음 — 종료 (빌드 스킵)

==================================================
[publisher] 시작: 2026-07-21 05:06:26
[step1] 신규 파일: 0개
[publisher] 새 파일 없음 — 종료 (빌드 스킵)

==================================================
[publisher] 시작: 2026-07-21 05:36:27
[step1] 신규 파일: 0개
[publisher] 새 파일 없음 — 종료 (빌드 스킵)

==================================================
[publisher] 시작: 2026-07-21 06:06:27
[step1] 신규 파일: 0개
[publisher] 새 파일 없음 — 종료 (빌드 스킵)

==================================================
[publisher] 시작: 2026-07-21 06:36:28
[step1] 신규 파일: 0개
[publisher] 새 파일 없음 — 종료 (빌드 스킵)

==================================================
[publisher] 시작: 2026-07-21 07:06:28
[step1] 신규 파일: 0개
[publisher] 새 파일 없음 — 종료 (빌드 스킵)

==================================================
[publisher] 시작: 2026-07-21 07:36:28
[step1] 신규 파일: 0개
[publisher] 새 파일 없음 — 종료 (빌드 스킵)

==================================================
[publisher] 시작: 2026-07-21 08:06:29
[step1] 신규 파일: 0개
[publisher] 새 파일 없음 — 종료 (빌드 스킵)

==================================================
[publisher] 시작: 2026-07-21 08:36:29
[step1] 신규 파일: 0개
[publisher] 새 파일 없음 — 종료 (빌드 스킵)

==================================================
[publisher] 시작: 2026-07-21 09:06:30
[step1] 신규 파일: 0개
[publisher] 새 파일 없음 — 종료 (빌드 스킵)

==================================================
[publisher] 시작: 2026-07-21 09:36:30
[step1] 신규 파일: 0개
[publisher] 새 파일 없음 — 종료 (빌드 스킵)

==================================================
[publisher] 시작: 2026-07-21 10:06:30
[step1] 신규 파일: 0개
[publisher] 새 파일 없음 — 종료 (빌드 스킵)

==================================================
[publisher] 시작: 2026-07-21 10:36:31
[step1] 신규 파일: 0개
[publisher] 새 파일 없음 — 종료 (빌드 스킵)

==================================================
[publisher] 시작: 2026-07-21 11:06:31
[step1] 신규 파일: 0개
[publisher] 새 파일 없음 — 종료 (빌드 스킵)

==================================================
[publisher] 시작: 2026-07-21 11:36:31
[step1] 신규 파일: 0개
[publisher] 새 파일 없음 — 종료 (빌드 스킵)

==================================================
[publisher] 시작: 2026-07-21 12:06:32
[step1] 신규 파일: 0개
[publisher] 새 파일 없음 — 종료 (빌드 스킵)

==================================================
[publisher] 시작: 2026-07-21 12:36:32
[step1] 신규 파일: 0개
[publisher] 새 파일 없음 — 종료 (빌드 스킵)

==================================================
[publisher] 시작: 2026-07-21 13:06:33
[step1] 신규 파일: 0개
[publisher] 새 파일 없음 — 종료 (빌드 스킵)

==================================================
[publisher] 시작: 2026-07-21 13:36:33
[step1] 신규 파일: 0개
[publisher] 새 파일 없음 — 종료 (빌드 스킵)

==================================================
[publisher] 시작: 2026-07-21 14:06:34
[step1] 신규 파일: 0개
[publisher] 새 파일 없음 — 종료 (빌드 스킵)

==================================================
[publisher] 시작: 2026-07-21 14:36:34
[step1] 신규 파일: 0개
[publisher] 새 파일 없음 — 종료 (빌드 스킵)

==================================================
[publisher] 시작: 2026-07-21 15:06:35
[step1] 신규 파일: 0개
[publisher] 새 파일 없음 — 종료 (빌드 스킵)

==================================================
[publisher] 시작: 2026-07-21 15:36:35
[step1] 신규 파일: 0개
[publisher] 새 파일 없음 — 종료 (빌드 스킵)

==================================================
[publisher] 시작: 2026-07-21 16:06:35
[step1] 신규 파일: 0개
[publisher] 새 파일 없음 — 종료 (빌드 스킵)

==================================================
[publisher] 시작: 2026-07-21 16:36:36
[step1] 신규 파일: 0개
[publisher] 새 파일 없음 — 종료 (빌드 스킵)

==================================================
[publisher] 시작: 2026-07-21 17:06:36
[step1] 신규 파일: 0개
[publisher] 새 파일 없음 — 종료 (빌드 스킵)

==================================================
[publisher] 시작: 2026-07-21 17:36:37
[step1] 신규 파일: 0개
[publisher] 새 파일 없음 — 종료 (빌드 스킵)

==================================================
[publisher] 시작: 2026-07-21 18:06:37
[step1] 신규 파일: 0개
[publisher] 새 파일 없음 — 종료 (빌드 스킵)

==================================================
[publisher] 시작: 2026-07-21 18:36:37
[step1] 신규 파일: 0개
[publisher] 새 파일 없음 — 종료 (빌드 스킵)

==================================================
[publisher] 시작: 2026-07-21 19:06:38
[step1] 신규 파일: 0개
[publisher] 새 파일 없음 — 종료 (빌드 스킵)

==================================================
[publisher] 시작: 2026-07-21 19:36:38
[step1] 신규 파일: 0개
[publisher] 새 파일 없음 — 종료 (빌드 스킵)

==================================================
[publisher] 시작: 2026-07-21 20:06:39
[step1] 신규 파일: 0개
[publisher] 새 파일 없음 — 종료 (빌드 스킵)

==================================================
[publisher] 시작: 2026-07-21 20:36:39
[step1] 신규 파일: 0개
[publisher] 새 파일 없음 — 종료 (빌드 스킵)

==================================================
[publisher] 시작: 2026-07-21 21:06:39
[step1] 신규 파일: 0개
[publisher] 새 파일 없음 — 종료 (빌드 스킵)

==================================================
[publisher] 시작: 2026-07-21 21:36:40
[step1] 신규 파일: 0개
[publisher] 새 파일 없음 — 종료 (빌드 스킵)

==================================================
[publisher] 시작: 2026-07-21 22:06:40
[step1] 신규 파일: 0개
[publisher] 새 파일 없음 — 종료 (빌드 스킵)

==================================================
[publisher] 시작: 2026-07-21 22:36:41
[step1] 신규 파일: 0개
[publisher] 새 파일 없음 — 종료 (빌드 스킵)

==================================================
[publisher] 시작: 2026-07-21 23:06:41
[step1] 신규 파일: 0개
[publisher] 새 파일 없음 — 종료 (빌드 스킵)

==================================================
[publisher] 시작: 2026-07-21 23:36:42
[step1] 신규 파일: 0개
[publisher] 새 파일 없음 — 종료 (빌드 스킵)

==================================================
[publisher] 시작: 2026-07-22 00:06:42
[step1] 신규 파일: 0개
[publisher] 새 파일 없음 — 종료 (빌드 스킵)

==================================================
[publisher] 시작: 2026-07-22 00:36:43
[step1] 신규 파일: 0개
[publisher] 새 파일 없음 — 종료 (빌드 스킵)

==================================================
[publisher] 시작: 2026-07-22 01:06:43
[step1] 신규 파일: 0개
[publisher] 새 파일 없음 — 종료 (빌드 스킵)

==================================================
[publisher] 시작: 2026-07-22 01:36:44
[step1] 신규 파일: 0개
[publisher] 새 파일 없음 — 종료 (빌드 스킵)

==================================================
[publisher] 시작: 2026-07-22 02:06:44
[step1] 신규 파일: 0개
[publisher] 새 파일 없음 — 종료 (빌드 스킵)

==================================================
[publisher] 시작: 2026-07-22 02:36:44
[step1] 신규 파일: 0개
[publisher] 새 파일 없음 — 종료 (빌드 스킵)

==================================================
[publisher] 시작: 2026-07-22 03:06:45
[step1] 신규 파일: 0개
[publisher] 새 파일 없음 — 종료 (빌드 스킵)

==================================================
[publisher] 시작: 2026-07-22 03:36:45
[step1] 신규 파일: 0개
[publisher] 새 파일 없음 — 종료 (빌드 스킵)

==================================================
[publisher] 시작: 2026-07-22 04:06:46
[step1] 신규 파일: 0개
[publisher] 새 파일 없음 — 종료 (빌드 스킵)

==================================================
[publisher] 시작: 2026-07-22 04:36:46
[step1] 신규 파일: 0개
[publisher] 새 파일 없음 — 종료 (빌드 스킵)

==================================================
[publisher] 시작: 2026-07-22 05:06:46
[step1] 신규 파일: 0개
[publisher] 새 파일 없음 — 종료 (빌드 스킵)

==================================================
[publisher] 시작: 2026-07-22 05:36:47
[step1] 신규 파일: 0개
[publisher] 새 파일 없음 — 종료 (빌드 스킵)

==================================================
[publisher] 시작: 2026-07-22 06:06:47
[step1] 신규 파일: 0개
[publisher] 새 파일 없음 — 종료 (빌드 스킵)

==================================================
[publisher] 시작: 2026-07-22 06:36:47
[step1] 신규 파일: 0개
[publisher] 새 파일 없음 — 종료 (빌드 스킵)

==================================================
[publisher] 시작: 2026-07-22 07:06:48
[step1] 신규 파일: 0개
[publisher] 새 파일 없음 — 종료 (빌드 스킵)

==================================================
[publisher] 시작: 2026-07-22 07:36:48
[step1] 신규 파일: 0개
[publisher] 새 파일 없음 — 종료 (빌드 스킵)

==================================================
[publisher] 시작: 2026-07-22 08:06:49
[step1] 신규 파일: 0개
[publisher] 새 파일 없음 — 종료 (빌드 스킵)

==================================================
[publisher] 시작: 2026-07-22 08:36:49
[step1] 신규 파일: 0개
[publisher] 새 파일 없음 — 종료 (빌드 스킵)

==================================================
[publisher] 시작: 2026-07-22 09:06:49
[step1] 신규 파일: 0개
[publisher] 새 파일 없음 — 종료 (빌드 스킵)

==================================================
[publisher] 시작: 2026-07-22 09:36:50
[step1] 신규 파일: 0개
[publisher] 새 파일 없음 — 종료 (빌드 스킵)

==================================================
[publisher] 시작: 2026-07-22 10:06:50
[step1] 신규 파일: 0개
[publisher] 새 파일 없음 — 종료 (빌드 스킵)

==================================================
[publisher] 시작: 2026-07-22 10:36:50
[step1] 신규 파일: 0개
[publisher] 새 파일 없음 — 종료 (빌드 스킵)

==================================================
[publisher] 시작: 2026-07-22 11:06:51
[step1] 신규 파일: 0개
[publisher] 새 파일 없음 — 종료 (빌드 스킵)

==================================================
[publisher] 시작: 2026-07-22 11:36:51
[step1] 신규 파일: 0개
[publisher] 새 파일 없음 — 종료 (빌드 스킵)

==================================================
[publisher] 시작: 2026-07-22 12:06:52
[step1] 신규 파일: 0개
[publisher] 새 파일 없음 — 종료 (빌드 스킵)

==================================================
[publisher] 시작: 2026-07-22 12:36:52
[step1] 신규 파일: 0개
[publisher] 새 파일 없음 — 종료 (빌드 스킵)

==================================================
[publisher] 시작: 2026-07-22 13:06:53
[step1] 신규 파일: 0개
[publisher] 새 파일 없음 — 종료 (빌드 스킵)

==================================================
[publisher] 시작: 2026-07-22 13:36:53
[step1] 신규 파일: 0개
[publisher] 새 파일 없음 — 종료 (빌드 스킵)

==================================================
[publisher] 시작: 2026-07-22 14:06:53
[step1] 신규 파일: 0개
[publisher] 새 파일 없음 — 종료 (빌드 스킵)

==================================================
[publisher] 시작: 2026-07-22 14:36:54
[step1] 신규 파일: 0개
[publisher] 새 파일 없음 — 종료 (빌드 스킵)

==================================================
[publisher] 시작: 2026-07-22 15:06:54
[step1] 신규 파일: 0개
[publisher] 새 파일 없음 — 종료 (빌드 스킵)

==================================================
[publisher] 시작: 2026-07-22 15:36:55
[step1] 신규 파일: 0개
[publisher] 새 파일 없음 — 종료 (빌드 스킵)

==================================================
[publisher] 시작: 2026-07-22 16:06:55
[step1] 신규 파일: 0개
[publisher] 새 파일 없음 — 종료 (빌드 스킵)

==================================================
[publisher] 시작: 2026-07-22 16:36:56
[step1] 신규 파일: 0개
[publisher] 새 파일 없음 — 종료 (빌드 스킵)

==================================================
[publisher] 시작: 2026-07-22 17:06:56
[step1] 신규 파일: 0개
[publisher] 새 파일 없음 — 종료 (빌드 스킵)

==================================================
[publisher] 시작: 2026-07-22 17:36:56
[step1] 신규 파일: 0개
[publisher] 새 파일 없음 — 종료 (빌드 스킵)

==================================================
[publisher] 시작: 2026-07-22 18:06:57
[step1] 신규 파일: 0개
[publisher] 새 파일 없음 — 종료 (빌드 스킵)

==================================================
[publisher] 시작: 2026-07-22 18:36:57
[step1] 신규 파일: 0개
[publisher] 새 파일 없음 — 종료 (빌드 스킵)

==================================================
[publisher] 시작: 2026-07-22 19:06:57
[step1] 신규 파일: 0개
[publisher] 새 파일 없음 — 종료 (빌드 스킵)

==================================================
[publisher] 시작: 2026-07-22 19:36:58
[step1] 신규 파일: 0개
[publisher] 새 파일 없음 — 종료 (빌드 스킵)

==================================================
[publisher] 시작: 2026-07-22 20:06:58
[step1] 신규 파일: 0개
[publisher] 새 파일 없음 — 종료 (빌드 스킵)

==================================================
[publisher] 시작: 2026-07-22 20:36:59
[step1] 신규 파일: 0개
[publisher] 새 파일 없음 — 종료 (빌드 스킵)

==================================================
[publisher] 시작: 2026-07-22 21:06:59
[step1] 신규 파일: 0개
[publisher] 새 파일 없음 — 종료 (빌드 스킵)

==================================================
[publisher] 시작: 2026-07-22 21:36:59
[step1] 신규 파일: 0개
[publisher] 새 파일 없음 — 종료 (빌드 스킵)

==================================================
[publisher] 시작: 2026-07-22 22:07:00
[step1] 신규 파일: 0개
[publisher] 새 파일 없음 — 종료 (빌드 스킵)

==================================================
[publisher] 시작: 2026-07-22 22:37:00
[step1] 신규 파일: 0개
[publisher] 새 파일 없음 — 종료 (빌드 스킵)

==================================================
[publisher] 시작: 2026-07-22 23:07:03
[step1] 신규 파일: 0개
[publisher] 새 파일 없음 — 종료 (빌드 스킵)

==================================================
[publisher] 시작: 2026-07-22 23:37:03
[step1] 신규 파일: 0개
[publisher] 새 파일 없음 — 종료 (빌드 스킵)

==================================================
[publisher] 시작: 2026-07-23 00:07:04
[step1] 신규 파일: 0개
[publisher] 새 파일 없음 — 종료 (빌드 스킵)

==================================================
[publisher] 시작: 2026-07-23 00:37:04
[step1] 신규 파일: 0개
[publisher] 새 파일 없음 — 종료 (빌드 스킵)

==================================================
[publisher] 시작: 2026-07-23 01:07:05
[step1] 신규 파일: 0개
[publisher] 새 파일 없음 — 종료 (빌드 스킵)

==================================================
[publisher] 시작: 2026-07-23 01:37:05
[step1] 신규 파일: 0개
[publisher] 새 파일 없음 — 종료 (빌드 스킵)

==================================================
[publisher] 시작: 2026-07-23 02:07:05
[step1] 신규 파일: 0개
[publisher] 새 파일 없음 — 종료 (빌드 스킵)

==================================================
[publisher] 시작: 2026-07-23 02:37:06
[step1] 신규 파일: 0개
[publisher] 새 파일 없음 — 종료 (빌드 스킵)

==================================================
[publisher] 시작: 2026-07-23 03:07:06
[step1] 신규 파일: 0개
[publisher] 새 파일 없음 — 종료 (빌드 스킵)

==================================================
[publisher] 시작: 2026-07-23 03:37:07
[step1] 신규 파일: 0개
[publisher] 새 파일 없음 — 종료 (빌드 스킵)

==================================================
[publisher] 시작: 2026-07-23 04:07:07
[step1] 신규 파일: 0개
[publisher] 새 파일 없음 — 종료 (빌드 스킵)

==================================================
[publisher] 시작: 2026-07-23 04:37:07
[step1] 신규 파일: 0개
[publisher] 새 파일 없음 — 종료 (빌드 스킵)

==================================================
[publisher] 시작: 2026-07-23 05:07:08
[step1] 신규 파일: 0개
[publisher] 새 파일 없음 — 종료 (빌드 스킵)

==================================================
[publisher] 시작: 2026-07-23 05:37:08
[step1] 신규 파일: 0개
[publisher] 새 파일 없음 — 종료 (빌드 스킵)

==================================================
[publisher] 시작: 2026-07-23 06:07:08
[step1] 신규 파일: 0개
[publisher] 새 파일 없음 — 종료 (빌드 스킵)

==================================================
[publisher] 시작: 2026-07-23 06:37:09
[step1] 신규 파일: 0개
[publisher] 새 파일 없음 — 종료 (빌드 스킵)

==================================================
[publisher] 시작: 2026-07-23 07:07:09
[step1] 신규 파일: 0개
[publisher] 새 파일 없음 — 종료 (빌드 스킵)

==================================================
[publisher] 시작: 2026-07-23 07:37:10
[step1] 신규 파일: 0개
[publisher] 새 파일 없음 — 종료 (빌드 스킵)

==================================================
[publisher] 시작: 2026-07-23 08:07:10
[step1] 신규 파일: 0개
[publisher] 새 파일 없음 — 종료 (빌드 스킵)

==================================================
[publisher] 시작: 2026-07-23 08:37:11
[step1] 신규 파일: 0개
[publisher] 새 파일 없음 — 종료 (빌드 스킵)

==================================================
[publisher] 시작: 2026-07-23 09:07:11
[step1] 신규 파일: 0개
[publisher] 새 파일 없음 — 종료 (빌드 스킵)

==================================================
[publisher] 시작: 2026-07-23 09:37:11
[step1] 신규 파일: 0개
[publisher] 새 파일 없음 — 종료 (빌드 스킵)

==================================================
[publisher] 시작: 2026-07-23 10:07:11
[step1] 신규 파일: 0개
[publisher] 새 파일 없음 — 종료 (빌드 스킵)

==================================================
[publisher] 시작: 2026-07-23 10:37:13
[step1] 신규 파일: 0개
[publisher] 새 파일 없음 — 종료 (빌드 스킵)

==================================================
[publisher] 시작: 2026-07-23 11:07:14
[step1] 신규 파일: 0개
[publisher] 새 파일 없음 — 종료 (빌드 스킵)

==================================================
[publisher] 시작: 2026-07-23 11:37:14
[step1] 신규 파일: 0개
[publisher] 새 파일 없음 — 종료 (빌드 스킵)

==================================================
[publisher] 시작: 2026-07-23 12:07:14
[step1] 신규 파일: 0개
[publisher] 새 파일 없음 — 종료 (빌드 스킵)

==================================================
[publisher] 시작: 2026-07-23 12:37:15
[step1] 신규 파일: 0개
[publisher] 새 파일 없음 — 종료 (빌드 스킵)

==================================================
[publisher] 시작: 2026-07-23 13:07:15
[step1] 신규 파일: 0개
[publisher] 새 파일 없음 — 종료 (빌드 스킵)

==================================================
[publisher] 시작: 2026-07-23 13:37:16
[step1] 신규 파일: 0개
[publisher] 새 파일 없음 — 종료 (빌드 스킵)

==================================================
[publisher] 시작: 2026-07-23 14:07:16
[step1] 신규 파일: 0개
[publisher] 새 파일 없음 — 종료 (빌드 스킵)

==================================================
[publisher] 시작: 2026-07-23 14:37:17
[step1] 신규 파일: 0개
[publisher] 새 파일 없음 — 종료 (빌드 스킵)

==================================================
[publisher] 시작: 2026-07-23 15:07:20
[step1] 신규 파일: 0개
[publisher] 새 파일 없음 — 종료 (빌드 스킵)

==================================================
[publisher] 시작: 2026-07-23 15:37:21
[step1] 신규 파일: 0개
[publisher] 새 파일 없음 — 종료 (빌드 스킵)

==================================================
[publisher] 시작: 2026-07-23 16:07:21
[step1] 신규 파일: 0개
[publisher] 새 파일 없음 — 종료 (빌드 스킵)

==================================================
[publisher] 시작: 2026-07-23 16:37:21
[step1] 신규 파일: 0개
[publisher] 새 파일 없음 — 종료 (빌드 스킵)

==================================================
[publisher] 시작: 2026-07-23 17:07:22
[step1] 신규 파일: 0개
[publisher] 새 파일 없음 — 종료 (빌드 스킵)

==================================================
[publisher] 시작: 2026-07-23 17:37:22
[step1] 신규 파일: 0개
[publisher] 새 파일 없음 — 종료 (빌드 스킵)

==================================================
[publisher] 시작: 2026-07-23 18:07:23
[step1] 신규 파일: 0개
[publisher] 새 파일 없음 — 종료 (빌드 스킵)

==================================================
[publisher] 시작: 2026-07-23 18:37:23
[step1] 신규 파일: 0개
[publisher] 새 파일 없음 — 종료 (빌드 스킵)

==================================================
[publisher] 시작: 2026-07-23 19:07:24
[step1] 신규 파일: 0개
[publisher] 새 파일 없음 — 종료 (빌드 스킵)

==================================================
[publisher] 시작: 2026-07-23 19:37:24
[step1] 신규 파일: 0개
[publisher] 새 파일 없음 — 종료 (빌드 스킵)

==================================================
[publisher] 시작: 2026-07-23 20:07:24
[step1] 신규 파일: 0개
[publisher] 새 파일 없음 — 종료 (빌드 스킵)

==================================================
[publisher] 시작: 2026-07-23 20:37:25
[step1] 신규 파일: 0개
[publisher] 새 파일 없음 — 종료 (빌드 스킵)

==================================================
[publisher] 시작: 2026-07-23 21:07:25
[step1] 신규 파일: 0개
[publisher] 새 파일 없음 — 종료 (빌드 스킵)

==================================================
[publisher] 시작: 2026-07-23 21:37:26
[step1] 신규 파일: 0개
[publisher] 새 파일 없음 — 종료 (빌드 스킵)

==================================================
[publisher] 시작: 2026-07-23 22:07:26
[step1] 신규 파일: 0개
[publisher] 새 파일 없음 — 종료 (빌드 스킵)

==================================================
[publisher] 시작: 2026-07-23 22:37:27
[step1] 신규 파일: 0개
[publisher] 새 파일 없음 — 종료 (빌드 스킵)

==================================================
[publisher] 시작: 2026-07-23 23:07:27
[step1] 신규 파일: 0개
[publisher] 새 파일 없음 — 종료 (빌드 스킵)

==================================================
[publisher] 시작: 2026-07-23 23:37:28
[step1] 신규 파일: 0개
[publisher] 새 파일 없음 — 종료 (빌드 스킵)

==================================================
[publisher] 시작: 2026-07-24 00:07:28
[step1] 신규 파일: 0개
[publisher] 새 파일 없음 — 종료 (빌드 스킵)

==================================================
[publisher] 시작: 2026-07-24 00:37:28
[step1] 신규 파일: 0개
[publisher] 새 파일 없음 — 종료 (빌드 스킵)

==================================================
[publisher] 시작: 2026-07-24 01:07:29
[step1] 신규 파일: 0개
[publisher] 새 파일 없음 — 종료 (빌드 스킵)

==================================================
[publisher] 시작: 2026-07-24 01:37:29
[step1] 신규 파일: 0개
[publisher] 새 파일 없음 — 종료 (빌드 스킵)

==================================================
[publisher] 시작: 2026-07-24 02:07:30
[step1] 신규 파일: 0개
[publisher] 새 파일 없음 — 종료 (빌드 스킵)

==================================================
[publisher] 시작: 2026-07-24 02:37:30
[step1] 신규 파일: 0개
[publisher] 새 파일 없음 — 종료 (빌드 스킵)

==================================================
[publisher] 시작: 2026-07-24 03:07:31
[step1] 신규 파일: 0개
[publisher] 새 파일 없음 — 종료 (빌드 스킵)

==================================================
[publisher] 시작: 2026-07-24 03:37:31
[step1] 신규 파일: 0개
[publisher] 새 파일 없음 — 종료 (빌드 스킵)

==================================================
[publisher] 시작: 2026-07-24 04:07:31
[step1] 신규 파일: 0개
[publisher] 새 파일 없음 — 종료 (빌드 스킵)

==================================================
[publisher] 시작: 2026-07-24 04:37:32
[step1] 신규 파일: 0개
[publisher] 새 파일 없음 — 종료 (빌드 스킵)

==================================================
[publisher] 시작: 2026-07-24 05:07:32
[step1] 신규 파일: 0개
[publisher] 새 파일 없음 — 종료 (빌드 스킵)

==================================================
[publisher] 시작: 2026-07-24 05:37:33
[step1] 신규 파일: 0개
[publisher] 새 파일 없음 — 종료 (빌드 스킵)

==================================================
[publisher] 시작: 2026-07-24 06:07:33
[step1] 신규 파일: 0개
[publisher] 새 파일 없음 — 종료 (빌드 스킵)

==================================================
[publisher] 시작: 2026-07-24 06:37:34
[step1] 신규 파일: 0개
[publisher] 새 파일 없음 — 종료 (빌드 스킵)

==================================================
[publisher] 시작: 2026-07-24 07:07:34
[step1] 신규 파일: 0개
[publisher] 새 파일 없음 — 종료 (빌드 스킵)

==================================================
[publisher] 시작: 2026-07-24 07:37:35
[step1] 신규 파일: 0개
[publisher] 새 파일 없음 — 종료 (빌드 스킵)

==================================================
[publisher] 시작: 2026-07-24 08:07:35
[step1] 신규 파일: 0개
[publisher] 새 파일 없음 — 종료 (빌드 스킵)

==================================================
[publisher] 시작: 2026-07-24 08:37:35
[step1] 신규 파일: 0개
[publisher] 새 파일 없음 — 종료 (빌드 스킵)

==================================================
[publisher] 시작: 2026-07-24 09:07:36
[step1] 신규 파일: 0개
[publisher] 새 파일 없음 — 종료 (빌드 스킵)

==================================================
[publisher] 시작: 2026-07-24 09:37:36
[step1] 신규 파일: 0개
[publisher] 새 파일 없음 — 종료 (빌드 스킵)

==================================================
[publisher] 시작: 2026-07-24 10:07:36
[step1] 신규 파일: 0개
[publisher] 새 파일 없음 — 종료 (빌드 스킵)

==================================================
[publisher] 시작: 2026-07-24 10:37:37
[step1] 신규 파일: 0개
[publisher] 새 파일 없음 — 종료 (빌드 스킵)

==================================================
[publisher] 시작: 2026-07-24 11:07:37
[step1] 신규 파일: 0개
[publisher] 새 파일 없음 — 종료 (빌드 스킵)

==================================================
[publisher] 시작: 2026-07-24 11:37:38
[step1] 신규 파일: 0개
[publisher] 새 파일 없음 — 종료 (빌드 스킵)

==================================================
[publisher] 시작: 2026-07-24 12:07:38
[step1] 신규 파일: 0개
[publisher] 새 파일 없음 — 종료 (빌드 스킵)

==================================================
[publisher] 시작: 2026-07-24 12:37:38
[step1] 신규 파일: 0개
[publisher] 새 파일 없음 — 종료 (빌드 스킵)

==================================================
[publisher] 시작: 2026-07-24 13:07:38
[step1] 신규 파일: 0개
[publisher] 새 파일 없음 — 종료 (빌드 스킵)

==================================================
[publisher] 시작: 2026-07-24 13:37:39
[step1] 신규 파일: 0개
[publisher] 새 파일 없음 — 종료 (빌드 스킵)

==================================================
[publisher] 시작: 2026-07-24 14:07:39
[step1] 신규 파일: 0개
[publisher] 새 파일 없음 — 종료 (빌드 스킵)

==================================================
[publisher] 시작: 2026-07-24 14:37:40
[step1] 신규 파일: 0개
[publisher] 새 파일 없음 — 종료 (빌드 스킵)

==================================================
[publisher] 시작: 2026-07-24 15:07:40
[step1] 신규 파일: 0개
[publisher] 새 파일 없음 — 종료 (빌드 스킵)

==================================================
[publisher] 시작: 2026-07-24 15:37:40
[step1] 신규 파일: 0개
[publisher] 새 파일 없음 — 종료 (빌드 스킵)

==================================================
[publisher] 시작: 2026-07-24 16:07:41
[step1] 신규 파일: 0개
[publisher] 새 파일 없음 — 종료 (빌드 스킵)

==================================================
[publisher] 시작: 2026-07-24 16:37:47
[step1] 신규 파일: 0개
[publisher] 새 파일 없음 — 종료 (빌드 스킵)

==================================================
[publisher] 시작: 2026-07-24 17:07:48
[step1] 신규 파일: 0개
[publisher] 새 파일 없음 — 종료 (빌드 스킵)

==================================================
[publisher] 시작: 2026-07-24 17:37:48
[step1] 신규 파일: 0개
[publisher] 새 파일 없음 — 종료 (빌드 스킵)

==================================================
[publisher] 시작: 2026-07-24 18:07:49
[step1] 신규 파일: 0개
[publisher] 새 파일 없음 — 종료 (빌드 스킵)

==================================================
[publisher] 시작: 2026-07-24 18:37:49
[step1] 신규 파일: 0개
[publisher] 새 파일 없음 — 종료 (빌드 스킵)

==================================================
[publisher] 시작: 2026-07-24 19:07:49
[step1] 신규 파일: 0개
[publisher] 새 파일 없음 — 종료 (빌드 스킵)

==================================================
[publisher] 시작: 2026-07-24 19:37:50
[step1] 신규 파일: 0개
[publisher] 새 파일 없음 — 종료 (빌드 스킵)

==================================================
[publisher] 시작: 2026-07-24 20:07:50
[step1] 신규 파일: 0개
[publisher] 새 파일 없음 — 종료 (빌드 스킵)

==================================================
[publisher] 시작: 2026-07-24 20:37:50
[step1] 신규 파일: 0개
[publisher] 새 파일 없음 — 종료 (빌드 스킵)

==================================================
[publisher] 시작: 2026-07-24 21:07:51
[step1] 신규 파일: 0개
[publisher] 새 파일 없음 — 종료 (빌드 스킵)

==================================================
[publisher] 시작: 2026-07-24 21:37:51
[step1] 신규 파일: 0개
[publisher] 새 파일 없음 — 종료 (빌드 스킵)

==================================================
[publisher] 시작: 2026-07-24 22:07:52
[step1] 신규 파일: 0개
[publisher] 새 파일 없음 — 종료 (빌드 스킵)

==================================================
[publisher] 시작: 2026-07-24 22:37:52
[step1] 신규 파일: 0개
[publisher] 새 파일 없음 — 종료 (빌드 스킵)

==================================================
[publisher] 시작: 2026-07-24 23:07:53
[step1] 신규 파일: 0개
[publisher] 새 파일 없음 — 종료 (빌드 스킵)

==================================================
[publisher] 시작: 2026-07-24 23:37:53
[step1] 신규 파일: 0개
[publisher] 새 파일 없음 — 종료 (빌드 스킵)

==================================================
[publisher] 시작: 2026-07-25 00:07:53
[step1] 신규 파일: 0개
[publisher] 새 파일 없음 — 종료 (빌드 스킵)

==================================================
[publisher] 시작: 2026-07-25 00:37:54
[step1] 신규 파일: 0개
[publisher] 새 파일 없음 — 종료 (빌드 스킵)

==================================================
[publisher] 시작: 2026-07-25 01:07:54
[step1] 신규 파일: 0개
[publisher] 새 파일 없음 — 종료 (빌드 스킵)

==================================================
[publisher] 시작: 2026-07-25 01:37:55
[step1] 신규 파일: 0개
[publisher] 새 파일 없음 — 종료 (빌드 스킵)

==================================================
[publisher] 시작: 2026-07-25 02:07:55
[step1] 신규 파일: 0개
[publisher] 새 파일 없음 — 종료 (빌드 스킵)

==================================================
[publisher] 시작: 2026-07-25 02:37:55
[step1] 신규 파일: 0개
[publisher] 새 파일 없음 — 종료 (빌드 스킵)

==================================================
[publisher] 시작: 2026-07-25 03:07:56
[step1] 신규 파일: 0개
[publisher] 새 파일 없음 — 종료 (빌드 스킵)

==================================================
[publisher] 시작: 2026-07-25 03:37:56
[step1] 신규 파일: 0개
[publisher] 새 파일 없음 — 종료 (빌드 스킵)

==================================================
[publisher] 시작: 2026-07-25 04:07:56
[step1] 신규 파일: 0개
[publisher] 새 파일 없음 — 종료 (빌드 스킵)

==================================================
[publisher] 시작: 2026-07-25 04:37:58
[step1] 신규 파일: 0개
[publisher] 새 파일 없음 — 종료 (빌드 스킵)

==================================================
[publisher] 시작: 2026-07-25 05:07:58
[step1] 신규 파일: 0개
[publisher] 새 파일 없음 — 종료 (빌드 스킵)

==================================================
[publisher] 시작: 2026-07-25 05:37:58
[step1] 신규 파일: 0개
[publisher] 새 파일 없음 — 종료 (빌드 스킵)

==================================================
[publisher] 시작: 2026-07-25 06:07:59
[step1] 신규 파일: 0개
[publisher] 새 파일 없음 — 종료 (빌드 스킵)

==================================================
[publisher] 시작: 2026-07-25 06:37:59
[step1] 신규 파일: 0개
[publisher] 새 파일 없음 — 종료 (빌드 스킵)

==================================================
[publisher] 시작: 2026-07-25 07:08:00
[step1] 신규 파일: 0개
[publisher] 새 파일 없음 — 종료 (빌드 스킵)

==================================================
[publisher] 시작: 2026-07-25 07:38:00
[step1] 신규 파일: 0개
[publisher] 새 파일 없음 — 종료 (빌드 스킵)

==================================================
[publisher] 시작: 2026-07-25 08:08:00
[step1] 신규 파일: 0개
[publisher] 새 파일 없음 — 종료 (빌드 스킵)

==================================================
[publisher] 시작: 2026-07-25 08:38:01
[step1] 신규 파일: 0개
[publisher] 새 파일 없음 — 종료 (빌드 스킵)

==================================================
[publisher] 시작: 2026-07-25 09:08:01
[step1] 신규 파일: 0개
[publisher] 새 파일 없음 — 종료 (빌드 스킵)

==================================================
[publisher] 시작: 2026-07-25 09:38:01
[step1] 신규 파일: 0개
[publisher] 새 파일 없음 — 종료 (빌드 스킵)

==================================================
[publisher] 시작: 2026-07-25 10:08:02
[step1] 신규 파일: 0개
[publisher] 새 파일 없음 — 종료 (빌드 스킵)

==================================================
[publisher] 시작: 2026-07-25 10:38:02
[step1] 신규 파일: 0개
[publisher] 새 파일 없음 — 종료 (빌드 스킵)

==================================================
[publisher] 시작: 2026-07-25 11:08:02
[step1] 신규 파일: 0개
[publisher] 새 파일 없음 — 종료 (빌드 스킵)

==================================================
[publisher] 시작: 2026-07-25 11:38:03
[step1] 신규 파일: 0개
[publisher] 새 파일 없음 — 종료 (빌드 스킵)

==================================================
[publisher] 시작: 2026-07-25 12:08:03
[step1] 신규 파일: 0개
[publisher] 새 파일 없음 — 종료 (빌드 스킵)

==================================================
[publisher] 시작: 2026-07-25 12:11:12
[step1] 신규 파일: 0개
[publisher] 새 파일 없음 — 종료 (빌드 스킵)

==================================================
[publisher] 시작: 2026-07-25 12:35:33
[step1] 신규 파일: 0개
[publisher] 새 파일 없음 — 종료 (빌드 스킵)

==================================================
[publisher] 시작: 2026-07-25 13:05:33
[step1] 신규 파일: 0개
[publisher] 새 파일 없음 — 종료 (빌드 스킵)

==================================================
[publisher] 시작: 2026-07-25 13:35:33
[step1] 신규 파일: 0개
[publisher] 새 파일 없음 — 종료 (빌드 스킵)

==================================================
[publisher] 시작: 2026-07-25 14:05:34
[step1] 신규 파일: 0개
[publisher] 새 파일 없음 — 종료 (빌드 스킵)

==================================================
[publisher] 시작: 2026-07-25 14:35:34
[step1] 신규 파일: 0개
[publisher] 새 파일 없음 — 종료 (빌드 스킵)

==================================================
[publisher] 시작: 2026-07-25 15:05:34
[step1] 신규 파일: 0개
[publisher] 새 파일 없음 — 종료 (빌드 스킵)

==================================================
[publisher] 시작: 2026-07-25 15:35:35
[step1] 신규 파일: 0개
[publisher] 새 파일 없음 — 종료 (빌드 스킵)

==================================================
[publisher] 시작: 2026-07-25 16:05:35
[step1] 신규 파일: 0개
[publisher] 새 파일 없음 — 종료 (빌드 스킵)

==================================================
[publisher] 시작: 2026-07-25 16:35:35
[step1] 신규 파일: 0개
[publisher] 새 파일 없음 — 종료 (빌드 스킵)

==================================================
[publisher] 시작: 2026-07-25 17:05:36
[step1] 신규 파일: 0개
[publisher] 새 파일 없음 — 종료 (빌드 스킵)

==================================================
[publisher] 시작: 2026-07-25 17:35:36
[step1] 신규 파일: 0개
[publisher] 새 파일 없음 — 종료 (빌드 스킵)

==================================================
[publisher] 시작: 2026-07-25 18:05:36
[step1] 신규 파일: 0개
[publisher] 새 파일 없음 — 종료 (빌드 스킵)

==================================================
[publisher] 시작: 2026-07-25 18:35:36
[step1] 신규 파일: 0개
[publisher] 새 파일 없음 — 종료 (빌드 스킵)

==================================================
[publisher] 시작: 2026-07-25 19:05:37
[step1] 신규 파일: 0개
[publisher] 새 파일 없음 — 종료 (빌드 스킵)

==================================================
[publisher] 시작: 2026-07-25 19:35:37
[step1] 신규 파일: 0개
[publisher] 새 파일 없음 — 종료 (빌드 스킵)

==================================================
[publisher] 시작: 2026-07-25 20:05:37
[step1] 신규 파일: 0개
[publisher] 새 파일 없음 — 종료 (빌드 스킵)

==================================================
[publisher] 시작: 2026-07-25 20:35:38
[step1] 신규 파일: 0개
[publisher] 새 파일 없음 — 종료 (빌드 스킵)

==================================================
[publisher] 시작: 2026-07-25 21:05:38
[step1] 신규 파일: 0개
[publisher] 새 파일 없음 — 종료 (빌드 스킵)

==================================================
[publisher] 시작: 2026-07-25 21:35:39
[step1] 신규 파일: 0개
[publisher] 새 파일 없음 — 종료 (빌드 스킵)

==================================================
[publisher] 시작: 2026-07-25 22:05:42
[step1] 신규 파일: 0개
[publisher] 새 파일 없음 — 종료 (빌드 스킵)

==================================================
[publisher] 시작: 2026-07-25 22:35:43
[step1] 신규 파일: 0개
[publisher] 새 파일 없음 — 종료 (빌드 스킵)

==================================================
[publisher] 시작: 2026-07-25 23:05:43
[step1] 신규 파일: 0개
[publisher] 새 파일 없음 — 종료 (빌드 스킵)

==================================================
[publisher] 시작: 2026-07-25 23:35:43
[step1] 신규 파일: 0개
[publisher] 새 파일 없음 — 종료 (빌드 스킵)

==================================================
[publisher] 시작: 2026-07-26 00:05:44
[step1] 신규 파일: 0개
[publisher] 새 파일 없음 — 종료 (빌드 스킵)

==================================================
[publisher] 시작: 2026-07-26 00:35:44
[step1] 신규 파일: 0개
[publisher] 새 파일 없음 — 종료 (빌드 스킵)

==================================================
[publisher] 시작: 2026-07-26 01:05:44
[step1] 신규 파일: 0개
[publisher] 새 파일 없음 — 종료 (빌드 스킵)

==================================================
[publisher] 시작: 2026-07-26 01:35:45
[step1] 신규 파일: 0개
[publisher] 새 파일 없음 — 종료 (빌드 스킵)

==================================================
[publisher] 시작: 2026-07-26 02:05:45
[step1] 신규 파일: 0개
[publisher] 새 파일 없음 — 종료 (빌드 스킵)

==================================================
[publisher] 시작: 2026-07-26 02:35:45
[step1] 신규 파일: 0개
[publisher] 새 파일 없음 — 종료 (빌드 스킵)

==================================================
[publisher] 시작: 2026-07-26 03:05:46
[step1] 신규 파일: 0개
[publisher] 새 파일 없음 — 종료 (빌드 스킵)

==================================================
[publisher] 시작: 2026-07-26 03:35:46
[step1] 신규 파일: 0개
[publisher] 새 파일 없음 — 종료 (빌드 스킵)

==================================================
[publisher] 시작: 2026-07-26 04:05:47
[step1] 신규 파일: 0개
[publisher] 새 파일 없음 — 종료 (빌드 스킵)

==================================================
[publisher] 시작: 2026-07-26 04:35:47
[step1] 신규 파일: 0개
[publisher] 새 파일 없음 — 종료 (빌드 스킵)

==================================================
[publisher] 시작: 2026-07-26 05:05:47
[step1] 신규 파일: 0개
[publisher] 새 파일 없음 — 종료 (빌드 스킵)

==================================================
[publisher] 시작: 2026-07-26 05:35:48
[step1] 신규 파일: 0개
[publisher] 새 파일 없음 — 종료 (빌드 스킵)

==================================================
[publisher] 시작: 2026-07-26 06:05:48
[step1] 신규 파일: 0개
[publisher] 새 파일 없음 — 종료 (빌드 스킵)

==================================================
[publisher] 시작: 2026-07-26 06:35:48
[step1] 신규 파일: 0개
[publisher] 새 파일 없음 — 종료 (빌드 스킵)

==================================================
[publisher] 시작: 2026-07-26 07:05:49
[step1] 신규 파일: 0개
[publisher] 새 파일 없음 — 종료 (빌드 스킵)

==================================================
[publisher] 시작: 2026-07-26 07:35:49
[step1] 신규 파일: 0개
[publisher] 새 파일 없음 — 종료 (빌드 스킵)

==================================================
[publisher] 시작: 2026-07-26 08:05:49
[step1] 신규 파일: 0개
[publisher] 새 파일 없음 — 종료 (빌드 스킵)

==================================================
[publisher] 시작: 2026-07-26 08:35:49
[step1] 신규 파일: 0개
[publisher] 새 파일 없음 — 종료 (빌드 스킵)

==================================================
[publisher] 시작: 2026-07-26 09:05:55
[step1] 신규 파일: 0개
[publisher] 새 파일 없음 — 종료 (빌드 스킵)

==================================================
[publisher] 시작: 2026-07-26 09:35:55
[step1] 신규 파일: 0개
[publisher] 새 파일 없음 — 종료 (빌드 스킵)

==================================================
[publisher] 시작: 2026-07-26 10:05:56
[step1] 신규 파일: 0개
[publisher] 새 파일 없음 — 종료 (빌드 스킵)

==================================================
[publisher] 시작: 2026-07-26 10:35:56
[step1] 신규 파일: 0개
[publisher] 새 파일 없음 — 종료 (빌드 스킵)

==================================================
[publisher] 시작: 2026-07-26 11:05:57
[step1] 신규 파일: 0개
[publisher] 새 파일 없음 — 종료 (빌드 스킵)

==================================================
[publisher] 시작: 2026-07-26 11:35:57
[step1] 신규 파일: 0개
[publisher] 새 파일 없음 — 종료 (빌드 스킵)

==================================================
[publisher] 시작: 2026-07-26 12:05:58
[step1] 신규 파일: 0개
[publisher] 새 파일 없음 — 종료 (빌드 스킵)

==================================================
[publisher] 시작: 2026-07-26 12:35:58
[step1] 신규 파일: 0개
[publisher] 새 파일 없음 — 종료 (빌드 스킵)

==================================================
[publisher] 시작: 2026-07-26 13:05:59
[step1] 신규 파일: 0개
[publisher] 새 파일 없음 — 종료 (빌드 스킵)

==================================================
[publisher] 시작: 2026-07-26 13:36:00
[step1] 신규 파일: 0개
[publisher] 새 파일 없음 — 종료 (빌드 스킵)

==================================================
[publisher] 시작: 2026-07-26 14:06:00
[step1] 신규 파일: 0개
[publisher] 새 파일 없음 — 종료 (빌드 스킵)

==================================================
[publisher] 시작: 2026-07-26 14:36:01
[step1] 신규 파일: 0개
[publisher] 새 파일 없음 — 종료 (빌드 스킵)

==================================================
[publisher] 시작: 2026-07-26 15:06:02
[step1] 신규 파일: 0개
[publisher] 새 파일 없음 — 종료 (빌드 스킵)

==================================================
[publisher] 시작: 2026-07-26 15:36:02
[step1] 신규 파일: 0개
[publisher] 새 파일 없음 — 종료 (빌드 스킵)

==================================================
[publisher] 시작: 2026-07-26 16:06:03
[step1] 신규 파일: 0개
[publisher] 새 파일 없음 — 종료 (빌드 스킵)

==================================================
[publisher] 시작: 2026-07-26 16:36:03
[step1] 신규 파일: 0개
[publisher] 새 파일 없음 — 종료 (빌드 스킵)

==================================================
[publisher] 시작: 2026-07-26 17:06:05
[step1] 신규 파일: 0개
[publisher] 새 파일 없음 — 종료 (빌드 스킵)

==================================================
[publisher] 시작: 2026-07-26 17:36:05
[step1] 신규 파일: 0개
[publisher] 새 파일 없음 — 종료 (빌드 스킵)

==================================================
[publisher] 시작: 2026-07-26 18:06:06
[step1] 신규 파일: 0개
[publisher] 새 파일 없음 — 종료 (빌드 스킵)

==================================================
[publisher] 시작: 2026-07-26 18:36:06
[step1] 신규 파일: 0개
[publisher] 새 파일 없음 — 종료 (빌드 스킵)

==================================================
[publisher] 시작: 2026-07-26 19:06:08
[step1] 신규 파일: 0개
[publisher] 새 파일 없음 — 종료 (빌드 스킵)

==================================================
[publisher] 시작: 2026-07-26 19:36:08
[step1] 신규 파일: 0개
[publisher] 새 파일 없음 — 종료 (빌드 스킵)

==================================================
[publisher] 시작: 2026-07-26 20:06:08
[step1] 신규 파일: 0개
[publisher] 새 파일 없음 — 종료 (빌드 스킵)

==================================================
[publisher] 시작: 2026-07-26 20:36:09
[step1] 신규 파일: 0개
[publisher] 새 파일 없음 — 종료 (빌드 스킵)

==================================================
[publisher] 시작: 2026-07-26 21:06:09
[step1] 신규 파일: 0개
[publisher] 새 파일 없음 — 종료 (빌드 스킵)

==================================================
[publisher] 시작: 2026-07-26 21:36:14
[step1] 신규 파일: 0개
[publisher] 새 파일 없음 — 종료 (빌드 스킵)

==================================================
[publisher] 시작: 2026-07-26 22:06:14
[step1] 신규 파일: 0개
[publisher] 새 파일 없음 — 종료 (빌드 스킵)

==================================================
[publisher] 시작: 2026-07-26 22:36:14
[step1] 신규 파일: 0개
[publisher] 새 파일 없음 — 종료 (빌드 스킵)

==================================================
[publisher] 시작: 2026-07-26 23:06:15
[step1] 신규 파일: 0개
[publisher] 새 파일 없음 — 종료 (빌드 스킵)

==================================================
[publisher] 시작: 2026-07-26 23:36:15
[step1] 신규 파일: 0개
[publisher] 새 파일 없음 — 종료 (빌드 스킵)

==================================================
[publisher] 시작: 2026-07-27 00:06:16
[step1] 신규 파일: 0개
[publisher] 새 파일 없음 — 종료 (빌드 스킵)

==================================================
[publisher] 시작: 2026-07-27 00:36:16
[step1] 신규 파일: 0개
[publisher] 새 파일 없음 — 종료 (빌드 스킵)

==================================================
[publisher] 시작: 2026-07-27 01:06:16
[step1] 신규 파일: 0개
[publisher] 새 파일 없음 — 종료 (빌드 스킵)

==================================================
[publisher] 시작: 2026-07-27 01:36:17
[step1] 신규 파일: 0개
[publisher] 새 파일 없음 — 종료 (빌드 스킵)

==================================================
[publisher] 시작: 2026-07-27 02:06:17
[step1] 신규 파일: 0개
[publisher] 새 파일 없음 — 종료 (빌드 스킵)

==================================================
[publisher] 시작: 2026-07-27 02:36:18
[step1] 신규 파일: 0개
[publisher] 새 파일 없음 — 종료 (빌드 스킵)

==================================================
[publisher] 시작: 2026-07-27 03:06:18
[step1] 신규 파일: 0개
[publisher] 새 파일 없음 — 종료 (빌드 스킵)

==================================================
[publisher] 시작: 2026-07-27 03:36:18
[step1] 신규 파일: 0개
[publisher] 새 파일 없음 — 종료 (빌드 스킵)

==================================================
[publisher] 시작: 2026-07-27 04:06:19
[step1] 신규 파일: 0개
[publisher] 새 파일 없음 — 종료 (빌드 스킵)

==================================================
[publisher] 시작: 2026-07-27 04:36:19
[step1] 신규 파일: 0개
[publisher] 새 파일 없음 — 종료 (빌드 스킵)

==================================================
[publisher] 시작: 2026-07-27 05:06:19
[step1] 신규 파일: 0개
[publisher] 새 파일 없음 — 종료 (빌드 스킵)

==================================================
[publisher] 시작: 2026-07-27 05:36:20
[step1] 신규 파일: 0개
[publisher] 새 파일 없음 — 종료 (빌드 스킵)

==================================================
[publisher] 시작: 2026-07-27 06:06:20
[step1] 신규 파일: 0개
[publisher] 새 파일 없음 — 종료 (빌드 스킵)

==================================================
[publisher] 시작: 2026-07-27 06:36:20
[step1] 신규 파일: 0개
[publisher] 새 파일 없음 — 종료 (빌드 스킵)

==================================================
[publisher] 시작: 2026-07-27 07:06:20
[step1] 신규 파일: 0개
[publisher] 새 파일 없음 — 종료 (빌드 스킵)

==================================================
[publisher] 시작: 2026-07-27 07:36:21
[step1] 신규 파일: 0개
[publisher] 새 파일 없음 — 종료 (빌드 스킵)

==================================================
[publisher] 시작: 2026-07-27 08:06:21
[step1] 신규 파일: 0개
[publisher] 새 파일 없음 — 종료 (빌드 스킵)

==================================================
[publisher] 시작: 2026-07-27 08:36:22
[step1] 신규 파일: 0개
[publisher] 새 파일 없음 — 종료 (빌드 스킵)

==================================================
[publisher] 시작: 2026-07-27 09:06:22
[step1] 신규 파일: 0개
[publisher] 새 파일 없음 — 종료 (빌드 스킵)

==================================================
[publisher] 시작: 2026-07-27 09:36:22
[step1] 신규 파일: 0개
[publisher] 새 파일 없음 — 종료 (빌드 스킵)

==================================================
[publisher] 시작: 2026-07-27 10:06:23
[step1] 신규 파일: 0개
[publisher] 새 파일 없음 — 종료 (빌드 스킵)

==================================================
[publisher] 시작: 2026-07-27 10:36:23
[step1] 신규 파일: 0개
[publisher] 새 파일 없음 — 종료 (빌드 스킵)

==================================================
[publisher] 시작: 2026-07-27 11:06:23
[step1] 신규 파일: 0개
[publisher] 새 파일 없음 — 종료 (빌드 스킵)

==================================================
[publisher] 시작: 2026-07-27 11:36:24
[step1] 신규 파일: 0개
[publisher] 새 파일 없음 — 종료 (빌드 스킵)

==================================================
[publisher] 시작: 2026-07-27 12:06:24
[step1] 신규 파일: 0개
[publisher] 새 파일 없음 — 종료 (빌드 스킵)

==================================================
[publisher] 시작: 2026-07-27 12:36:25
[step1] 신규 파일: 0개
[publisher] 새 파일 없음 — 종료 (빌드 스킵)

==================================================
[publisher] 시작: 2026-07-27 13:06:25
[step1] 신규 파일: 0개
[publisher] 새 파일 없음 — 종료 (빌드 스킵)

==================================================
[publisher] 시작: 2026-07-27 13:36:26
[step1] 신규 파일: 0개
[publisher] 새 파일 없음 — 종료 (빌드 스킵)

==================================================
[publisher] 시작: 2026-07-27 14:06:26
[step1] 신규 파일: 0개
[publisher] 새 파일 없음 — 종료 (빌드 스킵)

==================================================
[publisher] 시작: 2026-07-27 14:36:26
[step1] 신규 파일: 0개
[publisher] 새 파일 없음 — 종료 (빌드 스킵)

==================================================
[publisher] 시작: 2026-07-27 15:06:27
[step1] 신규 파일: 0개
[publisher] 새 파일 없음 — 종료 (빌드 스킵)

==================================================
[publisher] 시작: 2026-07-27 15:36:27
[step1] 신규 파일: 0개
[publisher] 새 파일 없음 — 종료 (빌드 스킵)

==================================================
[publisher] 시작: 2026-07-27 16:06:28
[step1] 신규 파일: 0개
[publisher] 새 파일 없음 — 종료 (빌드 스킵)

==================================================
[publisher] 시작: 2026-07-27 16:36:28
[step1] 신규 파일: 0개
[publisher] 새 파일 없음 — 종료 (빌드 스킵)

==================================================
[publisher] 시작: 2026-07-27 17:06:29
[step1] 신규 파일: 0개
[publisher] 새 파일 없음 — 종료 (빌드 스킵)

==================================================
[publisher] 시작: 2026-07-27 17:36:29
[step1] 신규 파일: 0개
[publisher] 새 파일 없음 — 종료 (빌드 스킵)

==================================================
[publisher] 시작: 2026-07-27 18:06:30
[step1] 신규 파일: 0개
[publisher] 새 파일 없음 — 종료 (빌드 스킵)

==================================================
[publisher] 시작: 2026-07-27 18:36:30
[step1] 신규 파일: 0개
[publisher] 새 파일 없음 — 종료 (빌드 스킵)

==================================================
[publisher] 시작: 2026-07-27 19:06:31
[step1] 신규 파일: 0개
[publisher] 새 파일 없음 — 종료 (빌드 스킵)

==================================================
[publisher] 시작: 2026-07-27 19:36:31
[step1] 신규 파일: 0개
[publisher] 새 파일 없음 — 종료 (빌드 스킵)

==================================================
[publisher] 시작: 2026-07-27 20:06:31
[step1] 신규 파일: 0개
[publisher] 새 파일 없음 — 종료 (빌드 스킵)

==================================================
[publisher] 시작: 2026-07-27 20:36:32
[step1] 신규 파일: 0개
[publisher] 새 파일 없음 — 종료 (빌드 스킵)

==================================================
[publisher] 시작: 2026-07-27 21:06:32
[step1] 신규 파일: 0개
[publisher] 새 파일 없음 — 종료 (빌드 스킵)

==================================================
[publisher] 시작: 2026-07-27 21:36:33
[step1] 신규 파일: 0개
[publisher] 새 파일 없음 — 종료 (빌드 스킵)

==================================================
[publisher] 시작: 2026-07-27 22:06:33
[step1] 신규 파일: 0개
[publisher] 새 파일 없음 — 종료 (빌드 스킵)

==================================================
[publisher] 시작: 2026-07-27 22:36:33
[step1] 신규 파일: 0개
[publisher] 새 파일 없음 — 종료 (빌드 스킵)

==================================================
[publisher] 시작: 2026-07-27 23:06:34
[step1] 신규 파일: 0개
[publisher] 새 파일 없음 — 종료 (빌드 스킵)

==================================================
[publisher] 시작: 2026-07-27 23:36:34
[step1] 신규 파일: 0개
[publisher] 새 파일 없음 — 종료 (빌드 스킵)

==================================================
[publisher] 시작: 2026-07-28 00:06:35
[step1] 신규 파일: 0개
[publisher] 새 파일 없음 — 종료 (빌드 스킵)

==================================================
[publisher] 시작: 2026-07-28 00:36:35
[step1] 신규 파일: 0개
[publisher] 새 파일 없음 — 종료 (빌드 스킵)

==================================================
[publisher] 시작: 2026-07-28 01:06:35
[step1] 신규 파일: 0개
[publisher] 새 파일 없음 — 종료 (빌드 스킵)

==================================================
[publisher] 시작: 2026-07-28 01:36:36
[step1] 신규 파일: 0개
[publisher] 새 파일 없음 — 종료 (빌드 스킵)

==================================================
[publisher] 시작: 2026-07-28 02:06:36
[step1] 신규 파일: 0개
[publisher] 새 파일 없음 — 종료 (빌드 스킵)

==================================================
[publisher] 시작: 2026-07-28 02:36:36
[step1] 신규 파일: 0개
[publisher] 새 파일 없음 — 종료 (빌드 스킵)

==================================================
[publisher] 시작: 2026-07-28 03:06:37
[step1] 신규 파일: 0개
[publisher] 새 파일 없음 — 종료 (빌드 스킵)

==================================================
[publisher] 시작: 2026-07-28 03:36:37
[step1] 신규 파일: 0개
[publisher] 새 파일 없음 — 종료 (빌드 스킵)

==================================================
[publisher] 시작: 2026-07-28 04:06:38
[step1] 신규 파일: 0개
[publisher] 새 파일 없음 — 종료 (빌드 스킵)

==================================================
[publisher] 시작: 2026-07-28 04:36:38
[step1] 신규 파일: 0개
[publisher] 새 파일 없음 — 종료 (빌드 스킵)

==================================================
[publisher] 시작: 2026-07-28 05:06:39
[step1] 신규 파일: 0개
[publisher] 새 파일 없음 — 종료 (빌드 스킵)

==================================================
[publisher] 시작: 2026-07-28 05:36:39
[step1] 신규 파일: 0개
[publisher] 새 파일 없음 — 종료 (빌드 스킵)

==================================================
[publisher] 시작: 2026-07-28 06:06:39
[step1] 신규 파일: 0개
[publisher] 새 파일 없음 — 종료 (빌드 스킵)

==================================================
[publisher] 시작: 2026-07-28 06:36:39
[step1] 신규 파일: 0개
[publisher] 새 파일 없음 — 종료 (빌드 스킵)

==================================================
[publisher] 시작: 2026-07-28 07:06:40
[step1] 신규 파일: 0개
[publisher] 새 파일 없음 — 종료 (빌드 스킵)

==================================================
[publisher] 시작: 2026-07-28 07:36:40
[step1] 신규 파일: 0개
[publisher] 새 파일 없음 — 종료 (빌드 스킵)

==================================================
[publisher] 시작: 2026-07-28 08:06:41
[step1] 신규 파일: 0개
[publisher] 새 파일 없음 — 종료 (빌드 스킵)

==================================================
[publisher] 시작: 2026-07-28 08:36:41
[step1] 신규 파일: 0개
[publisher] 새 파일 없음 — 종료 (빌드 스킵)

==================================================
[publisher] 시작: 2026-07-28 09:06:41
[step1] 신규 파일: 0개
[publisher] 새 파일 없음 — 종료 (빌드 스킵)

==================================================
[publisher] 시작: 2026-07-28 09:36:42
[step1] 신규 파일: 0개
[publisher] 새 파일 없음 — 종료 (빌드 스킵)

==================================================
[publisher] 시작: 2026-07-28 10:06:42
[step1] 신규 파일: 0개
[publisher] 새 파일 없음 — 종료 (빌드 스킵)

==================================================
[publisher] 시작: 2026-07-28 10:36:42
[step1] 신규 파일: 0개
[publisher] 새 파일 없음 — 종료 (빌드 스킵)

==================================================
[publisher] 시작: 2026-07-28 11:06:43
[step1] 신규 파일: 0개
[publisher] 새 파일 없음 — 종료 (빌드 스킵)

==================================================
[publisher] 시작: 2026-07-28 11:36:43
[step1] 신규 파일: 0개
[publisher] 새 파일 없음 — 종료 (빌드 스킵)

==================================================
[publisher] 시작: 2026-07-28 12:06:44
[step1] 신규 파일: 0개
[publisher] 새 파일 없음 — 종료 (빌드 스킵)

==================================================
[publisher] 시작: 2026-07-28 12:36:44
[step1] 신규 파일: 0개
[publisher] 새 파일 없음 — 종료 (빌드 스킵)

==================================================
[publisher] 시작: 2026-07-28 13:06:44
[step1] 신규 파일: 0개
[publisher] 새 파일 없음 — 종료 (빌드 스킵)

==================================================
[publisher] 시작: 2026-07-28 13:36:45
[step1] 신규 파일: 0개
[publisher] 새 파일 없음 — 종료 (빌드 스킵)

==================================================
[publisher] 시작: 2026-07-28 14:06:45
[step1] 신규 파일: 0개
[publisher] 새 파일 없음 — 종료 (빌드 스킵)

==================================================
[publisher] 시작: 2026-07-28 14:36:46
[step1] 신규 파일: 0개
[publisher] 새 파일 없음 — 종료 (빌드 스킵)

==================================================
[publisher] 시작: 2026-07-28 15:06:46
[step1] 신규 파일: 0개
[publisher] 새 파일 없음 — 종료 (빌드 스킵)

==================================================
[publisher] 시작: 2026-07-28 15:36:47
[step1] 신규 파일: 0개
[publisher] 새 파일 없음 — 종료 (빌드 스킵)

==================================================
[publisher] 시작: 2026-07-28 16:06:47
[step1] 신규 파일: 0개
[publisher] 새 파일 없음 — 종료 (빌드 스킵)

==================================================
[publisher] 시작: 2026-07-28 16:36:48
[step1] 신규 파일: 0개
[publisher] 새 파일 없음 — 종료 (빌드 스킵)

==================================================
[publisher] 시작: 2026-07-28 17:06:48
[step1] 신규 파일: 0개
[publisher] 새 파일 없음 — 종료 (빌드 스킵)

==================================================
[publisher] 시작: 2026-07-28 17:36:48
[step1] 신규 파일: 0개
[publisher] 새 파일 없음 — 종료 (빌드 스킵)

==================================================
[publisher] 시작: 2026-07-28 18:06:49
[step1] 신규 파일: 0개
[publisher] 새 파일 없음 — 종료 (빌드 스킵)

==================================================
[publisher] 시작: 2026-07-28 18:36:49
[step1] 신규 파일: 0개
[publisher] 새 파일 없음 — 종료 (빌드 스킵)

==================================================
[publisher] 시작: 2026-07-28 19:06:50
[step1] 신규 파일: 0개
[publisher] 새 파일 없음 — 종료 (빌드 스킵)

==================================================
[publisher] 시작: 2026-07-28 19:36:50
[step1] 신규 파일: 0개
[publisher] 새 파일 없음 — 종료 (빌드 스킵)

==================================================
[publisher] 시작: 2026-07-28 20:06:50
[step1] 신규 파일: 0개
[publisher] 새 파일 없음 — 종료 (빌드 스킵)

==================================================
[publisher] 시작: 2026-07-28 20:36:51
[step1] 신규 파일: 0개
[publisher] 새 파일 없음 — 종료 (빌드 스킵)

==================================================
[publisher] 시작: 2026-07-28 21:06:51
[step1] 신규 파일: 0개
[publisher] 새 파일 없음 — 종료 (빌드 스킵)

==================================================
[publisher] 시작: 2026-07-28 21:36:52
[step1] 신규 파일: 0개
[publisher] 새 파일 없음 — 종료 (빌드 스킵)

==================================================
[publisher] 시작: 2026-07-28 22:06:52
[step1] 신규 파일: 0개
[publisher] 새 파일 없음 — 종료 (빌드 스킵)

==================================================
[publisher] 시작: 2026-07-28 22:36:53
[step1] 신규 파일: 0개
[publisher] 새 파일 없음 — 종료 (빌드 스킵)

==================================================
[publisher] 시작: 2026-07-28 23:06:53
[step1] 신규 파일: 0개
[publisher] 새 파일 없음 — 종료 (빌드 스킵)

==================================================
[publisher] 시작: 2026-07-28 23:36:54
[step1] 신규 파일: 0개
[publisher] 새 파일 없음 — 종료 (빌드 스킵)

==================================================
[publisher] 시작: 2026-07-29 00:06:54
[step1] 신규 파일: 0개
[publisher] 새 파일 없음 — 종료 (빌드 스킵)

==================================================
[publisher] 시작: 2026-07-29 00:36:54
[step1] 신규 파일: 0개
[publisher] 새 파일 없음 — 종료 (빌드 스킵)

==================================================
[publisher] 시작: 2026-07-29 01:06:55
[step1] 신규 파일: 0개
[publisher] 새 파일 없음 — 종료 (빌드 스킵)

==================================================
[publisher] 시작: 2026-07-29 01:36:55
[step1] 신규 파일: 0개
[publisher] 새 파일 없음 — 종료 (빌드 스킵)

==================================================
[publisher] 시작: 2026-07-29 02:06:56
[step1] 신규 파일: 0개
[publisher] 새 파일 없음 — 종료 (빌드 스킵)

==================================================
[publisher] 시작: 2026-07-29 02:36:56
[step1] 신규 파일: 0개
[publisher] 새 파일 없음 — 종료 (빌드 스킵)

==================================================
[publisher] 시작: 2026-07-29 03:06:57
[step1] 신규 파일: 0개
[publisher] 새 파일 없음 — 종료 (빌드 스킵)

==================================================
[publisher] 시작: 2026-07-29 03:36:58
[step1] 신규 파일: 0개
[publisher] 새 파일 없음 — 종료 (빌드 스킵)

==================================================
[publisher] 시작: 2026-07-29 04:06:59
[step1] 신규 파일: 0개
[publisher] 새 파일 없음 — 종료 (빌드 스킵)

==================================================
[publisher] 시작: 2026-07-29 04:36:59
[step1] 신규 파일: 0개
[publisher] 새 파일 없음 — 종료 (빌드 스킵)

==================================================
[publisher] 시작: 2026-07-29 05:07:00
[step1] 신규 파일: 0개
[publisher] 새 파일 없음 — 종료 (빌드 스킵)

==================================================
[publisher] 시작: 2026-07-29 05:37:00
[step1] 신규 파일: 0개
[publisher] 새 파일 없음 — 종료 (빌드 스킵)

==================================================
[publisher] 시작: 2026-07-29 06:07:01
[step1] 신규 파일: 0개
[publisher] 새 파일 없음 — 종료 (빌드 스킵)

==================================================
[publisher] 시작: 2026-07-29 06:37:01
[step1] 신규 파일: 0개
[publisher] 새 파일 없음 — 종료 (빌드 스킵)

==================================================
[publisher] 시작: 2026-07-29 07:07:02
[step1] 신규 파일: 0개
[publisher] 새 파일 없음 — 종료 (빌드 스킵)

==================================================
[publisher] 시작: 2026-07-29 07:37:02
[step1] 신규 파일: 0개
[publisher] 새 파일 없음 — 종료 (빌드 스킵)

==================================================
[publisher] 시작: 2026-07-29 08:07:03
[step1] 신규 파일: 0개
[publisher] 새 파일 없음 — 종료 (빌드 스킵)

==================================================
[publisher] 시작: 2026-07-29 08:37:03
[step1] 신규 파일: 0개
[publisher] 새 파일 없음 — 종료 (빌드 스킵)

==================================================
[publisher] 시작: 2026-07-29 09:07:03
[step1] 신규 파일: 0개
[publisher] 새 파일 없음 — 종료 (빌드 스킵)

==================================================
[publisher] 시작: 2026-07-29 09:37:04
[step1] 신규 파일: 0개
[publisher] 새 파일 없음 — 종료 (빌드 스킵)

==================================================
[publisher] 시작: 2026-07-29 10:07:04
[step1] 신규 파일: 0개
[publisher] 새 파일 없음 — 종료 (빌드 스킵)

==================================================
[publisher] 시작: 2026-07-29 10:37:05
[step1] 신규 파일: 0개
[publisher] 새 파일 없음 — 종료 (빌드 스킵)

==================================================
[publisher] 시작: 2026-07-29 11:07:05
[step1] 신규 파일: 0개
[publisher] 새 파일 없음 — 종료 (빌드 스킵)

==================================================
[publisher] 시작: 2026-07-29 11:37:06
[step1] 신규 파일: 0개
[publisher] 새 파일 없음 — 종료 (빌드 스킵)

==================================================
[publisher] 시작: 2026-07-29 12:07:06
[step1] 신규 파일: 0개
[publisher] 새 파일 없음 — 종료 (빌드 스킵)

==================================================
[publisher] 시작: 2026-07-29 12:37:06
[step1] 신규 파일: 0개
[publisher] 새 파일 없음 — 종료 (빌드 스킵)

==================================================
[publisher] 시작: 2026-07-29 13:07:07
[step1] 신규 파일: 0개
[publisher] 새 파일 없음 — 종료 (빌드 스킵)

==================================================
[publisher] 시작: 2026-07-29 13:37:07
[step1] 신규 파일: 0개
[publisher] 새 파일 없음 — 종료 (빌드 스킵)

==================================================
[publisher] 시작: 2026-07-29 14:07:07
[step1] 신규 파일: 0개
[publisher] 새 파일 없음 — 종료 (빌드 스킵)

==================================================
[publisher] 시작: 2026-07-29 14:37:08
[step1] 신규 파일: 0개
[publisher] 새 파일 없음 — 종료 (빌드 스킵)

==================================================
[publisher] 시작: 2026-07-29 15:07:08
[step1] 신규 파일: 0개
[publisher] 새 파일 없음 — 종료 (빌드 스킵)

==================================================
[publisher] 시작: 2026-07-29 15:37:09
[step1] 신규 파일: 0개
[publisher] 새 파일 없음 — 종료 (빌드 스킵)

==================================================
[publisher] 시작: 2026-07-29 16:07:09
[step1] 신규 파일: 0개
[publisher] 새 파일 없음 — 종료 (빌드 스킵)

==================================================
[publisher] 시작: 2026-07-29 16:37:10
[step1] 신규 파일: 0개
[publisher] 새 파일 없음 — 종료 (빌드 스킵)

==================================================
[publisher] 시작: 2026-07-29 17:07:10
[step1] 신규 파일: 0개
[publisher] 새 파일 없음 — 종료 (빌드 스킵)

==================================================
[publisher] 시작: 2026-07-29 17:37:11
[step1] 신규 파일: 0개
[publisher] 새 파일 없음 — 종료 (빌드 스킵)
