
==================================================
[publisher] 시작: 2026-06-08 18:11:00
[step1] 신규 파일: 2개

--- 처리 중: 20260608-100606-교육비-부담을-덜어주는-교육급여-바우처-잔액-관리-가이드-2026.md
  [step3] 카테고리: tax (needs_review=False)
  [step4] 변환 완료 (slug=교육비-부담을-덜어주는-교육급여-바우처-잔액-관리-가이드-2026)
  [step5] 썸네일: 교육비-부담을-덜어주는-교육급여-바우처-잔액-관리-가이드-2026.jpg
  [step6] 엔티티 주석 삽입
  [step7] 복사: 교육비-부담을-덜어주는-교육급여-바우처-잔액-관리-가이드-2026.md
  [move] 20260608-100606-교육비-부담을-덜어주는-교육급여-바우처-잔액-관리-가이드-2026.md → 20260608/

[publisher] 처리 완료: 1개 발행 대상
[deployer] 빌드 시작 (1개 신규 파일)
[deployer] 빌드 성공, 배포 시작
[deployer] ✅ 배포 완료: 새 글 1개 발행됨
[publisher] 완료: 1개 글 발행
==================================================


==================================================
[publisher] 시작: 2026-06-08 18:41:16
[step1] 신규 파일: 1개

--- 처리 중: 20260608-100759-직장인-부업으로-역량-강화-국민내일배움카드-2026-가이드.md
  [step3] 카테고리: general (needs_review=True)
  [step4] 변환 완료 (slug=직장인-부업으로-역량-강화-국민내일배움카드-2026-가이드)
  [step5] 썸네일: 직장인-부업으로-역량-강화-국민내일배움카드-2026-가이드.jpg
  [step6] 엔티티 주석 삽입
  [step7] 복사: 직장인-부업으로-역량-강화-국민내일배움카드-2026-가이드.md
  [move] 20260608-100759-직장인-부업으로-역량-강화-국민내일배움카드-2026-가이드.md → 20260608/

[publisher] 처리 완료: 1개 발행 대상
[deployer] 빌드 시작 (1개 신규 파일)
[deployer] 빌드 성공, 배포 시작
🚨 자동 발행 실패 — 수동 발행 필요
원인: Cloudflare Pages 배포 실패
stderr: sues
    - DNS resolver not configured or not responding
    - Firewall or VPN blocking DNS requests
    - Corporate network with restricted DNS
  
  Please check your network connection and DNS settings.


🪵  Logs were written to "/Users/twinssn/.wrangler/logs/wrangler-2026-06-08_11-41-21_813.log"

수동 실행: python3 scripts/persona-publisher/publisher.py
[telegram] 전송 실패: HTTPSConnectionPool(host='api.telegram.org', port=443): Max retries exceeded with url: /bot8511728557:AAHbhwBVV55g38IrMVkJA22rst0SE9yJqfg/sendMessage (Caused by NameResolutionError("HTTPSConnection(host='api.telegram.org', port=443): Failed to resolve 'api.telegram.org' ([Errno 8] nodename nor servname provided, or not known)"))
[publisher] 배포 실패

==================================================
[publisher] 시작: 2026-06-08 19:11:22
[step1] 신규 파일: 0개
[publisher] 새 파일 없음 — 종료 (빌드 스킵)

==================================================
[publisher] 시작: 2026-06-08 19:41:22
[step1] 신규 파일: 0개
[publisher] 새 파일 없음 — 종료 (빌드 스킵)

==================================================
[publisher] 시작: 2026-06-08 20:11:22
[step1] 신규 파일: 0개
[publisher] 새 파일 없음 — 종료 (빌드 스킵)
Traceback (most recent call last):
  File "/Users/twinssn/projects/money-aikorea24/scripts/persona-publisher/publisher.py", line 20, in <module>
    import transformer
  File "/Users/twinssn/projects/money-aikorea24/scripts/persona-publisher/transformer.py", line 5, in <module>
    import r2_upload
  File "/Users/twinssn/projects/money-aikorea24/scripts/persona-publisher/r2_upload.py", line 6, in <module>
    import boto3
ModuleNotFoundError: No module named 'boto3'
Traceback (most recent call last):
  File "/Users/twinssn/projects/money-aikorea24/scripts/persona-publisher/publisher.py", line 20, in <module>
    import transformer
  File "/Users/twinssn/projects/money-aikorea24/scripts/persona-publisher/transformer.py", line 5, in <module>
    import r2_upload
  File "/Users/twinssn/projects/money-aikorea24/scripts/persona-publisher/r2_upload.py", line 6, in <module>
    import boto3
ModuleNotFoundError: No module named 'boto3'
Traceback (most recent call last):
  File "/Users/twinssn/projects/money-aikorea24/scripts/persona-publisher/publisher.py", line 20, in <module>
    import transformer
  File "/Users/twinssn/projects/money-aikorea24/scripts/persona-publisher/transformer.py", line 5, in <module>
    import r2_upload
  File "/Users/twinssn/projects/money-aikorea24/scripts/persona-publisher/r2_upload.py", line 6, in <module>
    import boto3
ModuleNotFoundError: No module named 'boto3'
Traceback (most recent call last):
  File "/Users/twinssn/projects/money-aikorea24/scripts/persona-publisher/publisher.py", line 20, in <module>
    import transformer
  File "/Users/twinssn/projects/money-aikorea24/scripts/persona-publisher/transformer.py", line 5, in <module>
    import r2_upload
  File "/Users/twinssn/projects/money-aikorea24/scripts/persona-publisher/r2_upload.py", line 6, in <module>
    import boto3
ModuleNotFoundError: No module named 'boto3'
Traceback (most recent call last):
  File "/Users/twinssn/projects/money-aikorea24/scripts/persona-publisher/publisher.py", line 20, in <module>
    import transformer
  File "/Users/twinssn/projects/money-aikorea24/scripts/persona-publisher/transformer.py", line 5, in <module>
    import r2_upload
  File "/Users/twinssn/projects/money-aikorea24/scripts/persona-publisher/r2_upload.py", line 6, in <module>
    import boto3
ModuleNotFoundError: No module named 'boto3'
Traceback (most recent call last):
  File "/Users/twinssn/projects/money-aikorea24/scripts/persona-publisher/publisher.py", line 20, in <module>
    import transformer
  File "/Users/twinssn/projects/money-aikorea24/scripts/persona-publisher/transformer.py", line 5, in <module>
    import r2_upload
  File "/Users/twinssn/projects/money-aikorea24/scripts/persona-publisher/r2_upload.py", line 6, in <module>
    import boto3
ModuleNotFoundError: No module named 'boto3'
Traceback (most recent call last):
  File "/Users/twinssn/projects/money-aikorea24/scripts/persona-publisher/publisher.py", line 20, in <module>
    import transformer
  File "/Users/twinssn/projects/money-aikorea24/scripts/persona-publisher/transformer.py", line 5, in <module>
    import r2_upload
  File "/Users/twinssn/projects/money-aikorea24/scripts/persona-publisher/r2_upload.py", line 6, in <module>
    import boto3
ModuleNotFoundError: No module named 'boto3'
Traceback (most recent call last):
  File "/Users/twinssn/projects/money-aikorea24/scripts/persona-publisher/publisher.py", line 20, in <module>
    import transformer
  File "/Users/twinssn/projects/money-aikorea24/scripts/persona-publisher/transformer.py", line 5, in <module>
    import r2_upload
  File "/Users/twinssn/projects/money-aikorea24/scripts/persona-publisher/r2_upload.py", line 6, in <module>
    import boto3
ModuleNotFoundError: No module named 'boto3'
Traceback (most recent call last):
  File "/Users/twinssn/projects/money-aikorea24/scripts/persona-publisher/publisher.py", line 20, in <module>
    import transformer
  File "/Users/twinssn/projects/money-aikorea24/scripts/persona-publisher/transformer.py", line 5, in <module>
    import r2_upload
  File "/Users/twinssn/projects/money-aikorea24/scripts/persona-publisher/r2_upload.py", line 6, in <module>
    import boto3
ModuleNotFoundError: No module named 'boto3'
Traceback (most recent call last):
  File "/Users/twinssn/projects/money-aikorea24/scripts/persona-publisher/publisher.py", line 20, in <module>
    import transformer
  File "/Users/twinssn/projects/money-aikorea24/scripts/persona-publisher/transformer.py", line 5, in <module>
    import r2_upload
  File "/Users/twinssn/projects/money-aikorea24/scripts/persona-publisher/r2_upload.py", line 6, in <module>
    import boto3
ModuleNotFoundError: No module named 'boto3'
Traceback (most recent call last):
  File "/Users/twinssn/projects/money-aikorea24/scripts/persona-publisher/publisher.py", line 20, in <module>
    import transformer
  File "/Users/twinssn/projects/money-aikorea24/scripts/persona-publisher/transformer.py", line 5, in <module>
    import r2_upload
  File "/Users/twinssn/projects/money-aikorea24/scripts/persona-publisher/r2_upload.py", line 6, in <module>
    import boto3
ModuleNotFoundError: No module named 'boto3'
Traceback (most recent call last):
  File "/Users/twinssn/projects/money-aikorea24/scripts/persona-publisher/publisher.py", line 20, in <module>
    import transformer
  File "/Users/twinssn/projects/money-aikorea24/scripts/persona-publisher/transformer.py", line 5, in <module>
    import r2_upload
  File "/Users/twinssn/projects/money-aikorea24/scripts/persona-publisher/r2_upload.py", line 6, in <module>
    import boto3
ModuleNotFoundError: No module named 'boto3'
Traceback (most recent call last):
  File "/Users/twinssn/projects/money-aikorea24/scripts/persona-publisher/publisher.py", line 20, in <module>
    import transformer
  File "/Users/twinssn/projects/money-aikorea24/scripts/persona-publisher/transformer.py", line 5, in <module>
    import r2_upload
  File "/Users/twinssn/projects/money-aikorea24/scripts/persona-publisher/r2_upload.py", line 6, in <module>
    import boto3
ModuleNotFoundError: No module named 'boto3'
Traceback (most recent call last):
  File "/Users/twinssn/projects/money-aikorea24/scripts/persona-publisher/publisher.py", line 20, in <module>
    import transformer
  File "/Users/twinssn/projects/money-aikorea24/scripts/persona-publisher/transformer.py", line 5, in <module>
    import r2_upload
  File "/Users/twinssn/projects/money-aikorea24/scripts/persona-publisher/r2_upload.py", line 6, in <module>
    import boto3
ModuleNotFoundError: No module named 'boto3'
Traceback (most recent call last):
  File "/Users/twinssn/projects/money-aikorea24/scripts/persona-publisher/publisher.py", line 20, in <module>
    import transformer
  File "/Users/twinssn/projects/money-aikorea24/scripts/persona-publisher/transformer.py", line 5, in <module>
    import r2_upload
  File "/Users/twinssn/projects/money-aikorea24/scripts/persona-publisher/r2_upload.py", line 6, in <module>
    import boto3
ModuleNotFoundError: No module named 'boto3'
Traceback (most recent call last):
  File "/Users/twinssn/projects/money-aikorea24/scripts/persona-publisher/publisher.py", line 20, in <module>
    import transformer
  File "/Users/twinssn/projects/money-aikorea24/scripts/persona-publisher/transformer.py", line 5, in <module>
    import r2_upload
  File "/Users/twinssn/projects/money-aikorea24/scripts/persona-publisher/r2_upload.py", line 6, in <module>
    import boto3
ModuleNotFoundError: No module named 'boto3'
Traceback (most recent call last):
  File "/Users/twinssn/projects/money-aikorea24/scripts/persona-publisher/publisher.py", line 20, in <module>
    import transformer
  File "/Users/twinssn/projects/money-aikorea24/scripts/persona-publisher/transformer.py", line 5, in <module>
    import r2_upload
  File "/Users/twinssn/projects/money-aikorea24/scripts/persona-publisher/r2_upload.py", line 6, in <module>
    import boto3
ModuleNotFoundError: No module named 'boto3'
Traceback (most recent call last):
  File "/Users/twinssn/projects/money-aikorea24/scripts/persona-publisher/publisher.py", line 20, in <module>
    import transformer
  File "/Users/twinssn/projects/money-aikorea24/scripts/persona-publisher/transformer.py", line 5, in <module>
    import r2_upload
  File "/Users/twinssn/projects/money-aikorea24/scripts/persona-publisher/r2_upload.py", line 6, in <module>
    import boto3
ModuleNotFoundError: No module named 'boto3'
Traceback (most recent call last):
  File "/Users/twinssn/projects/money-aikorea24/scripts/persona-publisher/publisher.py", line 20, in <module>
    import transformer
  File "/Users/twinssn/projects/money-aikorea24/scripts/persona-publisher/transformer.py", line 5, in <module>
    import r2_upload
  File "/Users/twinssn/projects/money-aikorea24/scripts/persona-publisher/r2_upload.py", line 6, in <module>
    import boto3
ModuleNotFoundError: No module named 'boto3'
Traceback (most recent call last):
  File "/Users/twinssn/projects/money-aikorea24/scripts/persona-publisher/publisher.py", line 20, in <module>
    import transformer
  File "/Users/twinssn/projects/money-aikorea24/scripts/persona-publisher/transformer.py", line 5, in <module>
    import r2_upload
  File "/Users/twinssn/projects/money-aikorea24/scripts/persona-publisher/r2_upload.py", line 6, in <module>
    import boto3
ModuleNotFoundError: No module named 'boto3'
Traceback (most recent call last):
  File "/Users/twinssn/projects/money-aikorea24/scripts/persona-publisher/publisher.py", line 20, in <module>
    import transformer
  File "/Users/twinssn/projects/money-aikorea24/scripts/persona-publisher/transformer.py", line 5, in <module>
    import r2_upload
  File "/Users/twinssn/projects/money-aikorea24/scripts/persona-publisher/r2_upload.py", line 6, in <module>
    import boto3
ModuleNotFoundError: No module named 'boto3'
Traceback (most recent call last):
  File "/Users/twinssn/projects/money-aikorea24/scripts/persona-publisher/publisher.py", line 20, in <module>
    import transformer
  File "/Users/twinssn/projects/money-aikorea24/scripts/persona-publisher/transformer.py", line 5, in <module>
    import r2_upload
  File "/Users/twinssn/projects/money-aikorea24/scripts/persona-publisher/r2_upload.py", line 6, in <module>
    import boto3
ModuleNotFoundError: No module named 'boto3'
Traceback (most recent call last):
  File "/Users/twinssn/projects/money-aikorea24/scripts/persona-publisher/publisher.py", line 20, in <module>
    import transformer
  File "/Users/twinssn/projects/money-aikorea24/scripts/persona-publisher/transformer.py", line 5, in <module>
    import r2_upload
  File "/Users/twinssn/projects/money-aikorea24/scripts/persona-publisher/r2_upload.py", line 6, in <module>
    import boto3
ModuleNotFoundError: No module named 'boto3'
Traceback (most recent call last):
  File "/Users/twinssn/projects/money-aikorea24/scripts/persona-publisher/publisher.py", line 20, in <module>
    import transformer
  File "/Users/twinssn/projects/money-aikorea24/scripts/persona-publisher/transformer.py", line 5, in <module>
    import r2_upload
  File "/Users/twinssn/projects/money-aikorea24/scripts/persona-publisher/r2_upload.py", line 6, in <module>
    import boto3
ModuleNotFoundError: No module named 'boto3'
Traceback (most recent call last):
  File "/Users/twinssn/projects/money-aikorea24/scripts/persona-publisher/publisher.py", line 20, in <module>
    import transformer
  File "/Users/twinssn/projects/money-aikorea24/scripts/persona-publisher/transformer.py", line 5, in <module>
    import r2_upload
  File "/Users/twinssn/projects/money-aikorea24/scripts/persona-publisher/r2_upload.py", line 6, in <module>
    import boto3
ModuleNotFoundError: No module named 'boto3'
Traceback (most recent call last):
  File "/Users/twinssn/projects/money-aikorea24/scripts/persona-publisher/publisher.py", line 20, in <module>
    import transformer
  File "/Users/twinssn/projects/money-aikorea24/scripts/persona-publisher/transformer.py", line 5, in <module>
    import r2_upload
  File "/Users/twinssn/projects/money-aikorea24/scripts/persona-publisher/r2_upload.py", line 6, in <module>
    import boto3
ModuleNotFoundError: No module named 'boto3'
Traceback (most recent call last):
  File "/Users/twinssn/projects/money-aikorea24/scripts/persona-publisher/publisher.py", line 20, in <module>
    import transformer
  File "/Users/twinssn/projects/money-aikorea24/scripts/persona-publisher/transformer.py", line 5, in <module>
    import r2_upload
  File "/Users/twinssn/projects/money-aikorea24/scripts/persona-publisher/r2_upload.py", line 6, in <module>
    import boto3
ModuleNotFoundError: No module named 'boto3'
Traceback (most recent call last):
  File "/Users/twinssn/projects/money-aikorea24/scripts/persona-publisher/publisher.py", line 20, in <module>
    import transformer
  File "/Users/twinssn/projects/money-aikorea24/scripts/persona-publisher/transformer.py", line 5, in <module>
    import r2_upload
  File "/Users/twinssn/projects/money-aikorea24/scripts/persona-publisher/r2_upload.py", line 6, in <module>
    import boto3
ModuleNotFoundError: No module named 'boto3'
Traceback (most recent call last):
  File "/Users/twinssn/projects/money-aikorea24/scripts/persona-publisher/publisher.py", line 20, in <module>
    import transformer
  File "/Users/twinssn/projects/money-aikorea24/scripts/persona-publisher/transformer.py", line 5, in <module>
    import r2_upload
  File "/Users/twinssn/projects/money-aikorea24/scripts/persona-publisher/r2_upload.py", line 6, in <module>
    import boto3
ModuleNotFoundError: No module named 'boto3'
Traceback (most recent call last):
  File "/Users/twinssn/projects/money-aikorea24/scripts/persona-publisher/publisher.py", line 20, in <module>
    import transformer
  File "/Users/twinssn/projects/money-aikorea24/scripts/persona-publisher/transformer.py", line 5, in <module>
    import r2_upload
  File "/Users/twinssn/projects/money-aikorea24/scripts/persona-publisher/r2_upload.py", line 6, in <module>
    import boto3
ModuleNotFoundError: No module named 'boto3'
Traceback (most recent call last):
  File "/Users/twinssn/projects/money-aikorea24/scripts/persona-publisher/publisher.py", line 20, in <module>
    import transformer
  File "/Users/twinssn/projects/money-aikorea24/scripts/persona-publisher/transformer.py", line 5, in <module>
    import r2_upload
  File "/Users/twinssn/projects/money-aikorea24/scripts/persona-publisher/r2_upload.py", line 6, in <module>
    import boto3
ModuleNotFoundError: No module named 'boto3'
Traceback (most recent call last):
  File "/Users/twinssn/projects/money-aikorea24/scripts/persona-publisher/publisher.py", line 20, in <module>
    import transformer
  File "/Users/twinssn/projects/money-aikorea24/scripts/persona-publisher/transformer.py", line 5, in <module>
    import r2_upload
  File "/Users/twinssn/projects/money-aikorea24/scripts/persona-publisher/r2_upload.py", line 6, in <module>
    import boto3
ModuleNotFoundError: No module named 'boto3'
Traceback (most recent call last):
  File "/Users/twinssn/projects/money-aikorea24/scripts/persona-publisher/publisher.py", line 20, in <module>
    import transformer
  File "/Users/twinssn/projects/money-aikorea24/scripts/persona-publisher/transformer.py", line 5, in <module>
    import r2_upload
  File "/Users/twinssn/projects/money-aikorea24/scripts/persona-publisher/r2_upload.py", line 6, in <module>
    import boto3
ModuleNotFoundError: No module named 'boto3'
Traceback (most recent call last):
  File "/Users/twinssn/projects/money-aikorea24/scripts/persona-publisher/publisher.py", line 20, in <module>
    import transformer
  File "/Users/twinssn/projects/money-aikorea24/scripts/persona-publisher/transformer.py", line 5, in <module>
    import r2_upload
  File "/Users/twinssn/projects/money-aikorea24/scripts/persona-publisher/r2_upload.py", line 6, in <module>
    import boto3
ModuleNotFoundError: No module named 'boto3'
Traceback (most recent call last):
  File "/Users/twinssn/projects/money-aikorea24/scripts/persona-publisher/publisher.py", line 20, in <module>
    import transformer
  File "/Users/twinssn/projects/money-aikorea24/scripts/persona-publisher/transformer.py", line 5, in <module>
    import r2_upload
  File "/Users/twinssn/projects/money-aikorea24/scripts/persona-publisher/r2_upload.py", line 6, in <module>
    import boto3
ModuleNotFoundError: No module named 'boto3'
Traceback (most recent call last):
  File "/Users/twinssn/projects/money-aikorea24/scripts/persona-publisher/publisher.py", line 20, in <module>
    import transformer
  File "/Users/twinssn/projects/money-aikorea24/scripts/persona-publisher/transformer.py", line 5, in <module>
    import r2_upload
  File "/Users/twinssn/projects/money-aikorea24/scripts/persona-publisher/r2_upload.py", line 6, in <module>
    import boto3
ModuleNotFoundError: No module named 'boto3'
Traceback (most recent call last):
  File "/Users/twinssn/projects/money-aikorea24/scripts/persona-publisher/publisher.py", line 20, in <module>
    import transformer
  File "/Users/twinssn/projects/money-aikorea24/scripts/persona-publisher/transformer.py", line 5, in <module>
    import r2_upload
  File "/Users/twinssn/projects/money-aikorea24/scripts/persona-publisher/r2_upload.py", line 6, in <module>
    import boto3
ModuleNotFoundError: No module named 'boto3'
Traceback (most recent call last):
  File "/Users/twinssn/projects/money-aikorea24/scripts/persona-publisher/publisher.py", line 20, in <module>
    import transformer
  File "/Users/twinssn/projects/money-aikorea24/scripts/persona-publisher/transformer.py", line 5, in <module>
    import r2_upload
  File "/Users/twinssn/projects/money-aikorea24/scripts/persona-publisher/r2_upload.py", line 6, in <module>
    import boto3
ModuleNotFoundError: No module named 'boto3'
Traceback (most recent call last):
  File "/Users/twinssn/projects/money-aikorea24/scripts/persona-publisher/publisher.py", line 20, in <module>
    import transformer
  File "/Users/twinssn/projects/money-aikorea24/scripts/persona-publisher/transformer.py", line 5, in <module>
    import r2_upload
  File "/Users/twinssn/projects/money-aikorea24/scripts/persona-publisher/r2_upload.py", line 6, in <module>
    import boto3
ModuleNotFoundError: No module named 'boto3'
Traceback (most recent call last):
  File "/Users/twinssn/projects/money-aikorea24/scripts/persona-publisher/publisher.py", line 20, in <module>
    import transformer
  File "/Users/twinssn/projects/money-aikorea24/scripts/persona-publisher/transformer.py", line 5, in <module>
    import r2_upload
  File "/Users/twinssn/projects/money-aikorea24/scripts/persona-publisher/r2_upload.py", line 6, in <module>
    import boto3
ModuleNotFoundError: No module named 'boto3'
Traceback (most recent call last):
  File "/Users/twinssn/projects/money-aikorea24/scripts/persona-publisher/publisher.py", line 20, in <module>
    import transformer
  File "/Users/twinssn/projects/money-aikorea24/scripts/persona-publisher/transformer.py", line 5, in <module>
    import r2_upload
  File "/Users/twinssn/projects/money-aikorea24/scripts/persona-publisher/r2_upload.py", line 6, in <module>
    import boto3
ModuleNotFoundError: No module named 'boto3'
Traceback (most recent call last):
  File "/Users/twinssn/projects/money-aikorea24/scripts/persona-publisher/publisher.py", line 20, in <module>
    import transformer
  File "/Users/twinssn/projects/money-aikorea24/scripts/persona-publisher/transformer.py", line 5, in <module>
    import r2_upload
  File "/Users/twinssn/projects/money-aikorea24/scripts/persona-publisher/r2_upload.py", line 6, in <module>
    import boto3
ModuleNotFoundError: No module named 'boto3'
Traceback (most recent call last):
  File "/Users/twinssn/projects/money-aikorea24/scripts/persona-publisher/publisher.py", line 20, in <module>
    import transformer
  File "/Users/twinssn/projects/money-aikorea24/scripts/persona-publisher/transformer.py", line 5, in <module>
    import r2_upload
  File "/Users/twinssn/projects/money-aikorea24/scripts/persona-publisher/r2_upload.py", line 6, in <module>
    import boto3
ModuleNotFoundError: No module named 'boto3'
Traceback (most recent call last):
  File "/Users/twinssn/projects/money-aikorea24/scripts/persona-publisher/publisher.py", line 20, in <module>
    import transformer
  File "/Users/twinssn/projects/money-aikorea24/scripts/persona-publisher/transformer.py", line 5, in <module>
    import r2_upload
  File "/Users/twinssn/projects/money-aikorea24/scripts/persona-publisher/r2_upload.py", line 6, in <module>
    import boto3
ModuleNotFoundError: No module named 'boto3'
Traceback (most recent call last):
  File "/Users/twinssn/projects/money-aikorea24/scripts/persona-publisher/publisher.py", line 20, in <module>
    import transformer
  File "/Users/twinssn/projects/money-aikorea24/scripts/persona-publisher/transformer.py", line 5, in <module>
    import r2_upload
  File "/Users/twinssn/projects/money-aikorea24/scripts/persona-publisher/r2_upload.py", line 6, in <module>
    import boto3
ModuleNotFoundError: No module named 'boto3'
Traceback (most recent call last):
  File "/Users/twinssn/projects/money-aikorea24/scripts/persona-publisher/publisher.py", line 20, in <module>
    import transformer
  File "/Users/twinssn/projects/money-aikorea24/scripts/persona-publisher/transformer.py", line 5, in <module>
    import r2_upload
  File "/Users/twinssn/projects/money-aikorea24/scripts/persona-publisher/r2_upload.py", line 6, in <module>
    import boto3
ModuleNotFoundError: No module named 'boto3'
Traceback (most recent call last):
  File "/Users/twinssn/projects/money-aikorea24/scripts/persona-publisher/publisher.py", line 20, in <module>
    import transformer
  File "/Users/twinssn/projects/money-aikorea24/scripts/persona-publisher/transformer.py", line 5, in <module>
    import r2_upload
  File "/Users/twinssn/projects/money-aikorea24/scripts/persona-publisher/r2_upload.py", line 6, in <module>
    import boto3
ModuleNotFoundError: No module named 'boto3'
Traceback (most recent call last):
  File "/Users/twinssn/projects/money-aikorea24/scripts/persona-publisher/publisher.py", line 20, in <module>
    import transformer
  File "/Users/twinssn/projects/money-aikorea24/scripts/persona-publisher/transformer.py", line 5, in <module>
    import r2_upload
  File "/Users/twinssn/projects/money-aikorea24/scripts/persona-publisher/r2_upload.py", line 6, in <module>
    import boto3
ModuleNotFoundError: No module named 'boto3'
Traceback (most recent call last):
  File "/Users/twinssn/projects/money-aikorea24/scripts/persona-publisher/publisher.py", line 20, in <module>
    import transformer
  File "/Users/twinssn/projects/money-aikorea24/scripts/persona-publisher/transformer.py", line 5, in <module>
    import r2_upload
  File "/Users/twinssn/projects/money-aikorea24/scripts/persona-publisher/r2_upload.py", line 6, in <module>
    import boto3
ModuleNotFoundError: No module named 'boto3'
Traceback (most recent call last):
  File "/Users/twinssn/projects/money-aikorea24/scripts/persona-publisher/publisher.py", line 20, in <module>
    import transformer
  File "/Users/twinssn/projects/money-aikorea24/scripts/persona-publisher/transformer.py", line 5, in <module>
    import r2_upload
  File "/Users/twinssn/projects/money-aikorea24/scripts/persona-publisher/r2_upload.py", line 6, in <module>
    import boto3
ModuleNotFoundError: No module named 'boto3'
Traceback (most recent call last):
  File "/Users/twinssn/projects/money-aikorea24/scripts/persona-publisher/publisher.py", line 20, in <module>
    import transformer
  File "/Users/twinssn/projects/money-aikorea24/scripts/persona-publisher/transformer.py", line 5, in <module>
    import r2_upload
  File "/Users/twinssn/projects/money-aikorea24/scripts/persona-publisher/r2_upload.py", line 6, in <module>
    import boto3
ModuleNotFoundError: No module named 'boto3'
Traceback (most recent call last):
  File "/Users/twinssn/projects/money-aikorea24/scripts/persona-publisher/publisher.py", line 20, in <module>
    import transformer
  File "/Users/twinssn/projects/money-aikorea24/scripts/persona-publisher/transformer.py", line 5, in <module>
    import r2_upload
  File "/Users/twinssn/projects/money-aikorea24/scripts/persona-publisher/r2_upload.py", line 6, in <module>
    import boto3
ModuleNotFoundError: No module named 'boto3'
Traceback (most recent call last):
  File "/Users/twinssn/projects/money-aikorea24/scripts/persona-publisher/publisher.py", line 20, in <module>
    import transformer
  File "/Users/twinssn/projects/money-aikorea24/scripts/persona-publisher/transformer.py", line 5, in <module>
    import r2_upload
  File "/Users/twinssn/projects/money-aikorea24/scripts/persona-publisher/r2_upload.py", line 6, in <module>
    import boto3
ModuleNotFoundError: No module named 'boto3'
Traceback (most recent call last):
  File "/Users/twinssn/projects/money-aikorea24/scripts/persona-publisher/publisher.py", line 20, in <module>
    import transformer
  File "/Users/twinssn/projects/money-aikorea24/scripts/persona-publisher/transformer.py", line 5, in <module>
    import r2_upload
  File "/Users/twinssn/projects/money-aikorea24/scripts/persona-publisher/r2_upload.py", line 6, in <module>
    import boto3
ModuleNotFoundError: No module named 'boto3'
Traceback (most recent call last):
  File "/Users/twinssn/projects/money-aikorea24/scripts/persona-publisher/publisher.py", line 20, in <module>
    import transformer
  File "/Users/twinssn/projects/money-aikorea24/scripts/persona-publisher/transformer.py", line 5, in <module>
    import r2_upload
  File "/Users/twinssn/projects/money-aikorea24/scripts/persona-publisher/r2_upload.py", line 6, in <module>
    import boto3
ModuleNotFoundError: No module named 'boto3'
Traceback (most recent call last):
  File "/Users/twinssn/projects/money-aikorea24/scripts/persona-publisher/publisher.py", line 20, in <module>
    import transformer
  File "/Users/twinssn/projects/money-aikorea24/scripts/persona-publisher/transformer.py", line 5, in <module>
    import r2_upload
  File "/Users/twinssn/projects/money-aikorea24/scripts/persona-publisher/r2_upload.py", line 6, in <module>
    import boto3
ModuleNotFoundError: No module named 'boto3'
Traceback (most recent call last):
  File "/Users/twinssn/projects/money-aikorea24/scripts/persona-publisher/publisher.py", line 20, in <module>
    import transformer
  File "/Users/twinssn/projects/money-aikorea24/scripts/persona-publisher/transformer.py", line 5, in <module>
    import r2_upload
  File "/Users/twinssn/projects/money-aikorea24/scripts/persona-publisher/r2_upload.py", line 6, in <module>
    import boto3
ModuleNotFoundError: No module named 'boto3'
Traceback (most recent call last):
  File "/Users/twinssn/projects/money-aikorea24/scripts/persona-publisher/publisher.py", line 20, in <module>
    import transformer
  File "/Users/twinssn/projects/money-aikorea24/scripts/persona-publisher/transformer.py", line 5, in <module>
    import r2_upload
  File "/Users/twinssn/projects/money-aikorea24/scripts/persona-publisher/r2_upload.py", line 6, in <module>
    import boto3
ModuleNotFoundError: No module named 'boto3'
Traceback (most recent call last):
  File "/Users/twinssn/projects/money-aikorea24/scripts/persona-publisher/publisher.py", line 20, in <module>
    import transformer
  File "/Users/twinssn/projects/money-aikorea24/scripts/persona-publisher/transformer.py", line 5, in <module>
    import r2_upload
  File "/Users/twinssn/projects/money-aikorea24/scripts/persona-publisher/r2_upload.py", line 6, in <module>
    import boto3
ModuleNotFoundError: No module named 'boto3'
Traceback (most recent call last):
  File "/Users/twinssn/projects/money-aikorea24/scripts/persona-publisher/publisher.py", line 20, in <module>
    import transformer
  File "/Users/twinssn/projects/money-aikorea24/scripts/persona-publisher/transformer.py", line 5, in <module>
    import r2_upload
  File "/Users/twinssn/projects/money-aikorea24/scripts/persona-publisher/r2_upload.py", line 6, in <module>
    import boto3
ModuleNotFoundError: No module named 'boto3'
Traceback (most recent call last):
  File "/Users/twinssn/projects/money-aikorea24/scripts/persona-publisher/publisher.py", line 20, in <module>
    import transformer
  File "/Users/twinssn/projects/money-aikorea24/scripts/persona-publisher/transformer.py", line 5, in <module>
    import r2_upload
  File "/Users/twinssn/projects/money-aikorea24/scripts/persona-publisher/r2_upload.py", line 6, in <module>
    import boto3
ModuleNotFoundError: No module named 'boto3'
Traceback (most recent call last):
  File "/Users/twinssn/projects/money-aikorea24/scripts/persona-publisher/publisher.py", line 20, in <module>
    import transformer
  File "/Users/twinssn/projects/money-aikorea24/scripts/persona-publisher/transformer.py", line 5, in <module>
    import r2_upload
  File "/Users/twinssn/projects/money-aikorea24/scripts/persona-publisher/r2_upload.py", line 6, in <module>
    import boto3
ModuleNotFoundError: No module named 'boto3'
Traceback (most recent call last):
  File "/Users/twinssn/projects/money-aikorea24/scripts/persona-publisher/publisher.py", line 20, in <module>
    import transformer
  File "/Users/twinssn/projects/money-aikorea24/scripts/persona-publisher/transformer.py", line 5, in <module>
    import r2_upload
  File "/Users/twinssn/projects/money-aikorea24/scripts/persona-publisher/r2_upload.py", line 6, in <module>
    import boto3
ModuleNotFoundError: No module named 'boto3'
Traceback (most recent call last):
  File "/Users/twinssn/projects/money-aikorea24/scripts/persona-publisher/publisher.py", line 20, in <module>
    import transformer
  File "/Users/twinssn/projects/money-aikorea24/scripts/persona-publisher/transformer.py", line 5, in <module>
    import r2_upload
  File "/Users/twinssn/projects/money-aikorea24/scripts/persona-publisher/r2_upload.py", line 6, in <module>
    import boto3
ModuleNotFoundError: No module named 'boto3'
Traceback (most recent call last):
  File "/Users/twinssn/projects/money-aikorea24/scripts/persona-publisher/publisher.py", line 20, in <module>
    import transformer
  File "/Users/twinssn/projects/money-aikorea24/scripts/persona-publisher/transformer.py", line 5, in <module>
    import r2_upload
  File "/Users/twinssn/projects/money-aikorea24/scripts/persona-publisher/r2_upload.py", line 6, in <module>
    import boto3
ModuleNotFoundError: No module named 'boto3'
Traceback (most recent call last):
  File "/Users/twinssn/projects/money-aikorea24/scripts/persona-publisher/publisher.py", line 20, in <module>
    import transformer
  File "/Users/twinssn/projects/money-aikorea24/scripts/persona-publisher/transformer.py", line 5, in <module>
    import r2_upload
  File "/Users/twinssn/projects/money-aikorea24/scripts/persona-publisher/r2_upload.py", line 6, in <module>
    import boto3
ModuleNotFoundError: No module named 'boto3'
Traceback (most recent call last):
  File "/Users/twinssn/projects/money-aikorea24/scripts/persona-publisher/publisher.py", line 20, in <module>
    import transformer
  File "/Users/twinssn/projects/money-aikorea24/scripts/persona-publisher/transformer.py", line 5, in <module>
    import r2_upload
  File "/Users/twinssn/projects/money-aikorea24/scripts/persona-publisher/r2_upload.py", line 6, in <module>
    import boto3
ModuleNotFoundError: No module named 'boto3'
Traceback (most recent call last):
  File "/Users/twinssn/projects/money-aikorea24/scripts/persona-publisher/publisher.py", line 20, in <module>
    import transformer
  File "/Users/twinssn/projects/money-aikorea24/scripts/persona-publisher/transformer.py", line 5, in <module>
    import r2_upload
  File "/Users/twinssn/projects/money-aikorea24/scripts/persona-publisher/r2_upload.py", line 6, in <module>
    import boto3
ModuleNotFoundError: No module named 'boto3'
Traceback (most recent call last):
  File "/Users/twinssn/projects/money-aikorea24/scripts/persona-publisher/publisher.py", line 20, in <module>
    import transformer
  File "/Users/twinssn/projects/money-aikorea24/scripts/persona-publisher/transformer.py", line 5, in <module>
    import r2_upload
  File "/Users/twinssn/projects/money-aikorea24/scripts/persona-publisher/r2_upload.py", line 6, in <module>
    import boto3
ModuleNotFoundError: No module named 'boto3'
Traceback (most recent call last):
  File "/Users/twinssn/projects/money-aikorea24/scripts/persona-publisher/publisher.py", line 20, in <module>
    import transformer
  File "/Users/twinssn/projects/money-aikorea24/scripts/persona-publisher/transformer.py", line 5, in <module>
    import r2_upload
  File "/Users/twinssn/projects/money-aikorea24/scripts/persona-publisher/r2_upload.py", line 6, in <module>
    import boto3
ModuleNotFoundError: No module named 'boto3'
Traceback (most recent call last):
  File "/Users/twinssn/projects/money-aikorea24/scripts/persona-publisher/publisher.py", line 20, in <module>
    import transformer
  File "/Users/twinssn/projects/money-aikorea24/scripts/persona-publisher/transformer.py", line 5, in <module>
    import r2_upload
  File "/Users/twinssn/projects/money-aikorea24/scripts/persona-publisher/r2_upload.py", line 6, in <module>
    import boto3
ModuleNotFoundError: No module named 'boto3'
Traceback (most recent call last):
  File "/Users/twinssn/projects/money-aikorea24/scripts/persona-publisher/publisher.py", line 20, in <module>
    import transformer
  File "/Users/twinssn/projects/money-aikorea24/scripts/persona-publisher/transformer.py", line 5, in <module>
    import r2_upload
  File "/Users/twinssn/projects/money-aikorea24/scripts/persona-publisher/r2_upload.py", line 6, in <module>
    import boto3
ModuleNotFoundError: No module named 'boto3'
Traceback (most recent call last):
  File "/Users/twinssn/projects/money-aikorea24/scripts/persona-publisher/publisher.py", line 20, in <module>
    import transformer
  File "/Users/twinssn/projects/money-aikorea24/scripts/persona-publisher/transformer.py", line 5, in <module>
    import r2_upload
  File "/Users/twinssn/projects/money-aikorea24/scripts/persona-publisher/r2_upload.py", line 6, in <module>
    import boto3
ModuleNotFoundError: No module named 'boto3'
Traceback (most recent call last):
  File "/Users/twinssn/projects/money-aikorea24/scripts/persona-publisher/publisher.py", line 20, in <module>
    import transformer
  File "/Users/twinssn/projects/money-aikorea24/scripts/persona-publisher/transformer.py", line 5, in <module>
    import r2_upload
  File "/Users/twinssn/projects/money-aikorea24/scripts/persona-publisher/r2_upload.py", line 6, in <module>
    import boto3
ModuleNotFoundError: No module named 'boto3'
Traceback (most recent call last):
  File "/Users/twinssn/projects/money-aikorea24/scripts/persona-publisher/publisher.py", line 20, in <module>
    import transformer
  File "/Users/twinssn/projects/money-aikorea24/scripts/persona-publisher/transformer.py", line 5, in <module>
    import r2_upload
  File "/Users/twinssn/projects/money-aikorea24/scripts/persona-publisher/r2_upload.py", line 6, in <module>
    import boto3
ModuleNotFoundError: No module named 'boto3'
Traceback (most recent call last):
  File "/Users/twinssn/projects/money-aikorea24/scripts/persona-publisher/publisher.py", line 20, in <module>
    import transformer
  File "/Users/twinssn/projects/money-aikorea24/scripts/persona-publisher/transformer.py", line 5, in <module>
    import r2_upload
  File "/Users/twinssn/projects/money-aikorea24/scripts/persona-publisher/r2_upload.py", line 6, in <module>
    import boto3
ModuleNotFoundError: No module named 'boto3'
Traceback (most recent call last):
  File "/Users/twinssn/projects/money-aikorea24/scripts/persona-publisher/publisher.py", line 20, in <module>
    import transformer
  File "/Users/twinssn/projects/money-aikorea24/scripts/persona-publisher/transformer.py", line 5, in <module>
    import r2_upload
  File "/Users/twinssn/projects/money-aikorea24/scripts/persona-publisher/r2_upload.py", line 6, in <module>
    import boto3
ModuleNotFoundError: No module named 'boto3'
Traceback (most recent call last):
  File "/Users/twinssn/projects/money-aikorea24/scripts/persona-publisher/publisher.py", line 20, in <module>
    import transformer
  File "/Users/twinssn/projects/money-aikorea24/scripts/persona-publisher/transformer.py", line 5, in <module>
    import r2_upload
  File "/Users/twinssn/projects/money-aikorea24/scripts/persona-publisher/r2_upload.py", line 6, in <module>
    import boto3
ModuleNotFoundError: No module named 'boto3'
Traceback (most recent call last):
  File "/Users/twinssn/projects/money-aikorea24/scripts/persona-publisher/publisher.py", line 20, in <module>
    import transformer
  File "/Users/twinssn/projects/money-aikorea24/scripts/persona-publisher/transformer.py", line 5, in <module>
    import r2_upload
  File "/Users/twinssn/projects/money-aikorea24/scripts/persona-publisher/r2_upload.py", line 6, in <module>
    import boto3
ModuleNotFoundError: No module named 'boto3'
Traceback (most recent call last):
  File "/Users/twinssn/projects/money-aikorea24/scripts/persona-publisher/publisher.py", line 20, in <module>
    import transformer
  File "/Users/twinssn/projects/money-aikorea24/scripts/persona-publisher/transformer.py", line 5, in <module>
    import r2_upload
  File "/Users/twinssn/projects/money-aikorea24/scripts/persona-publisher/r2_upload.py", line 6, in <module>
    import boto3
ModuleNotFoundError: No module named 'boto3'
Traceback (most recent call last):
  File "/Users/twinssn/projects/money-aikorea24/scripts/persona-publisher/publisher.py", line 20, in <module>
    import transformer
  File "/Users/twinssn/projects/money-aikorea24/scripts/persona-publisher/transformer.py", line 5, in <module>
    import r2_upload
  File "/Users/twinssn/projects/money-aikorea24/scripts/persona-publisher/r2_upload.py", line 6, in <module>
    import boto3
ModuleNotFoundError: No module named 'boto3'
Traceback (most recent call last):
  File "/Users/twinssn/projects/money-aikorea24/scripts/persona-publisher/publisher.py", line 20, in <module>
    import transformer
  File "/Users/twinssn/projects/money-aikorea24/scripts/persona-publisher/transformer.py", line 5, in <module>
    import r2_upload
  File "/Users/twinssn/projects/money-aikorea24/scripts/persona-publisher/r2_upload.py", line 6, in <module>
    import boto3
ModuleNotFoundError: No module named 'boto3'
Traceback (most recent call last):
  File "/Users/twinssn/projects/money-aikorea24/scripts/persona-publisher/publisher.py", line 20, in <module>
    import transformer
  File "/Users/twinssn/projects/money-aikorea24/scripts/persona-publisher/transformer.py", line 5, in <module>
    import r2_upload
  File "/Users/twinssn/projects/money-aikorea24/scripts/persona-publisher/r2_upload.py", line 6, in <module>
    import boto3
ModuleNotFoundError: No module named 'boto3'
Traceback (most recent call last):
  File "/Users/twinssn/projects/money-aikorea24/scripts/persona-publisher/publisher.py", line 20, in <module>
    import transformer
  File "/Users/twinssn/projects/money-aikorea24/scripts/persona-publisher/transformer.py", line 5, in <module>
    import r2_upload
  File "/Users/twinssn/projects/money-aikorea24/scripts/persona-publisher/r2_upload.py", line 6, in <module>
    import boto3
ModuleNotFoundError: No module named 'boto3'
Traceback (most recent call last):
  File "/Users/twinssn/projects/money-aikorea24/scripts/persona-publisher/publisher.py", line 20, in <module>
    import transformer
  File "/Users/twinssn/projects/money-aikorea24/scripts/persona-publisher/transformer.py", line 5, in <module>
    import r2_upload
  File "/Users/twinssn/projects/money-aikorea24/scripts/persona-publisher/r2_upload.py", line 6, in <module>
    import boto3
ModuleNotFoundError: No module named 'boto3'
Traceback (most recent call last):
  File "/Users/twinssn/projects/money-aikorea24/scripts/persona-publisher/publisher.py", line 20, in <module>
    import transformer
  File "/Users/twinssn/projects/money-aikorea24/scripts/persona-publisher/transformer.py", line 5, in <module>
    import r2_upload
  File "/Users/twinssn/projects/money-aikorea24/scripts/persona-publisher/r2_upload.py", line 6, in <module>
    import boto3
ModuleNotFoundError: No module named 'boto3'
Traceback (most recent call last):
  File "/Users/twinssn/projects/money-aikorea24/scripts/persona-publisher/publisher.py", line 20, in <module>
    import transformer
  File "/Users/twinssn/projects/money-aikorea24/scripts/persona-publisher/transformer.py", line 5, in <module>
    import r2_upload
  File "/Users/twinssn/projects/money-aikorea24/scripts/persona-publisher/r2_upload.py", line 6, in <module>
    import boto3
ModuleNotFoundError: No module named 'boto3'
Traceback (most recent call last):
  File "/Users/twinssn/projects/money-aikorea24/scripts/persona-publisher/publisher.py", line 20, in <module>
    import transformer
  File "/Users/twinssn/projects/money-aikorea24/scripts/persona-publisher/transformer.py", line 5, in <module>
    import r2_upload
  File "/Users/twinssn/projects/money-aikorea24/scripts/persona-publisher/r2_upload.py", line 6, in <module>
    import boto3
ModuleNotFoundError: No module named 'boto3'
Traceback (most recent call last):
  File "/Users/twinssn/projects/money-aikorea24/scripts/persona-publisher/publisher.py", line 20, in <module>
    import transformer
  File "/Users/twinssn/projects/money-aikorea24/scripts/persona-publisher/transformer.py", line 5, in <module>
    import r2_upload
  File "/Users/twinssn/projects/money-aikorea24/scripts/persona-publisher/r2_upload.py", line 6, in <module>
    import boto3
ModuleNotFoundError: No module named 'boto3'
Traceback (most recent call last):
  File "/Users/twinssn/projects/money-aikorea24/scripts/persona-publisher/publisher.py", line 20, in <module>
    import transformer
  File "/Users/twinssn/projects/money-aikorea24/scripts/persona-publisher/transformer.py", line 5, in <module>
    import r2_upload
  File "/Users/twinssn/projects/money-aikorea24/scripts/persona-publisher/r2_upload.py", line 6, in <module>
    import boto3
ModuleNotFoundError: No module named 'boto3'
Traceback (most recent call last):
  File "/Users/twinssn/projects/money-aikorea24/scripts/persona-publisher/publisher.py", line 20, in <module>
    import transformer
  File "/Users/twinssn/projects/money-aikorea24/scripts/persona-publisher/transformer.py", line 5, in <module>
    import r2_upload
  File "/Users/twinssn/projects/money-aikorea24/scripts/persona-publisher/r2_upload.py", line 6, in <module>
    import boto3
ModuleNotFoundError: No module named 'boto3'
Traceback (most recent call last):
  File "/Users/twinssn/projects/money-aikorea24/scripts/persona-publisher/publisher.py", line 20, in <module>
    import transformer
  File "/Users/twinssn/projects/money-aikorea24/scripts/persona-publisher/transformer.py", line 5, in <module>
    import r2_upload
  File "/Users/twinssn/projects/money-aikorea24/scripts/persona-publisher/r2_upload.py", line 6, in <module>
    import boto3
ModuleNotFoundError: No module named 'boto3'
Traceback (most recent call last):
  File "/Users/twinssn/projects/money-aikorea24/scripts/persona-publisher/publisher.py", line 20, in <module>
    import transformer
  File "/Users/twinssn/projects/money-aikorea24/scripts/persona-publisher/transformer.py", line 5, in <module>
    import r2_upload
  File "/Users/twinssn/projects/money-aikorea24/scripts/persona-publisher/r2_upload.py", line 6, in <module>
    import boto3
ModuleNotFoundError: No module named 'boto3'
Traceback (most recent call last):
  File "/Users/twinssn/projects/money-aikorea24/scripts/persona-publisher/publisher.py", line 20, in <module>
    import transformer
  File "/Users/twinssn/projects/money-aikorea24/scripts/persona-publisher/transformer.py", line 5, in <module>
    import r2_upload
  File "/Users/twinssn/projects/money-aikorea24/scripts/persona-publisher/r2_upload.py", line 6, in <module>
    import boto3
ModuleNotFoundError: No module named 'boto3'
Traceback (most recent call last):
  File "/Users/twinssn/projects/money-aikorea24/scripts/persona-publisher/publisher.py", line 20, in <module>
    import transformer
  File "/Users/twinssn/projects/money-aikorea24/scripts/persona-publisher/transformer.py", line 5, in <module>
    import r2_upload
  File "/Users/twinssn/projects/money-aikorea24/scripts/persona-publisher/r2_upload.py", line 6, in <module>
    import boto3
ModuleNotFoundError: No module named 'boto3'
Traceback (most recent call last):
  File "/Users/twinssn/projects/money-aikorea24/scripts/persona-publisher/publisher.py", line 20, in <module>
    import transformer
  File "/Users/twinssn/projects/money-aikorea24/scripts/persona-publisher/transformer.py", line 5, in <module>
    import r2_upload
  File "/Users/twinssn/projects/money-aikorea24/scripts/persona-publisher/r2_upload.py", line 6, in <module>
    import boto3
ModuleNotFoundError: No module named 'boto3'
Traceback (most recent call last):
  File "/Users/twinssn/projects/money-aikorea24/scripts/persona-publisher/publisher.py", line 20, in <module>
    import transformer
  File "/Users/twinssn/projects/money-aikorea24/scripts/persona-publisher/transformer.py", line 5, in <module>
    import r2_upload
  File "/Users/twinssn/projects/money-aikorea24/scripts/persona-publisher/r2_upload.py", line 6, in <module>
    import boto3
ModuleNotFoundError: No module named 'boto3'
Traceback (most recent call last):
  File "/Users/twinssn/projects/money-aikorea24/scripts/persona-publisher/publisher.py", line 20, in <module>
    import transformer
  File "/Users/twinssn/projects/money-aikorea24/scripts/persona-publisher/transformer.py", line 5, in <module>
    import r2_upload
  File "/Users/twinssn/projects/money-aikorea24/scripts/persona-publisher/r2_upload.py", line 6, in <module>
    import boto3
ModuleNotFoundError: No module named 'boto3'
Traceback (most recent call last):
  File "/Users/twinssn/projects/money-aikorea24/scripts/persona-publisher/publisher.py", line 20, in <module>
    import transformer
  File "/Users/twinssn/projects/money-aikorea24/scripts/persona-publisher/transformer.py", line 5, in <module>
    import r2_upload
  File "/Users/twinssn/projects/money-aikorea24/scripts/persona-publisher/r2_upload.py", line 6, in <module>
    import boto3
ModuleNotFoundError: No module named 'boto3'
Traceback (most recent call last):
  File "/Users/twinssn/projects/money-aikorea24/scripts/persona-publisher/publisher.py", line 20, in <module>
    import transformer
  File "/Users/twinssn/projects/money-aikorea24/scripts/persona-publisher/transformer.py", line 5, in <module>
    import r2_upload
  File "/Users/twinssn/projects/money-aikorea24/scripts/persona-publisher/r2_upload.py", line 6, in <module>
    import boto3
ModuleNotFoundError: No module named 'boto3'
Traceback (most recent call last):
  File "/Users/twinssn/projects/money-aikorea24/scripts/persona-publisher/publisher.py", line 20, in <module>
    import transformer
  File "/Users/twinssn/projects/money-aikorea24/scripts/persona-publisher/transformer.py", line 5, in <module>
    import r2_upload
  File "/Users/twinssn/projects/money-aikorea24/scripts/persona-publisher/r2_upload.py", line 6, in <module>
    import boto3
ModuleNotFoundError: No module named 'boto3'
Traceback (most recent call last):
  File "/Users/twinssn/projects/money-aikorea24/scripts/persona-publisher/publisher.py", line 20, in <module>
    import transformer
  File "/Users/twinssn/projects/money-aikorea24/scripts/persona-publisher/transformer.py", line 5, in <module>
    import r2_upload
  File "/Users/twinssn/projects/money-aikorea24/scripts/persona-publisher/r2_upload.py", line 6, in <module>
    import boto3
ModuleNotFoundError: No module named 'boto3'
Traceback (most recent call last):
  File "/Users/twinssn/projects/money-aikorea24/scripts/persona-publisher/publisher.py", line 20, in <module>
    import transformer
  File "/Users/twinssn/projects/money-aikorea24/scripts/persona-publisher/transformer.py", line 5, in <module>
    import r2_upload
  File "/Users/twinssn/projects/money-aikorea24/scripts/persona-publisher/r2_upload.py", line 6, in <module>
    import boto3
ModuleNotFoundError: No module named 'boto3'
Traceback (most recent call last):
  File "/Users/twinssn/projects/money-aikorea24/scripts/persona-publisher/publisher.py", line 20, in <module>
    import transformer
  File "/Users/twinssn/projects/money-aikorea24/scripts/persona-publisher/transformer.py", line 5, in <module>
    import r2_upload
  File "/Users/twinssn/projects/money-aikorea24/scripts/persona-publisher/r2_upload.py", line 6, in <module>
    import boto3
ModuleNotFoundError: No module named 'boto3'
Traceback (most recent call last):
  File "/Users/twinssn/projects/money-aikorea24/scripts/persona-publisher/publisher.py", line 20, in <module>
    import transformer
  File "/Users/twinssn/projects/money-aikorea24/scripts/persona-publisher/transformer.py", line 5, in <module>
    import r2_upload
  File "/Users/twinssn/projects/money-aikorea24/scripts/persona-publisher/r2_upload.py", line 6, in <module>
    import boto3
ModuleNotFoundError: No module named 'boto3'
Traceback (most recent call last):
  File "/Users/twinssn/projects/money-aikorea24/scripts/persona-publisher/publisher.py", line 20, in <module>
    import transformer
  File "/Users/twinssn/projects/money-aikorea24/scripts/persona-publisher/transformer.py", line 5, in <module>
    import r2_upload
  File "/Users/twinssn/projects/money-aikorea24/scripts/persona-publisher/r2_upload.py", line 6, in <module>
    import boto3
ModuleNotFoundError: No module named 'boto3'
Traceback (most recent call last):
  File "/Users/twinssn/projects/money-aikorea24/scripts/persona-publisher/publisher.py", line 20, in <module>
    import transformer
  File "/Users/twinssn/projects/money-aikorea24/scripts/persona-publisher/transformer.py", line 5, in <module>
    import r2_upload
  File "/Users/twinssn/projects/money-aikorea24/scripts/persona-publisher/r2_upload.py", line 6, in <module>
    import boto3
ModuleNotFoundError: No module named 'boto3'
Traceback (most recent call last):
  File "/Users/twinssn/projects/money-aikorea24/scripts/persona-publisher/publisher.py", line 20, in <module>
    import transformer
  File "/Users/twinssn/projects/money-aikorea24/scripts/persona-publisher/transformer.py", line 5, in <module>
    import r2_upload
  File "/Users/twinssn/projects/money-aikorea24/scripts/persona-publisher/r2_upload.py", line 6, in <module>
    import boto3
ModuleNotFoundError: No module named 'boto3'
Traceback (most recent call last):
  File "/Users/twinssn/projects/money-aikorea24/scripts/persona-publisher/publisher.py", line 20, in <module>
    import transformer
  File "/Users/twinssn/projects/money-aikorea24/scripts/persona-publisher/transformer.py", line 5, in <module>
    import r2_upload
  File "/Users/twinssn/projects/money-aikorea24/scripts/persona-publisher/r2_upload.py", line 6, in <module>
    import boto3
ModuleNotFoundError: No module named 'boto3'
Traceback (most recent call last):
  File "/Users/twinssn/projects/money-aikorea24/scripts/persona-publisher/publisher.py", line 20, in <module>
    import transformer
  File "/Users/twinssn/projects/money-aikorea24/scripts/persona-publisher/transformer.py", line 5, in <module>
    import r2_upload
  File "/Users/twinssn/projects/money-aikorea24/scripts/persona-publisher/r2_upload.py", line 6, in <module>
    import boto3
ModuleNotFoundError: No module named 'boto3'
Traceback (most recent call last):
  File "/Users/twinssn/projects/money-aikorea24/scripts/persona-publisher/publisher.py", line 20, in <module>
    import transformer
  File "/Users/twinssn/projects/money-aikorea24/scripts/persona-publisher/transformer.py", line 5, in <module>
    import r2_upload
  File "/Users/twinssn/projects/money-aikorea24/scripts/persona-publisher/r2_upload.py", line 6, in <module>
    import boto3
ModuleNotFoundError: No module named 'boto3'
Traceback (most recent call last):
  File "/Users/twinssn/projects/money-aikorea24/scripts/persona-publisher/publisher.py", line 20, in <module>
    import transformer
  File "/Users/twinssn/projects/money-aikorea24/scripts/persona-publisher/transformer.py", line 5, in <module>
    import r2_upload
  File "/Users/twinssn/projects/money-aikorea24/scripts/persona-publisher/r2_upload.py", line 6, in <module>
    import boto3
ModuleNotFoundError: No module named 'boto3'
Traceback (most recent call last):
  File "/Users/twinssn/projects/money-aikorea24/scripts/persona-publisher/publisher.py", line 20, in <module>
    import transformer
  File "/Users/twinssn/projects/money-aikorea24/scripts/persona-publisher/transformer.py", line 5, in <module>
    import r2_upload
  File "/Users/twinssn/projects/money-aikorea24/scripts/persona-publisher/r2_upload.py", line 6, in <module>
    import boto3
ModuleNotFoundError: No module named 'boto3'
Traceback (most recent call last):
  File "/Users/twinssn/projects/money-aikorea24/scripts/persona-publisher/publisher.py", line 20, in <module>
    import transformer
  File "/Users/twinssn/projects/money-aikorea24/scripts/persona-publisher/transformer.py", line 5, in <module>
    import r2_upload
  File "/Users/twinssn/projects/money-aikorea24/scripts/persona-publisher/r2_upload.py", line 6, in <module>
    import boto3
ModuleNotFoundError: No module named 'boto3'
Traceback (most recent call last):
  File "/Users/twinssn/projects/money-aikorea24/scripts/persona-publisher/publisher.py", line 20, in <module>
    import transformer
  File "/Users/twinssn/projects/money-aikorea24/scripts/persona-publisher/transformer.py", line 5, in <module>
    import r2_upload
  File "/Users/twinssn/projects/money-aikorea24/scripts/persona-publisher/r2_upload.py", line 6, in <module>
    import boto3
ModuleNotFoundError: No module named 'boto3'
Traceback (most recent call last):
  File "/Users/twinssn/projects/money-aikorea24/scripts/persona-publisher/publisher.py", line 20, in <module>
    import transformer
  File "/Users/twinssn/projects/money-aikorea24/scripts/persona-publisher/transformer.py", line 5, in <module>
    import r2_upload
  File "/Users/twinssn/projects/money-aikorea24/scripts/persona-publisher/r2_upload.py", line 6, in <module>
    import boto3
ModuleNotFoundError: No module named 'boto3'
Traceback (most recent call last):
  File "/Users/twinssn/projects/money-aikorea24/scripts/persona-publisher/publisher.py", line 20, in <module>
    import transformer
  File "/Users/twinssn/projects/money-aikorea24/scripts/persona-publisher/transformer.py", line 5, in <module>
    import r2_upload
  File "/Users/twinssn/projects/money-aikorea24/scripts/persona-publisher/r2_upload.py", line 6, in <module>
    import boto3
ModuleNotFoundError: No module named 'boto3'
Traceback (most recent call last):
  File "/Users/twinssn/projects/money-aikorea24/scripts/persona-publisher/publisher.py", line 20, in <module>
    import transformer
  File "/Users/twinssn/projects/money-aikorea24/scripts/persona-publisher/transformer.py", line 5, in <module>
    import r2_upload
  File "/Users/twinssn/projects/money-aikorea24/scripts/persona-publisher/r2_upload.py", line 6, in <module>
    import boto3
ModuleNotFoundError: No module named 'boto3'
Traceback (most recent call last):
  File "/Users/twinssn/projects/money-aikorea24/scripts/persona-publisher/publisher.py", line 20, in <module>
    import transformer
  File "/Users/twinssn/projects/money-aikorea24/scripts/persona-publisher/transformer.py", line 5, in <module>
    import r2_upload
  File "/Users/twinssn/projects/money-aikorea24/scripts/persona-publisher/r2_upload.py", line 6, in <module>
    import boto3
ModuleNotFoundError: No module named 'boto3'
Traceback (most recent call last):
  File "/Users/twinssn/projects/money-aikorea24/scripts/persona-publisher/publisher.py", line 20, in <module>
    import transformer
  File "/Users/twinssn/projects/money-aikorea24/scripts/persona-publisher/transformer.py", line 5, in <module>
    import r2_upload
  File "/Users/twinssn/projects/money-aikorea24/scripts/persona-publisher/r2_upload.py", line 6, in <module>
    import boto3
ModuleNotFoundError: No module named 'boto3'
Traceback (most recent call last):
  File "/Users/twinssn/projects/money-aikorea24/scripts/persona-publisher/publisher.py", line 20, in <module>
    import transformer
  File "/Users/twinssn/projects/money-aikorea24/scripts/persona-publisher/transformer.py", line 5, in <module>
    import r2_upload
  File "/Users/twinssn/projects/money-aikorea24/scripts/persona-publisher/r2_upload.py", line 6, in <module>
    import boto3
ModuleNotFoundError: No module named 'boto3'
Traceback (most recent call last):
  File "/Users/twinssn/projects/money-aikorea24/scripts/persona-publisher/publisher.py", line 20, in <module>
    import transformer
  File "/Users/twinssn/projects/money-aikorea24/scripts/persona-publisher/transformer.py", line 5, in <module>
    import r2_upload
  File "/Users/twinssn/projects/money-aikorea24/scripts/persona-publisher/r2_upload.py", line 6, in <module>
    import boto3
ModuleNotFoundError: No module named 'boto3'
Traceback (most recent call last):
  File "/Users/twinssn/projects/money-aikorea24/scripts/persona-publisher/publisher.py", line 20, in <module>
    import transformer
  File "/Users/twinssn/projects/money-aikorea24/scripts/persona-publisher/transformer.py", line 5, in <module>
    import r2_upload
  File "/Users/twinssn/projects/money-aikorea24/scripts/persona-publisher/r2_upload.py", line 6, in <module>
    import boto3
ModuleNotFoundError: No module named 'boto3'
Traceback (most recent call last):
  File "/Users/twinssn/projects/money-aikorea24/scripts/persona-publisher/publisher.py", line 20, in <module>
    import transformer
  File "/Users/twinssn/projects/money-aikorea24/scripts/persona-publisher/transformer.py", line 5, in <module>
    import r2_upload
  File "/Users/twinssn/projects/money-aikorea24/scripts/persona-publisher/r2_upload.py", line 6, in <module>
    import boto3
ModuleNotFoundError: No module named 'boto3'
Traceback (most recent call last):
  File "/Users/twinssn/projects/money-aikorea24/scripts/persona-publisher/publisher.py", line 20, in <module>
    import transformer
  File "/Users/twinssn/projects/money-aikorea24/scripts/persona-publisher/transformer.py", line 5, in <module>
    import r2_upload
  File "/Users/twinssn/projects/money-aikorea24/scripts/persona-publisher/r2_upload.py", line 6, in <module>
    import boto3
ModuleNotFoundError: No module named 'boto3'
Traceback (most recent call last):
  File "/Users/twinssn/projects/money-aikorea24/scripts/persona-publisher/publisher.py", line 20, in <module>
    import transformer
  File "/Users/twinssn/projects/money-aikorea24/scripts/persona-publisher/transformer.py", line 5, in <module>
    import r2_upload
  File "/Users/twinssn/projects/money-aikorea24/scripts/persona-publisher/r2_upload.py", line 6, in <module>
    import boto3
ModuleNotFoundError: No module named 'boto3'
Traceback (most recent call last):
  File "/Users/twinssn/projects/money-aikorea24/scripts/persona-publisher/publisher.py", line 20, in <module>
    import transformer
  File "/Users/twinssn/projects/money-aikorea24/scripts/persona-publisher/transformer.py", line 5, in <module>
    import r2_upload
  File "/Users/twinssn/projects/money-aikorea24/scripts/persona-publisher/r2_upload.py", line 6, in <module>
    import boto3
ModuleNotFoundError: No module named 'boto3'
Traceback (most recent call last):
  File "/Users/twinssn/projects/money-aikorea24/scripts/persona-publisher/publisher.py", line 20, in <module>
    import transformer
  File "/Users/twinssn/projects/money-aikorea24/scripts/persona-publisher/transformer.py", line 5, in <module>
    import r2_upload
  File "/Users/twinssn/projects/money-aikorea24/scripts/persona-publisher/r2_upload.py", line 6, in <module>
    import boto3
ModuleNotFoundError: No module named 'boto3'
Traceback (most recent call last):
  File "/Users/twinssn/projects/money-aikorea24/scripts/persona-publisher/publisher.py", line 20, in <module>
    import transformer
  File "/Users/twinssn/projects/money-aikorea24/scripts/persona-publisher/transformer.py", line 5, in <module>
    import r2_upload
  File "/Users/twinssn/projects/money-aikorea24/scripts/persona-publisher/r2_upload.py", line 6, in <module>
    import boto3
ModuleNotFoundError: No module named 'boto3'
Traceback (most recent call last):
  File "/Users/twinssn/projects/money-aikorea24/scripts/persona-publisher/publisher.py", line 20, in <module>
    import transformer
  File "/Users/twinssn/projects/money-aikorea24/scripts/persona-publisher/transformer.py", line 5, in <module>
    import r2_upload
  File "/Users/twinssn/projects/money-aikorea24/scripts/persona-publisher/r2_upload.py", line 6, in <module>
    import boto3
ModuleNotFoundError: No module named 'boto3'
Traceback (most recent call last):
  File "/Users/twinssn/projects/money-aikorea24/scripts/persona-publisher/publisher.py", line 20, in <module>
    import transformer
  File "/Users/twinssn/projects/money-aikorea24/scripts/persona-publisher/transformer.py", line 5, in <module>
    import r2_upload
  File "/Users/twinssn/projects/money-aikorea24/scripts/persona-publisher/r2_upload.py", line 6, in <module>
    import boto3
ModuleNotFoundError: No module named 'boto3'
Traceback (most recent call last):
  File "/Users/twinssn/projects/money-aikorea24/scripts/persona-publisher/publisher.py", line 20, in <module>
    import transformer
  File "/Users/twinssn/projects/money-aikorea24/scripts/persona-publisher/transformer.py", line 5, in <module>
    import r2_upload
  File "/Users/twinssn/projects/money-aikorea24/scripts/persona-publisher/r2_upload.py", line 6, in <module>
    import boto3
ModuleNotFoundError: No module named 'boto3'
Traceback (most recent call last):
  File "/Users/twinssn/projects/money-aikorea24/scripts/persona-publisher/publisher.py", line 20, in <module>
    import transformer
  File "/Users/twinssn/projects/money-aikorea24/scripts/persona-publisher/transformer.py", line 5, in <module>
    import r2_upload
  File "/Users/twinssn/projects/money-aikorea24/scripts/persona-publisher/r2_upload.py", line 6, in <module>
    import boto3
ModuleNotFoundError: No module named 'boto3'
Traceback (most recent call last):
  File "/Users/twinssn/projects/money-aikorea24/scripts/persona-publisher/publisher.py", line 20, in <module>
    import transformer
  File "/Users/twinssn/projects/money-aikorea24/scripts/persona-publisher/transformer.py", line 5, in <module>
    import r2_upload
  File "/Users/twinssn/projects/money-aikorea24/scripts/persona-publisher/r2_upload.py", line 6, in <module>
    import boto3
ModuleNotFoundError: No module named 'boto3'
Traceback (most recent call last):
  File "/Users/twinssn/projects/money-aikorea24/scripts/persona-publisher/publisher.py", line 20, in <module>
    import transformer
  File "/Users/twinssn/projects/money-aikorea24/scripts/persona-publisher/transformer.py", line 5, in <module>
    import r2_upload
  File "/Users/twinssn/projects/money-aikorea24/scripts/persona-publisher/r2_upload.py", line 6, in <module>
    import boto3
ModuleNotFoundError: No module named 'boto3'
Traceback (most recent call last):
  File "/Users/twinssn/projects/money-aikorea24/scripts/persona-publisher/publisher.py", line 20, in <module>
    import transformer
  File "/Users/twinssn/projects/money-aikorea24/scripts/persona-publisher/transformer.py", line 5, in <module>
    import r2_upload
  File "/Users/twinssn/projects/money-aikorea24/scripts/persona-publisher/r2_upload.py", line 6, in <module>
    import boto3
ModuleNotFoundError: No module named 'boto3'
Traceback (most recent call last):
  File "/Users/twinssn/projects/money-aikorea24/scripts/persona-publisher/publisher.py", line 20, in <module>
    import transformer
  File "/Users/twinssn/projects/money-aikorea24/scripts/persona-publisher/transformer.py", line 5, in <module>
    import r2_upload
  File "/Users/twinssn/projects/money-aikorea24/scripts/persona-publisher/r2_upload.py", line 6, in <module>
    import boto3
ModuleNotFoundError: No module named 'boto3'
Traceback (most recent call last):
  File "/Users/twinssn/projects/money-aikorea24/scripts/persona-publisher/publisher.py", line 20, in <module>
    import transformer
  File "/Users/twinssn/projects/money-aikorea24/scripts/persona-publisher/transformer.py", line 5, in <module>
    import r2_upload
  File "/Users/twinssn/projects/money-aikorea24/scripts/persona-publisher/r2_upload.py", line 6, in <module>
    import boto3
ModuleNotFoundError: No module named 'boto3'
Traceback (most recent call last):
  File "/Users/twinssn/projects/money-aikorea24/scripts/persona-publisher/publisher.py", line 20, in <module>
    import transformer
  File "/Users/twinssn/projects/money-aikorea24/scripts/persona-publisher/transformer.py", line 5, in <module>
    import r2_upload
  File "/Users/twinssn/projects/money-aikorea24/scripts/persona-publisher/r2_upload.py", line 6, in <module>
    import boto3
ModuleNotFoundError: No module named 'boto3'
Traceback (most recent call last):
  File "/Users/twinssn/projects/money-aikorea24/scripts/persona-publisher/publisher.py", line 20, in <module>
    import transformer
  File "/Users/twinssn/projects/money-aikorea24/scripts/persona-publisher/transformer.py", line 5, in <module>
    import r2_upload
  File "/Users/twinssn/projects/money-aikorea24/scripts/persona-publisher/r2_upload.py", line 6, in <module>
    import boto3
ModuleNotFoundError: No module named 'boto3'
Traceback (most recent call last):
  File "/Users/twinssn/projects/money-aikorea24/scripts/persona-publisher/publisher.py", line 20, in <module>
    import transformer
  File "/Users/twinssn/projects/money-aikorea24/scripts/persona-publisher/transformer.py", line 5, in <module>
    import r2_upload
  File "/Users/twinssn/projects/money-aikorea24/scripts/persona-publisher/r2_upload.py", line 6, in <module>
    import boto3
ModuleNotFoundError: No module named 'boto3'
Traceback (most recent call last):
  File "/Users/twinssn/projects/money-aikorea24/scripts/persona-publisher/publisher.py", line 20, in <module>
    import transformer
  File "/Users/twinssn/projects/money-aikorea24/scripts/persona-publisher/transformer.py", line 5, in <module>
    import r2_upload
  File "/Users/twinssn/projects/money-aikorea24/scripts/persona-publisher/r2_upload.py", line 6, in <module>
    import boto3
ModuleNotFoundError: No module named 'boto3'
Traceback (most recent call last):
  File "/Users/twinssn/projects/money-aikorea24/scripts/persona-publisher/publisher.py", line 20, in <module>
    import transformer
  File "/Users/twinssn/projects/money-aikorea24/scripts/persona-publisher/transformer.py", line 5, in <module>
    import r2_upload
  File "/Users/twinssn/projects/money-aikorea24/scripts/persona-publisher/r2_upload.py", line 6, in <module>
    import boto3
ModuleNotFoundError: No module named 'boto3'
Traceback (most recent call last):
  File "/Users/twinssn/projects/money-aikorea24/scripts/persona-publisher/publisher.py", line 20, in <module>
    import transformer
  File "/Users/twinssn/projects/money-aikorea24/scripts/persona-publisher/transformer.py", line 5, in <module>
    import r2_upload
  File "/Users/twinssn/projects/money-aikorea24/scripts/persona-publisher/r2_upload.py", line 6, in <module>
    import boto3
ModuleNotFoundError: No module named 'boto3'
Traceback (most recent call last):
  File "/Users/twinssn/projects/money-aikorea24/scripts/persona-publisher/publisher.py", line 20, in <module>
    import transformer
  File "/Users/twinssn/projects/money-aikorea24/scripts/persona-publisher/transformer.py", line 5, in <module>
    import r2_upload
  File "/Users/twinssn/projects/money-aikorea24/scripts/persona-publisher/r2_upload.py", line 6, in <module>
    import boto3
ModuleNotFoundError: No module named 'boto3'
Traceback (most recent call last):
  File "/Users/twinssn/projects/money-aikorea24/scripts/persona-publisher/publisher.py", line 20, in <module>
    import transformer
  File "/Users/twinssn/projects/money-aikorea24/scripts/persona-publisher/transformer.py", line 5, in <module>
    import r2_upload
  File "/Users/twinssn/projects/money-aikorea24/scripts/persona-publisher/r2_upload.py", line 6, in <module>
    import boto3
ModuleNotFoundError: No module named 'boto3'
Traceback (most recent call last):
  File "/Users/twinssn/projects/money-aikorea24/scripts/persona-publisher/publisher.py", line 20, in <module>
    import transformer
  File "/Users/twinssn/projects/money-aikorea24/scripts/persona-publisher/transformer.py", line 5, in <module>
    import r2_upload
  File "/Users/twinssn/projects/money-aikorea24/scripts/persona-publisher/r2_upload.py", line 6, in <module>
    import boto3
ModuleNotFoundError: No module named 'boto3'
Traceback (most recent call last):
  File "/Users/twinssn/projects/money-aikorea24/scripts/persona-publisher/publisher.py", line 20, in <module>
    import transformer
  File "/Users/twinssn/projects/money-aikorea24/scripts/persona-publisher/transformer.py", line 5, in <module>
    import r2_upload
  File "/Users/twinssn/projects/money-aikorea24/scripts/persona-publisher/r2_upload.py", line 6, in <module>
    import boto3
ModuleNotFoundError: No module named 'boto3'
Traceback (most recent call last):
  File "/Users/twinssn/projects/money-aikorea24/scripts/persona-publisher/publisher.py", line 20, in <module>
    import transformer
  File "/Users/twinssn/projects/money-aikorea24/scripts/persona-publisher/transformer.py", line 5, in <module>
    import r2_upload
  File "/Users/twinssn/projects/money-aikorea24/scripts/persona-publisher/r2_upload.py", line 6, in <module>
    import boto3
ModuleNotFoundError: No module named 'boto3'
Traceback (most recent call last):
  File "/Users/twinssn/projects/money-aikorea24/scripts/persona-publisher/publisher.py", line 20, in <module>
    import transformer
  File "/Users/twinssn/projects/money-aikorea24/scripts/persona-publisher/transformer.py", line 5, in <module>
    import r2_upload
  File "/Users/twinssn/projects/money-aikorea24/scripts/persona-publisher/r2_upload.py", line 6, in <module>
    import boto3
ModuleNotFoundError: No module named 'boto3'
Traceback (most recent call last):
  File "/Users/twinssn/projects/money-aikorea24/scripts/persona-publisher/publisher.py", line 20, in <module>
    import transformer
  File "/Users/twinssn/projects/money-aikorea24/scripts/persona-publisher/transformer.py", line 5, in <module>
    import r2_upload
  File "/Users/twinssn/projects/money-aikorea24/scripts/persona-publisher/r2_upload.py", line 6, in <module>
    import boto3
ModuleNotFoundError: No module named 'boto3'
Traceback (most recent call last):
  File "/Users/twinssn/projects/money-aikorea24/scripts/persona-publisher/publisher.py", line 20, in <module>
    import transformer
  File "/Users/twinssn/projects/money-aikorea24/scripts/persona-publisher/transformer.py", line 5, in <module>
    import r2_upload
  File "/Users/twinssn/projects/money-aikorea24/scripts/persona-publisher/r2_upload.py", line 6, in <module>
    import boto3
ModuleNotFoundError: No module named 'boto3'
Traceback (most recent call last):
  File "/Users/twinssn/projects/money-aikorea24/scripts/persona-publisher/publisher.py", line 20, in <module>
    import transformer
  File "/Users/twinssn/projects/money-aikorea24/scripts/persona-publisher/transformer.py", line 5, in <module>
    import r2_upload
  File "/Users/twinssn/projects/money-aikorea24/scripts/persona-publisher/r2_upload.py", line 6, in <module>
    import boto3
ModuleNotFoundError: No module named 'boto3'
Traceback (most recent call last):
  File "/Users/twinssn/projects/money-aikorea24/scripts/persona-publisher/publisher.py", line 20, in <module>
    import transformer
  File "/Users/twinssn/projects/money-aikorea24/scripts/persona-publisher/transformer.py", line 5, in <module>
    import r2_upload
  File "/Users/twinssn/projects/money-aikorea24/scripts/persona-publisher/r2_upload.py", line 6, in <module>
    import boto3
ModuleNotFoundError: No module named 'boto3'
Traceback (most recent call last):
  File "/Users/twinssn/projects/money-aikorea24/scripts/persona-publisher/publisher.py", line 20, in <module>
    import transformer
  File "/Users/twinssn/projects/money-aikorea24/scripts/persona-publisher/transformer.py", line 5, in <module>
    import r2_upload
  File "/Users/twinssn/projects/money-aikorea24/scripts/persona-publisher/r2_upload.py", line 6, in <module>
    import boto3
ModuleNotFoundError: No module named 'boto3'
Traceback (most recent call last):
  File "/Users/twinssn/projects/money-aikorea24/scripts/persona-publisher/publisher.py", line 20, in <module>
    import transformer
  File "/Users/twinssn/projects/money-aikorea24/scripts/persona-publisher/transformer.py", line 5, in <module>
    import r2_upload
  File "/Users/twinssn/projects/money-aikorea24/scripts/persona-publisher/r2_upload.py", line 6, in <module>
    import boto3
ModuleNotFoundError: No module named 'boto3'
Traceback (most recent call last):
  File "/Users/twinssn/projects/money-aikorea24/scripts/persona-publisher/publisher.py", line 20, in <module>
    import transformer
  File "/Users/twinssn/projects/money-aikorea24/scripts/persona-publisher/transformer.py", line 5, in <module>
    import r2_upload
  File "/Users/twinssn/projects/money-aikorea24/scripts/persona-publisher/r2_upload.py", line 6, in <module>
    import boto3
ModuleNotFoundError: No module named 'boto3'
Traceback (most recent call last):
  File "/Users/twinssn/projects/money-aikorea24/scripts/persona-publisher/publisher.py", line 20, in <module>
    import transformer
  File "/Users/twinssn/projects/money-aikorea24/scripts/persona-publisher/transformer.py", line 5, in <module>
    import r2_upload
  File "/Users/twinssn/projects/money-aikorea24/scripts/persona-publisher/r2_upload.py", line 6, in <module>
    import boto3
ModuleNotFoundError: No module named 'boto3'
Traceback (most recent call last):
  File "/Users/twinssn/projects/money-aikorea24/scripts/persona-publisher/publisher.py", line 20, in <module>
    import transformer
  File "/Users/twinssn/projects/money-aikorea24/scripts/persona-publisher/transformer.py", line 5, in <module>
    import r2_upload
  File "/Users/twinssn/projects/money-aikorea24/scripts/persona-publisher/r2_upload.py", line 6, in <module>
    import boto3
ModuleNotFoundError: No module named 'boto3'
Traceback (most recent call last):
  File "/Users/twinssn/projects/money-aikorea24/scripts/persona-publisher/publisher.py", line 20, in <module>
    import transformer
  File "/Users/twinssn/projects/money-aikorea24/scripts/persona-publisher/transformer.py", line 5, in <module>
    import r2_upload
  File "/Users/twinssn/projects/money-aikorea24/scripts/persona-publisher/r2_upload.py", line 6, in <module>
    import boto3
ModuleNotFoundError: No module named 'boto3'
Traceback (most recent call last):
  File "/Users/twinssn/projects/money-aikorea24/scripts/persona-publisher/publisher.py", line 20, in <module>
    import transformer
  File "/Users/twinssn/projects/money-aikorea24/scripts/persona-publisher/transformer.py", line 5, in <module>
    import r2_upload
  File "/Users/twinssn/projects/money-aikorea24/scripts/persona-publisher/r2_upload.py", line 6, in <module>
    import boto3
ModuleNotFoundError: No module named 'boto3'
Traceback (most recent call last):
  File "/Users/twinssn/projects/money-aikorea24/scripts/persona-publisher/publisher.py", line 20, in <module>
    import transformer
  File "/Users/twinssn/projects/money-aikorea24/scripts/persona-publisher/transformer.py", line 5, in <module>
    import r2_upload
  File "/Users/twinssn/projects/money-aikorea24/scripts/persona-publisher/r2_upload.py", line 6, in <module>
    import boto3
ModuleNotFoundError: No module named 'boto3'
Traceback (most recent call last):
  File "/Users/twinssn/projects/money-aikorea24/scripts/persona-publisher/publisher.py", line 20, in <module>
    import transformer
  File "/Users/twinssn/projects/money-aikorea24/scripts/persona-publisher/transformer.py", line 5, in <module>
    import r2_upload
  File "/Users/twinssn/projects/money-aikorea24/scripts/persona-publisher/r2_upload.py", line 6, in <module>
    import boto3
ModuleNotFoundError: No module named 'boto3'
Traceback (most recent call last):
  File "/Users/twinssn/projects/money-aikorea24/scripts/persona-publisher/publisher.py", line 20, in <module>
    import transformer
  File "/Users/twinssn/projects/money-aikorea24/scripts/persona-publisher/transformer.py", line 5, in <module>
    import r2_upload
  File "/Users/twinssn/projects/money-aikorea24/scripts/persona-publisher/r2_upload.py", line 6, in <module>
    import boto3
ModuleNotFoundError: No module named 'boto3'
Traceback (most recent call last):
  File "/Users/twinssn/projects/money-aikorea24/scripts/persona-publisher/publisher.py", line 20, in <module>
    import transformer
  File "/Users/twinssn/projects/money-aikorea24/scripts/persona-publisher/transformer.py", line 5, in <module>
    import r2_upload
  File "/Users/twinssn/projects/money-aikorea24/scripts/persona-publisher/r2_upload.py", line 6, in <module>
    import boto3
ModuleNotFoundError: No module named 'boto3'
Traceback (most recent call last):
  File "/Users/twinssn/projects/money-aikorea24/scripts/persona-publisher/publisher.py", line 20, in <module>
    import transformer
  File "/Users/twinssn/projects/money-aikorea24/scripts/persona-publisher/transformer.py", line 5, in <module>
    import r2_upload
  File "/Users/twinssn/projects/money-aikorea24/scripts/persona-publisher/r2_upload.py", line 6, in <module>
    import boto3
ModuleNotFoundError: No module named 'boto3'
Traceback (most recent call last):
  File "/Users/twinssn/projects/money-aikorea24/scripts/persona-publisher/publisher.py", line 20, in <module>
    import transformer
  File "/Users/twinssn/projects/money-aikorea24/scripts/persona-publisher/transformer.py", line 5, in <module>
    import r2_upload
  File "/Users/twinssn/projects/money-aikorea24/scripts/persona-publisher/r2_upload.py", line 6, in <module>
    import boto3
ModuleNotFoundError: No module named 'boto3'
Traceback (most recent call last):
  File "/Users/twinssn/projects/money-aikorea24/scripts/persona-publisher/publisher.py", line 20, in <module>
    import transformer
  File "/Users/twinssn/projects/money-aikorea24/scripts/persona-publisher/transformer.py", line 5, in <module>
    import r2_upload
  File "/Users/twinssn/projects/money-aikorea24/scripts/persona-publisher/r2_upload.py", line 6, in <module>
    import boto3
ModuleNotFoundError: No module named 'boto3'
Traceback (most recent call last):
  File "/Users/twinssn/projects/money-aikorea24/scripts/persona-publisher/publisher.py", line 20, in <module>
    import transformer
  File "/Users/twinssn/projects/money-aikorea24/scripts/persona-publisher/transformer.py", line 5, in <module>
    import r2_upload
  File "/Users/twinssn/projects/money-aikorea24/scripts/persona-publisher/r2_upload.py", line 6, in <module>
    import boto3
ModuleNotFoundError: No module named 'boto3'
Traceback (most recent call last):
  File "/Users/twinssn/projects/money-aikorea24/scripts/persona-publisher/publisher.py", line 20, in <module>
    import transformer
  File "/Users/twinssn/projects/money-aikorea24/scripts/persona-publisher/transformer.py", line 5, in <module>
    import r2_upload
  File "/Users/twinssn/projects/money-aikorea24/scripts/persona-publisher/r2_upload.py", line 6, in <module>
    import boto3
ModuleNotFoundError: No module named 'boto3'
Traceback (most recent call last):
  File "/Users/twinssn/projects/money-aikorea24/scripts/persona-publisher/publisher.py", line 20, in <module>
    import transformer
  File "/Users/twinssn/projects/money-aikorea24/scripts/persona-publisher/transformer.py", line 5, in <module>
    import r2_upload
  File "/Users/twinssn/projects/money-aikorea24/scripts/persona-publisher/r2_upload.py", line 6, in <module>
    import boto3
ModuleNotFoundError: No module named 'boto3'
Traceback (most recent call last):
  File "/Users/twinssn/projects/money-aikorea24/scripts/persona-publisher/publisher.py", line 20, in <module>
    import transformer
  File "/Users/twinssn/projects/money-aikorea24/scripts/persona-publisher/transformer.py", line 5, in <module>
    import r2_upload
  File "/Users/twinssn/projects/money-aikorea24/scripts/persona-publisher/r2_upload.py", line 6, in <module>
    import boto3
ModuleNotFoundError: No module named 'boto3'
Traceback (most recent call last):
  File "/Users/twinssn/projects/money-aikorea24/scripts/persona-publisher/publisher.py", line 20, in <module>
    import transformer
  File "/Users/twinssn/projects/money-aikorea24/scripts/persona-publisher/transformer.py", line 5, in <module>
    import r2_upload
  File "/Users/twinssn/projects/money-aikorea24/scripts/persona-publisher/r2_upload.py", line 6, in <module>
    import boto3
ModuleNotFoundError: No module named 'boto3'
Traceback (most recent call last):
  File "/Users/twinssn/projects/money-aikorea24/scripts/persona-publisher/publisher.py", line 20, in <module>
    import transformer
  File "/Users/twinssn/projects/money-aikorea24/scripts/persona-publisher/transformer.py", line 5, in <module>
    import r2_upload
  File "/Users/twinssn/projects/money-aikorea24/scripts/persona-publisher/r2_upload.py", line 6, in <module>
    import boto3
ModuleNotFoundError: No module named 'boto3'
Traceback (most recent call last):
  File "/Users/twinssn/projects/money-aikorea24/scripts/persona-publisher/publisher.py", line 20, in <module>
    import transformer
  File "/Users/twinssn/projects/money-aikorea24/scripts/persona-publisher/transformer.py", line 5, in <module>
    import r2_upload
  File "/Users/twinssn/projects/money-aikorea24/scripts/persona-publisher/r2_upload.py", line 6, in <module>
    import boto3
ModuleNotFoundError: No module named 'boto3'
Traceback (most recent call last):
  File "/Users/twinssn/projects/money-aikorea24/scripts/persona-publisher/publisher.py", line 20, in <module>
    import transformer
  File "/Users/twinssn/projects/money-aikorea24/scripts/persona-publisher/transformer.py", line 5, in <module>
    import r2_upload
  File "/Users/twinssn/projects/money-aikorea24/scripts/persona-publisher/r2_upload.py", line 6, in <module>
    import boto3
ModuleNotFoundError: No module named 'boto3'
Traceback (most recent call last):
  File "/Users/twinssn/projects/money-aikorea24/scripts/persona-publisher/publisher.py", line 20, in <module>
    import transformer
  File "/Users/twinssn/projects/money-aikorea24/scripts/persona-publisher/transformer.py", line 5, in <module>
    import r2_upload
  File "/Users/twinssn/projects/money-aikorea24/scripts/persona-publisher/r2_upload.py", line 6, in <module>
    import boto3
ModuleNotFoundError: No module named 'boto3'
Traceback (most recent call last):
  File "/Users/twinssn/projects/money-aikorea24/scripts/persona-publisher/publisher.py", line 20, in <module>
    import transformer
  File "/Users/twinssn/projects/money-aikorea24/scripts/persona-publisher/transformer.py", line 5, in <module>
    import r2_upload
  File "/Users/twinssn/projects/money-aikorea24/scripts/persona-publisher/r2_upload.py", line 6, in <module>
    import boto3
ModuleNotFoundError: No module named 'boto3'
Traceback (most recent call last):
  File "/Users/twinssn/projects/money-aikorea24/scripts/persona-publisher/publisher.py", line 20, in <module>
    import transformer
  File "/Users/twinssn/projects/money-aikorea24/scripts/persona-publisher/transformer.py", line 5, in <module>
    import r2_upload
  File "/Users/twinssn/projects/money-aikorea24/scripts/persona-publisher/r2_upload.py", line 6, in <module>
    import boto3
ModuleNotFoundError: No module named 'boto3'
Traceback (most recent call last):
  File "/Users/twinssn/projects/money-aikorea24/scripts/persona-publisher/publisher.py", line 20, in <module>
    import transformer
  File "/Users/twinssn/projects/money-aikorea24/scripts/persona-publisher/transformer.py", line 5, in <module>
    import r2_upload
  File "/Users/twinssn/projects/money-aikorea24/scripts/persona-publisher/r2_upload.py", line 6, in <module>
    import boto3
ModuleNotFoundError: No module named 'boto3'
Traceback (most recent call last):
  File "/Users/twinssn/projects/money-aikorea24/scripts/persona-publisher/publisher.py", line 20, in <module>
    import transformer
  File "/Users/twinssn/projects/money-aikorea24/scripts/persona-publisher/transformer.py", line 5, in <module>
    import r2_upload
  File "/Users/twinssn/projects/money-aikorea24/scripts/persona-publisher/r2_upload.py", line 6, in <module>
    import boto3
ModuleNotFoundError: No module named 'boto3'
Traceback (most recent call last):
  File "/Users/twinssn/projects/money-aikorea24/scripts/persona-publisher/publisher.py", line 20, in <module>
    import transformer
  File "/Users/twinssn/projects/money-aikorea24/scripts/persona-publisher/transformer.py", line 5, in <module>
    import r2_upload
  File "/Users/twinssn/projects/money-aikorea24/scripts/persona-publisher/r2_upload.py", line 6, in <module>
    import boto3
ModuleNotFoundError: No module named 'boto3'
Traceback (most recent call last):
  File "/Users/twinssn/projects/money-aikorea24/scripts/persona-publisher/publisher.py", line 20, in <module>
    import transformer
  File "/Users/twinssn/projects/money-aikorea24/scripts/persona-publisher/transformer.py", line 5, in <module>
    import r2_upload
  File "/Users/twinssn/projects/money-aikorea24/scripts/persona-publisher/r2_upload.py", line 6, in <module>
    import boto3
ModuleNotFoundError: No module named 'boto3'
Traceback (most recent call last):
  File "/Users/twinssn/projects/money-aikorea24/scripts/persona-publisher/publisher.py", line 20, in <module>
    import transformer
  File "/Users/twinssn/projects/money-aikorea24/scripts/persona-publisher/transformer.py", line 5, in <module>
    import r2_upload
  File "/Users/twinssn/projects/money-aikorea24/scripts/persona-publisher/r2_upload.py", line 6, in <module>
    import boto3
ModuleNotFoundError: No module named 'boto3'
Traceback (most recent call last):
  File "/Users/twinssn/projects/money-aikorea24/scripts/persona-publisher/publisher.py", line 20, in <module>
    import transformer
  File "/Users/twinssn/projects/money-aikorea24/scripts/persona-publisher/transformer.py", line 5, in <module>
    import r2_upload
  File "/Users/twinssn/projects/money-aikorea24/scripts/persona-publisher/r2_upload.py", line 6, in <module>
    import boto3
ModuleNotFoundError: No module named 'boto3'
Traceback (most recent call last):
  File "/Users/twinssn/projects/money-aikorea24/scripts/persona-publisher/publisher.py", line 20, in <module>
    import transformer
  File "/Users/twinssn/projects/money-aikorea24/scripts/persona-publisher/transformer.py", line 5, in <module>
    import r2_upload
  File "/Users/twinssn/projects/money-aikorea24/scripts/persona-publisher/r2_upload.py", line 6, in <module>
    import boto3
ModuleNotFoundError: No module named 'boto3'
Traceback (most recent call last):
  File "/Users/twinssn/projects/money-aikorea24/scripts/persona-publisher/publisher.py", line 20, in <module>
    import transformer
  File "/Users/twinssn/projects/money-aikorea24/scripts/persona-publisher/transformer.py", line 5, in <module>
    import r2_upload
  File "/Users/twinssn/projects/money-aikorea24/scripts/persona-publisher/r2_upload.py", line 6, in <module>
    import boto3
ModuleNotFoundError: No module named 'boto3'
Traceback (most recent call last):
  File "/Users/twinssn/projects/money-aikorea24/scripts/persona-publisher/publisher.py", line 20, in <module>
    import transformer
  File "/Users/twinssn/projects/money-aikorea24/scripts/persona-publisher/transformer.py", line 5, in <module>
    import r2_upload
  File "/Users/twinssn/projects/money-aikorea24/scripts/persona-publisher/r2_upload.py", line 6, in <module>
    import boto3
ModuleNotFoundError: No module named 'boto3'
Traceback (most recent call last):
  File "/Users/twinssn/projects/money-aikorea24/scripts/persona-publisher/publisher.py", line 20, in <module>
    import transformer
  File "/Users/twinssn/projects/money-aikorea24/scripts/persona-publisher/transformer.py", line 5, in <module>
    import r2_upload
  File "/Users/twinssn/projects/money-aikorea24/scripts/persona-publisher/r2_upload.py", line 6, in <module>
    import boto3
ModuleNotFoundError: No module named 'boto3'
Traceback (most recent call last):
  File "/Users/twinssn/projects/money-aikorea24/scripts/persona-publisher/publisher.py", line 20, in <module>
    import transformer
  File "/Users/twinssn/projects/money-aikorea24/scripts/persona-publisher/transformer.py", line 5, in <module>
    import r2_upload
  File "/Users/twinssn/projects/money-aikorea24/scripts/persona-publisher/r2_upload.py", line 6, in <module>
    import boto3
ModuleNotFoundError: No module named 'boto3'
Traceback (most recent call last):
  File "/Users/twinssn/projects/money-aikorea24/scripts/persona-publisher/publisher.py", line 20, in <module>
    import transformer
  File "/Users/twinssn/projects/money-aikorea24/scripts/persona-publisher/transformer.py", line 5, in <module>
    import r2_upload
  File "/Users/twinssn/projects/money-aikorea24/scripts/persona-publisher/r2_upload.py", line 6, in <module>
    import boto3
ModuleNotFoundError: No module named 'boto3'
Traceback (most recent call last):
  File "/Users/twinssn/projects/money-aikorea24/scripts/persona-publisher/publisher.py", line 20, in <module>
    import transformer
  File "/Users/twinssn/projects/money-aikorea24/scripts/persona-publisher/transformer.py", line 5, in <module>
    import r2_upload
  File "/Users/twinssn/projects/money-aikorea24/scripts/persona-publisher/r2_upload.py", line 6, in <module>
    import boto3
ModuleNotFoundError: No module named 'boto3'
Traceback (most recent call last):
  File "/Users/twinssn/projects/money-aikorea24/scripts/persona-publisher/publisher.py", line 20, in <module>
    import transformer
  File "/Users/twinssn/projects/money-aikorea24/scripts/persona-publisher/transformer.py", line 5, in <module>
    import r2_upload
  File "/Users/twinssn/projects/money-aikorea24/scripts/persona-publisher/r2_upload.py", line 6, in <module>
    import boto3
ModuleNotFoundError: No module named 'boto3'
Traceback (most recent call last):
  File "/Users/twinssn/projects/money-aikorea24/scripts/persona-publisher/publisher.py", line 20, in <module>
    import transformer
  File "/Users/twinssn/projects/money-aikorea24/scripts/persona-publisher/transformer.py", line 5, in <module>
    import r2_upload
  File "/Users/twinssn/projects/money-aikorea24/scripts/persona-publisher/r2_upload.py", line 6, in <module>
    import boto3
ModuleNotFoundError: No module named 'boto3'
Traceback (most recent call last):
  File "/Users/twinssn/projects/money-aikorea24/scripts/persona-publisher/publisher.py", line 20, in <module>
    import transformer
  File "/Users/twinssn/projects/money-aikorea24/scripts/persona-publisher/transformer.py", line 5, in <module>
    import r2_upload
  File "/Users/twinssn/projects/money-aikorea24/scripts/persona-publisher/r2_upload.py", line 6, in <module>
    import boto3
ModuleNotFoundError: No module named 'boto3'
Traceback (most recent call last):
  File "/Users/twinssn/projects/money-aikorea24/scripts/persona-publisher/publisher.py", line 20, in <module>
    import transformer
  File "/Users/twinssn/projects/money-aikorea24/scripts/persona-publisher/transformer.py", line 5, in <module>
    import r2_upload
  File "/Users/twinssn/projects/money-aikorea24/scripts/persona-publisher/r2_upload.py", line 6, in <module>
    import boto3
ModuleNotFoundError: No module named 'boto3'
Traceback (most recent call last):
  File "/Users/twinssn/projects/money-aikorea24/scripts/persona-publisher/publisher.py", line 20, in <module>
    import transformer
  File "/Users/twinssn/projects/money-aikorea24/scripts/persona-publisher/transformer.py", line 5, in <module>
    import r2_upload
  File "/Users/twinssn/projects/money-aikorea24/scripts/persona-publisher/r2_upload.py", line 6, in <module>
    import boto3
ModuleNotFoundError: No module named 'boto3'
Traceback (most recent call last):
  File "/Users/twinssn/projects/money-aikorea24/scripts/persona-publisher/publisher.py", line 20, in <module>
    import transformer
  File "/Users/twinssn/projects/money-aikorea24/scripts/persona-publisher/transformer.py", line 5, in <module>
    import r2_upload
  File "/Users/twinssn/projects/money-aikorea24/scripts/persona-publisher/r2_upload.py", line 6, in <module>
    import boto3
ModuleNotFoundError: No module named 'boto3'
Traceback (most recent call last):
  File "/Users/twinssn/projects/money-aikorea24/scripts/persona-publisher/publisher.py", line 20, in <module>
    import transformer
  File "/Users/twinssn/projects/money-aikorea24/scripts/persona-publisher/transformer.py", line 5, in <module>
    import r2_upload
  File "/Users/twinssn/projects/money-aikorea24/scripts/persona-publisher/r2_upload.py", line 6, in <module>
    import boto3
ModuleNotFoundError: No module named 'boto3'
Traceback (most recent call last):
  File "/Users/twinssn/projects/money-aikorea24/scripts/persona-publisher/publisher.py", line 20, in <module>
    import transformer
  File "/Users/twinssn/projects/money-aikorea24/scripts/persona-publisher/transformer.py", line 5, in <module>
    import r2_upload
  File "/Users/twinssn/projects/money-aikorea24/scripts/persona-publisher/r2_upload.py", line 6, in <module>
    import boto3
ModuleNotFoundError: No module named 'boto3'
Traceback (most recent call last):
  File "/Users/twinssn/projects/money-aikorea24/scripts/persona-publisher/publisher.py", line 20, in <module>
    import transformer
  File "/Users/twinssn/projects/money-aikorea24/scripts/persona-publisher/transformer.py", line 5, in <module>
    import r2_upload
  File "/Users/twinssn/projects/money-aikorea24/scripts/persona-publisher/r2_upload.py", line 6, in <module>
    import boto3
ModuleNotFoundError: No module named 'boto3'
Traceback (most recent call last):
  File "/Users/twinssn/projects/money-aikorea24/scripts/persona-publisher/publisher.py", line 20, in <module>
    import transformer
  File "/Users/twinssn/projects/money-aikorea24/scripts/persona-publisher/transformer.py", line 5, in <module>
    import r2_upload
  File "/Users/twinssn/projects/money-aikorea24/scripts/persona-publisher/r2_upload.py", line 6, in <module>
    import boto3
ModuleNotFoundError: No module named 'boto3'
Traceback (most recent call last):
  File "/Users/twinssn/projects/money-aikorea24/scripts/persona-publisher/publisher.py", line 20, in <module>
    import transformer
  File "/Users/twinssn/projects/money-aikorea24/scripts/persona-publisher/transformer.py", line 5, in <module>
    import r2_upload
  File "/Users/twinssn/projects/money-aikorea24/scripts/persona-publisher/r2_upload.py", line 6, in <module>
    import boto3
ModuleNotFoundError: No module named 'boto3'
Traceback (most recent call last):
  File "/Users/twinssn/projects/money-aikorea24/scripts/persona-publisher/publisher.py", line 20, in <module>
    import transformer
  File "/Users/twinssn/projects/money-aikorea24/scripts/persona-publisher/transformer.py", line 5, in <module>
    import r2_upload
  File "/Users/twinssn/projects/money-aikorea24/scripts/persona-publisher/r2_upload.py", line 6, in <module>
    import boto3
ModuleNotFoundError: No module named 'boto3'
Traceback (most recent call last):
  File "/Users/twinssn/projects/money-aikorea24/scripts/persona-publisher/publisher.py", line 20, in <module>
    import transformer
  File "/Users/twinssn/projects/money-aikorea24/scripts/persona-publisher/transformer.py", line 5, in <module>
    import r2_upload
  File "/Users/twinssn/projects/money-aikorea24/scripts/persona-publisher/r2_upload.py", line 6, in <module>
    import boto3
ModuleNotFoundError: No module named 'boto3'
Traceback (most recent call last):
  File "/Users/twinssn/projects/money-aikorea24/scripts/persona-publisher/publisher.py", line 20, in <module>
    import transformer
  File "/Users/twinssn/projects/money-aikorea24/scripts/persona-publisher/transformer.py", line 5, in <module>
    import r2_upload
  File "/Users/twinssn/projects/money-aikorea24/scripts/persona-publisher/r2_upload.py", line 6, in <module>
    import boto3
ModuleNotFoundError: No module named 'boto3'
Traceback (most recent call last):
  File "/Users/twinssn/projects/money-aikorea24/scripts/persona-publisher/publisher.py", line 20, in <module>
    import transformer
  File "/Users/twinssn/projects/money-aikorea24/scripts/persona-publisher/transformer.py", line 5, in <module>
    import r2_upload
  File "/Users/twinssn/projects/money-aikorea24/scripts/persona-publisher/r2_upload.py", line 6, in <module>
    import boto3
ModuleNotFoundError: No module named 'boto3'
Traceback (most recent call last):
  File "/Users/twinssn/projects/money-aikorea24/scripts/persona-publisher/publisher.py", line 20, in <module>
    import transformer
  File "/Users/twinssn/projects/money-aikorea24/scripts/persona-publisher/transformer.py", line 5, in <module>
    import r2_upload
  File "/Users/twinssn/projects/money-aikorea24/scripts/persona-publisher/r2_upload.py", line 6, in <module>
    import boto3
ModuleNotFoundError: No module named 'boto3'
Traceback (most recent call last):
  File "/Users/twinssn/projects/money-aikorea24/scripts/persona-publisher/publisher.py", line 20, in <module>
    import transformer
  File "/Users/twinssn/projects/money-aikorea24/scripts/persona-publisher/transformer.py", line 5, in <module>
    import r2_upload
  File "/Users/twinssn/projects/money-aikorea24/scripts/persona-publisher/r2_upload.py", line 6, in <module>
    import boto3
ModuleNotFoundError: No module named 'boto3'
Traceback (most recent call last):
  File "/Users/twinssn/projects/money-aikorea24/scripts/persona-publisher/publisher.py", line 20, in <module>
    import transformer
  File "/Users/twinssn/projects/money-aikorea24/scripts/persona-publisher/transformer.py", line 5, in <module>
    import r2_upload
  File "/Users/twinssn/projects/money-aikorea24/scripts/persona-publisher/r2_upload.py", line 6, in <module>
    import boto3
ModuleNotFoundError: No module named 'boto3'
Traceback (most recent call last):
  File "/Users/twinssn/projects/money-aikorea24/scripts/persona-publisher/publisher.py", line 20, in <module>
    import transformer
  File "/Users/twinssn/projects/money-aikorea24/scripts/persona-publisher/transformer.py", line 5, in <module>
    import r2_upload
  File "/Users/twinssn/projects/money-aikorea24/scripts/persona-publisher/r2_upload.py", line 6, in <module>
    import boto3
ModuleNotFoundError: No module named 'boto3'
Traceback (most recent call last):
  File "/Users/twinssn/projects/money-aikorea24/scripts/persona-publisher/publisher.py", line 20, in <module>
    import transformer
  File "/Users/twinssn/projects/money-aikorea24/scripts/persona-publisher/transformer.py", line 5, in <module>
    import r2_upload
  File "/Users/twinssn/projects/money-aikorea24/scripts/persona-publisher/r2_upload.py", line 6, in <module>
    import boto3
ModuleNotFoundError: No module named 'boto3'
Traceback (most recent call last):
  File "/Users/twinssn/projects/money-aikorea24/scripts/persona-publisher/publisher.py", line 20, in <module>
    import transformer
  File "/Users/twinssn/projects/money-aikorea24/scripts/persona-publisher/transformer.py", line 5, in <module>
    import r2_upload
  File "/Users/twinssn/projects/money-aikorea24/scripts/persona-publisher/r2_upload.py", line 6, in <module>
    import boto3
ModuleNotFoundError: No module named 'boto3'
Traceback (most recent call last):
  File "/Users/twinssn/projects/money-aikorea24/scripts/persona-publisher/publisher.py", line 20, in <module>
    import transformer
  File "/Users/twinssn/projects/money-aikorea24/scripts/persona-publisher/transformer.py", line 5, in <module>
    import r2_upload
  File "/Users/twinssn/projects/money-aikorea24/scripts/persona-publisher/r2_upload.py", line 6, in <module>
    import boto3
ModuleNotFoundError: No module named 'boto3'
Traceback (most recent call last):
  File "/Users/twinssn/projects/money-aikorea24/scripts/persona-publisher/publisher.py", line 20, in <module>
    import transformer
  File "/Users/twinssn/projects/money-aikorea24/scripts/persona-publisher/transformer.py", line 5, in <module>
    import r2_upload
  File "/Users/twinssn/projects/money-aikorea24/scripts/persona-publisher/r2_upload.py", line 6, in <module>
    import boto3
ModuleNotFoundError: No module named 'boto3'
Traceback (most recent call last):
  File "/Users/twinssn/projects/money-aikorea24/scripts/persona-publisher/publisher.py", line 20, in <module>
    import transformer
  File "/Users/twinssn/projects/money-aikorea24/scripts/persona-publisher/transformer.py", line 5, in <module>
    import r2_upload
  File "/Users/twinssn/projects/money-aikorea24/scripts/persona-publisher/r2_upload.py", line 6, in <module>
    import boto3
ModuleNotFoundError: No module named 'boto3'
Traceback (most recent call last):
  File "/Users/twinssn/projects/money-aikorea24/scripts/persona-publisher/publisher.py", line 20, in <module>
    import transformer
  File "/Users/twinssn/projects/money-aikorea24/scripts/persona-publisher/transformer.py", line 5, in <module>
    import r2_upload
  File "/Users/twinssn/projects/money-aikorea24/scripts/persona-publisher/r2_upload.py", line 6, in <module>
    import boto3
ModuleNotFoundError: No module named 'boto3'

==================================================
[publisher] 시작: 2026-06-13 08:55:21
[step1] 신규 파일: 7개

--- 처리 중: 20260609-151854-2026년-연차-계산법-프리랜서-자영업자-위한-완벽-가이드.md
  [step3] 카테고리: insurance (needs_review=False)
  [step4] 변환 완료 (slug=2026년-연차-계산법-프리랜서-자영업자-위한-완벽-가이드)
  [r2] 업로드 완료: blog-thumbnails/2026년-연차-계산법-프리랜서-자영업자-위한-완벽-가이드.jpg
  [step5] 썸네일: 2026년-연차-계산법-프리랜서-자영업자-위한-완벽-가이드.jpg
  [step6] 엔티티 주석 삽입
  [step7] 복사: 2026년-연차-계산법-프리랜서-자영업자-위한-완벽-가이드.md
  [move] 20260609-151854-2026년-연차-계산법-프리랜서-자영업자-위한-완벽-가이드.md → 20260613/

[publisher] 처리 완료: 1개 발행 대상
[deployer] 빌드 시작 (1개 신규 파일)
[deployer] 빌드 성공, 배포 시작
[deployer] ✅ 배포 완료: 새 글 1개 발행됨
[publisher] 완료: 1개 글 발행
==================================================


==================================================
[publisher] 시작: 2026-06-13 09:25:40
[step1] 신규 파일: 6개

--- 처리 중: 20260609-152047-2026년-퇴사-준비-완벽-가이드-원만-퇴사를-위한-필수-체크리스트.md
  [step3] 카테고리: general (needs_review=True)
  [step4] 변환 완료 (slug=2026년-퇴사-준비-완벽-가이드-원만-퇴사를-위한-필수-체크리스트)
  [r2] 업로드 완료: blog-thumbnails/2026년-퇴사-준비-완벽-가이드-원만-퇴사를-위한-필수-체크리스트.jpg
  [step5] 썸네일: 2026년-퇴사-준비-완벽-가이드-원만-퇴사를-위한-필수-체크리스트.jpg
  [step6] 엔티티 주석 삽입
  [step7] 복사: 2026년-퇴사-준비-완벽-가이드-원만-퇴사를-위한-필수-체크리스트.md
  [move] 20260609-152047-2026년-퇴사-준비-완벽-가이드-원만-퇴사를-위한-필수-체크리스트.md → 20260613/

[publisher] 처리 완료: 1개 발행 대상
[deployer] 빌드 시작 (1개 신규 파일)
[deployer] 빌드 성공, 배포 시작
[deployer] ✅ 배포 완료: 새 글 1개 발행됨
[publisher] 완료: 1개 글 발행
==================================================


==================================================
[publisher] 시작: 2026-06-13 09:55:59
[step1] 신규 파일: 5개

--- 처리 중: 20260609-152743-2026년-노동절-유급휴일-수당-계산-프리랜서까지-챙기는-완벽-가이드.md
  [step3] 카테고리: general (needs_review=True)
  [step4] 변환 완료 (slug=2026년-노동절-유급휴일-수당-계산-프리랜서까지-챙기는-완벽-가이드)
  [r2] 업로드 완료: blog-thumbnails/2026년-노동절-유급휴일-수당-계산-프리랜서까지-챙기는-완벽-가이드.jpg
  [step5] 썸네일: 2026년-노동절-유급휴일-수당-계산-프리랜서까지-챙기는-완벽-가이드.jpg
  [step6] 엔티티 주석 삽입
  [step7] 복사: 2026년-노동절-유급휴일-수당-계산-프리랜서까지-챙기는-완벽-가이드.md
  [move] 20260609-152743-2026년-노동절-유급휴일-수당-계산-프리랜서까지-챙기는-완벽-가이드.md → 20260613/

[publisher] 처리 완료: 1개 발행 대상
[deployer] 빌드 시작 (1개 신규 파일)
[deployer] 빌드 성공, 배포 시작
[deployer] ✅ 배포 완료: 새 글 1개 발행됨
[publisher] 완료: 1개 글 발행
==================================================


==================================================
[publisher] 시작: 2026-06-13 10:26:16
[step1] 신규 파일: 4개

--- 처리 중: 20260609-152938-2026년-고용보험-이직확인서-신청-완벽-가이드-퇴사-후-실업급여-받기-위한-필수-정보.md
  [step3] 카테고리: general (needs_review=True)
  [step4] 변환 완료 (slug=2026년-고용보험-이직확인서-신청-완벽-가이드-퇴사-후-실업급여-받기-위한-필수-정보)
  [r2] 업로드 완료: blog-thumbnails/2026년-고용보험-이직확인서-신청-완벽-가이드-퇴사-후-실업급여-받기-위한-필수-정보.jpg
  [step5] 썸네일: 2026년-고용보험-이직확인서-신청-완벽-가이드-퇴사-후-실업급여-받기-위한-필수-정보.jpg
  [step6] 엔티티 주석 삽입
  [step7] 복사: 2026년-고용보험-이직확인서-신청-완벽-가이드-퇴사-후-실업급여-받기-위한-필수-정보.md
  [move] 20260609-152938-2026년-고용보험-이직확인서-신청-완벽-가이드-퇴사-후-실업급여-받기-위한-필수-정보.md → 20260613/

[publisher] 처리 완료: 1개 발행 대상
[deployer] 빌드 시작 (1개 신규 파일)
[deployer] 빌드 성공, 배포 시작
[deployer] ✅ 배포 완료: 새 글 1개 발행됨
[publisher] 완료: 1개 글 발행
==================================================


==================================================
[publisher] 시작: 2026-06-13 10:56:39
[step1] 신규 파일: 3개

--- 처리 중: 20260609-153253-2026년-직장인-건강보험료-월급-공제와-재테크-활용법-완벽-가이드.md
  [step3] 카테고리: tax (needs_review=False)
  [step4] 변환 완료 (slug=2026년-직장인-건강보험료-월급-공제와-재테크-활용법-완벽-가이드)
  [r2] 업로드 완료: blog-thumbnails/2026년-직장인-건강보험료-월급-공제와-재테크-활용법-완벽-가이드.jpg
  [step5] 썸네일: 2026년-직장인-건강보험료-월급-공제와-재테크-활용법-완벽-가이드.jpg
  [step6] 엔티티 주석 삽입
  [step7] 복사: 2026년-직장인-건강보험료-월급-공제와-재테크-활용법-완벽-가이드.md
  [move] 20260609-153253-2026년-직장인-건강보험료-월급-공제와-재테크-활용법-완벽-가이드.md → 20260613/

[publisher] 처리 완료: 1개 발행 대상
[deployer] 빌드 시작 (1개 신규 파일)
[deployer] 빌드 성공, 배포 시작
[deployer] ✅ 배포 완료: 새 글 1개 발행됨
[publisher] 완료: 1개 글 발행
==================================================


==================================================
[publisher] 시작: 2026-06-13 11:26:57
[step1] 신규 파일: 2개

--- 처리 중: 20260609-153438-2026년-직장인-건강검진-예약-놓치지-않는-완벽-가이드.md
  [step3] 카테고리: insurance (needs_review=False)
  [step4] 변환 완료 (slug=2026년-직장인-건강검진-예약-놓치지-않는-완벽-가이드)
  [r2] 업로드 완료: blog-thumbnails/2026년-직장인-건강검진-예약-놓치지-않는-완벽-가이드.jpg
  [step5] 썸네일: 2026년-직장인-건강검진-예약-놓치지-않는-완벽-가이드.jpg
  [step6] 엔티티 주석 삽입
  [step7] 복사: 2026년-직장인-건강검진-예약-놓치지-않는-완벽-가이드.md
  [move] 20260609-153438-2026년-직장인-건강검진-예약-놓치지-않는-완벽-가이드.md → 20260613/

[publisher] 처리 완료: 1개 발행 대상
[deployer] 빌드 시작 (1개 신규 파일)
[deployer] 빌드 성공, 배포 시작
[deployer] ✅ 배포 완료: 새 글 1개 발행됨
[publisher] 완료: 1개 글 발행
==================================================


==================================================
[publisher] 시작: 2026-06-13 11:57:17
[step1] 신규 파일: 1개

--- 처리 중: 20260609-153625-2026년-연차수당-미사용-연차-정산-방법-및-권리-찾기.md
  [step3] 카테고리: insurance (needs_review=False)
  [step4] 변환 완료 (slug=2026년-연차수당-미사용-연차-정산-방법-및-권리-찾기)
  [r2] 업로드 완료: blog-thumbnails/2026년-연차수당-미사용-연차-정산-방법-및-권리-찾기.jpg
  [step5] 썸네일: 2026년-연차수당-미사용-연차-정산-방법-및-권리-찾기.jpg
  [step6] 엔티티 주석 삽입
  [step7] 복사: 2026년-연차수당-미사용-연차-정산-방법-및-권리-찾기.md
  [move] 20260609-153625-2026년-연차수당-미사용-연차-정산-방법-및-권리-찾기.md → 20260613/

[publisher] 처리 완료: 1개 발행 대상
[deployer] 빌드 시작 (1개 신규 파일)
[deployer] 빌드 성공, 배포 시작
[deployer] ✅ 배포 완료: 새 글 1개 발행됨
[publisher] 완료: 1개 글 발행
==================================================


==================================================
[publisher] 시작: 2026-06-13 12:27:34
[step1] 신규 파일: 0개
[publisher] 새 파일 없음 — 종료 (빌드 스킵)

==================================================
[publisher] 시작: 2026-06-13 12:57:35
[step1] 신규 파일: 0개
[publisher] 새 파일 없음 — 종료 (빌드 스킵)

==================================================
[publisher] 시작: 2026-06-13 13:27:35
[step1] 신규 파일: 0개
[publisher] 새 파일 없음 — 종료 (빌드 스킵)

==================================================
[publisher] 시작: 2026-06-13 13:57:36
[step1] 신규 파일: 0개
[publisher] 새 파일 없음 — 종료 (빌드 스킵)

==================================================
[publisher] 시작: 2026-06-13 14:27:36
[step1] 신규 파일: 0개
[publisher] 새 파일 없음 — 종료 (빌드 스킵)

==================================================
[publisher] 시작: 2026-06-13 14:57:36
[step1] 신규 파일: 0개
[publisher] 새 파일 없음 — 종료 (빌드 스킵)

==================================================
[publisher] 시작: 2026-06-13 15:27:37
[step1] 신규 파일: 0개
[publisher] 새 파일 없음 — 종료 (빌드 스킵)

==================================================
[publisher] 시작: 2026-06-13 15:57:37
[step1] 신규 파일: 0개
[publisher] 새 파일 없음 — 종료 (빌드 스킵)

==================================================
[publisher] 시작: 2026-06-13 16:27:38
[step1] 신규 파일: 0개
[publisher] 새 파일 없음 — 종료 (빌드 스킵)

==================================================
[publisher] 시작: 2026-06-13 16:57:38
[step1] 신규 파일: 0개
[publisher] 새 파일 없음 — 종료 (빌드 스킵)

==================================================
[publisher] 시작: 2026-06-13 17:27:38
[step1] 신규 파일: 0개
[publisher] 새 파일 없음 — 종료 (빌드 스킵)

==================================================
[publisher] 시작: 2026-06-13 17:57:39
[step1] 신규 파일: 0개
[publisher] 새 파일 없음 — 종료 (빌드 스킵)

==================================================
[publisher] 시작: 2026-06-13 18:27:39
[step1] 신규 파일: 0개
[publisher] 새 파일 없음 — 종료 (빌드 스킵)

==================================================
[publisher] 시작: 2026-06-13 18:57:39
[step1] 신규 파일: 0개
[publisher] 새 파일 없음 — 종료 (빌드 스킵)

==================================================
[publisher] 시작: 2026-06-13 19:27:40
[step1] 신규 파일: 0개
[publisher] 새 파일 없음 — 종료 (빌드 스킵)

==================================================
[publisher] 시작: 2026-06-13 19:57:40
[step1] 신규 파일: 0개
[publisher] 새 파일 없음 — 종료 (빌드 스킵)

==================================================
[publisher] 시작: 2026-06-13 20:27:41
[step1] 신규 파일: 0개
[publisher] 새 파일 없음 — 종료 (빌드 스킵)

==================================================
[publisher] 시작: 2026-06-13 20:57:41
[step1] 신규 파일: 0개
[publisher] 새 파일 없음 — 종료 (빌드 스킵)

==================================================
[publisher] 시작: 2026-06-13 21:27:41
[step1] 신규 파일: 0개
[publisher] 새 파일 없음 — 종료 (빌드 스킵)

==================================================
[publisher] 시작: 2026-06-13 21:57:42
[step1] 신규 파일: 0개
[publisher] 새 파일 없음 — 종료 (빌드 스킵)

==================================================
[publisher] 시작: 2026-06-13 22:27:42
[step1] 신규 파일: 0개
[publisher] 새 파일 없음 — 종료 (빌드 스킵)

==================================================
[publisher] 시작: 2026-06-13 22:57:42
[step1] 신규 파일: 0개
[publisher] 새 파일 없음 — 종료 (빌드 스킵)

==================================================
[publisher] 시작: 2026-06-13 23:27:43
[step1] 신규 파일: 0개
[publisher] 새 파일 없음 — 종료 (빌드 스킵)

==================================================
[publisher] 시작: 2026-06-13 23:57:43
[step1] 신규 파일: 0개
[publisher] 새 파일 없음 — 종료 (빌드 스킵)

==================================================
[publisher] 시작: 2026-06-14 00:27:43
[step1] 신규 파일: 0개
[publisher] 새 파일 없음 — 종료 (빌드 스킵)

==================================================
[publisher] 시작: 2026-06-14 00:57:44
[step1] 신규 파일: 0개
[publisher] 새 파일 없음 — 종료 (빌드 스킵)

==================================================
[publisher] 시작: 2026-06-14 01:27:44
[step1] 신규 파일: 0개
[publisher] 새 파일 없음 — 종료 (빌드 스킵)

==================================================
[publisher] 시작: 2026-06-14 01:57:44
[step1] 신규 파일: 0개
[publisher] 새 파일 없음 — 종료 (빌드 스킵)

==================================================
[publisher] 시작: 2026-06-14 02:27:45
[step1] 신규 파일: 0개
[publisher] 새 파일 없음 — 종료 (빌드 스킵)

==================================================
[publisher] 시작: 2026-06-14 02:57:45
[step1] 신규 파일: 0개
[publisher] 새 파일 없음 — 종료 (빌드 스킵)

==================================================
[publisher] 시작: 2026-06-14 03:27:45
[step1] 신규 파일: 0개
[publisher] 새 파일 없음 — 종료 (빌드 스킵)

==================================================
[publisher] 시작: 2026-06-14 03:57:46
[step1] 신규 파일: 0개
[publisher] 새 파일 없음 — 종료 (빌드 스킵)

==================================================
[publisher] 시작: 2026-06-14 04:27:46
[step1] 신규 파일: 0개
[publisher] 새 파일 없음 — 종료 (빌드 스킵)

==================================================
[publisher] 시작: 2026-06-14 04:57:46
[step1] 신규 파일: 0개
[publisher] 새 파일 없음 — 종료 (빌드 스킵)

==================================================
[publisher] 시작: 2026-06-14 05:27:47
[step1] 신규 파일: 0개
[publisher] 새 파일 없음 — 종료 (빌드 스킵)

==================================================
[publisher] 시작: 2026-06-14 05:57:47
[step1] 신규 파일: 0개
[publisher] 새 파일 없음 — 종료 (빌드 스킵)

==================================================
[publisher] 시작: 2026-06-14 06:27:48
[step1] 신규 파일: 0개
[publisher] 새 파일 없음 — 종료 (빌드 스킵)

==================================================
[publisher] 시작: 2026-06-14 06:57:48
[step1] 신규 파일: 0개
[publisher] 새 파일 없음 — 종료 (빌드 스킵)

==================================================
[publisher] 시작: 2026-06-14 07:27:48
[step1] 신규 파일: 0개
[publisher] 새 파일 없음 — 종료 (빌드 스킵)

==================================================
[publisher] 시작: 2026-06-14 07:57:48
[step1] 신규 파일: 0개
[publisher] 새 파일 없음 — 종료 (빌드 스킵)

==================================================
[publisher] 시작: 2026-06-14 08:27:49
[step1] 신규 파일: 0개
[publisher] 새 파일 없음 — 종료 (빌드 스킵)

==================================================
[publisher] 시작: 2026-06-14 08:57:49
[step1] 신규 파일: 0개
[publisher] 새 파일 없음 — 종료 (빌드 스킵)

==================================================
[publisher] 시작: 2026-06-14 09:27:50
[step1] 신규 파일: 0개
[publisher] 새 파일 없음 — 종료 (빌드 스킵)

==================================================
[publisher] 시작: 2026-06-14 09:57:50
[step1] 신규 파일: 0개
[publisher] 새 파일 없음 — 종료 (빌드 스킵)

==================================================
[publisher] 시작: 2026-06-14 10:27:50
[step1] 신규 파일: 0개
[publisher] 새 파일 없음 — 종료 (빌드 스킵)

==================================================
[publisher] 시작: 2026-06-14 10:57:51
[step1] 신규 파일: 0개
[publisher] 새 파일 없음 — 종료 (빌드 스킵)

==================================================
[publisher] 시작: 2026-06-14 11:27:54
[step1] 신규 파일: 0개
[publisher] 새 파일 없음 — 종료 (빌드 스킵)

==================================================
[publisher] 시작: 2026-06-14 11:57:54
[step1] 신규 파일: 0개
[publisher] 새 파일 없음 — 종료 (빌드 스킵)

==================================================
[publisher] 시작: 2026-06-14 12:27:55
[step1] 신규 파일: 0개
[publisher] 새 파일 없음 — 종료 (빌드 스킵)

==================================================
[publisher] 시작: 2026-06-14 12:57:56
[step1] 신규 파일: 0개
[publisher] 새 파일 없음 — 종료 (빌드 스킵)

==================================================
[publisher] 시작: 2026-06-14 13:27:56
[step1] 신규 파일: 0개
[publisher] 새 파일 없음 — 종료 (빌드 스킵)

==================================================
[publisher] 시작: 2026-06-14 13:57:56
[step1] 신규 파일: 0개
[publisher] 새 파일 없음 — 종료 (빌드 스킵)

==================================================
[publisher] 시작: 2026-06-14 14:27:57
[step1] 신규 파일: 0개
[publisher] 새 파일 없음 — 종료 (빌드 스킵)

==================================================
[publisher] 시작: 2026-06-14 14:57:57
[step1] 신규 파일: 0개
[publisher] 새 파일 없음 — 종료 (빌드 스킵)

==================================================
[publisher] 시작: 2026-06-14 15:27:57
[step1] 신규 파일: 0개
[publisher] 새 파일 없음 — 종료 (빌드 스킵)

==================================================
[publisher] 시작: 2026-06-14 15:57:58
[step1] 신규 파일: 1개

--- 처리 중: 20260614-155113-2025-청년취업지원금-경력-단절-여성-위한-맞춤형-취업-전략.md
  [step3] 카테고리: tax (needs_review=False)
  [step4] 변환 완료 (slug=2025-청년취업지원금-경력-단절-여성-위한-맞춤형-취업-전략)
  [r2] 업로드 완료: blog-thumbnails/2025-청년취업지원금-경력-단절-여성-위한-맞춤형-취업-전략.jpg
  [step5] 썸네일: 2025-청년취업지원금-경력-단절-여성-위한-맞춤형-취업-전략.jpg
  [step6] 엔티티 주석 삽입
  [step7] 복사: 2025-청년취업지원금-경력-단절-여성-위한-맞춤형-취업-전략.md
  [move] 20260614-155113-2025-청년취업지원금-경력-단절-여성-위한-맞춤형-취업-전략.md → 20260614/

[publisher] 처리 완료: 1개 발행 대상
[deployer] 빌드 시작 (1개 신규 파일)
[deployer] 빌드 성공, 배포 시작
[deployer] ✅ 배포 완료: 새 글 1개 발행됨
[publisher] 완료: 1개 글 발행
==================================================


==================================================
[publisher] 시작: 2026-06-14 16:29:24
[step1] 신규 파일: 2개

--- 처리 중: 20260614-145849-2025년-출산지원금-육아복지-첫만남이용권부터-전세자금까지.md
  [step3] 카테고리: loan (needs_review=False)
  [step4] 변환 완료 (slug=2025년-출산지원금-육아복지-첫만남이용권부터-전세자금까지)
  [r2] 업로드 완료: blog-thumbnails/2025년-출산지원금-육아복지-첫만남이용권부터-전세자금까지.jpg
  [step5] 썸네일: 2025년-출산지원금-육아복지-첫만남이용권부터-전세자금까지.jpg
  [step6] 엔티티 주석 삽입
  [step7] 복사: 2025년-출산지원금-육아복지-첫만남이용권부터-전세자금까지.md
  [move] 20260614-145849-2025년-출산지원금-육아복지-첫만남이용권부터-전세자금까지.md → 20260614/

[publisher] 처리 완료: 1개 발행 대상
[deployer] 빌드 시작 (1개 신규 파일)
[deployer] 빌드 성공, 배포 시작
🚨 자동 발행 실패 — 수동 발행 필요
원인: Cloudflare Pages 배포 실패
stderr: 0m [1mNo refresh token is present.[0m


[31m✘ [41;31m[[41;97mERROR[41;31m][0m [1mFailed to fetch auth token: 400 Bad Request[0m


[31m✘ [41;31m[[41;97mERROR[41;31m][0m [1mNot logged in.[0m


🪵  Logs were written to "/Users/twinssn/.wrangler/logs/wrangler-2026-06-14_09-30-22_106.log"

수동 실행: python3 scripts/persona-publisher/publisher.py
[telegram] 알림 전송 완료
[publisher] 배포 실패

==================================================
[publisher] 시작: 2026-06-14 17:00:25
[step1] 신규 파일: 1개

--- 처리 중: 20260614-154931-2025년-기초생활수급자-선정-기준과-급여별-지원-내용-및-신청-절차별-혜택-가이드.md
  [step3] 카테고리: loan (needs_review=False)
  [step4] 변환 완료 (slug=2025년-기초생활수급자-선정-기준과-급여별-지원-내용-및-신청-절차별-혜택-가이드)
  [r2] 업로드 완료: blog-thumbnails/2025년-기초생활수급자-선정-기준과-급여별-지원-내용-및-신청-절차별-혜택-가이드.jpg
  [step5] 썸네일: 2025년-기초생활수급자-선정-기준과-급여별-지원-내용-및-신청-절차별-혜택-가이드.jpg
  [step6] 엔티티 주석 삽입
  [step7] 복사: 2025년-기초생활수급자-선정-기준과-급여별-지원-내용-및-신청-절차별-혜택-가이드.md
  [move] 20260614-154931-2025년-기초생활수급자-선정-기준과-급여별-지원-내용-및-신청-절차별-혜택-가이드.md → 20260614/

[publisher] 처리 완료: 1개 발행 대상
[deployer] 빌드 시작 (1개 신규 파일)
[deployer] 빌드 성공, 배포 시작
Traceback (most recent call last):
  File "/Users/twinssn/projects/money-aikorea24/scripts/persona-publisher/publisher.py", line 163, in <module>
    run()
    ~~~^^
  File "/Users/twinssn/projects/money-aikorea24/scripts/persona-publisher/publisher.py", line 153, in run
    success = deployer.build_and_deploy(len(published))
  File "/Users/twinssn/projects/money-aikorea24/scripts/persona-publisher/deployer.py", line 162, in build_and_deploy
    return _deploy(count)
  File "/Users/twinssn/projects/money-aikorea24/scripts/persona-publisher/deployer.py", line 236, in _deploy
    from dotenv import load_dotenv as _ldenv
ModuleNotFoundError: No module named 'dotenv'

==================================================
[publisher] 시작: 2026-06-14 17:31:22
[step1] 신규 파일: 0개
[publisher] 새 파일 없음 — 종료 (빌드 스킵)

==================================================
[publisher] 시작: 2026-06-14 18:01:22
[step1] 신규 파일: 0개
[publisher] 새 파일 없음 — 종료 (빌드 스킵)

==================================================
[publisher] 시작: 2026-06-14 18:31:23
[step1] 신규 파일: 0개
[publisher] 새 파일 없음 — 종료 (빌드 스킵)

==================================================
[publisher] 시작: 2026-06-14 19:01:23
[step1] 신규 파일: 0개
[publisher] 새 파일 없음 — 종료 (빌드 스킵)

==================================================
[publisher] 시작: 2026-06-14 19:31:23
[step1] 신규 파일: 0개
[publisher] 새 파일 없음 — 종료 (빌드 스킵)

==================================================
[publisher] 시작: 2026-06-14 20:01:24
[step1] 신규 파일: 0개
[publisher] 새 파일 없음 — 종료 (빌드 스킵)

==================================================
[publisher] 시작: 2026-06-14 20:31:24
[step1] 신규 파일: 0개
[publisher] 새 파일 없음 — 종료 (빌드 스킵)

==================================================
[publisher] 시작: 2026-06-14 21:01:24
[step1] 신규 파일: 0개
[publisher] 새 파일 없음 — 종료 (빌드 스킵)

==================================================
[publisher] 시작: 2026-06-14 21:31:25
[step1] 신규 파일: 0개
[publisher] 새 파일 없음 — 종료 (빌드 스킵)

==================================================
[publisher] 시작: 2026-06-14 22:01:25
[step1] 신규 파일: 0개
[publisher] 새 파일 없음 — 종료 (빌드 스킵)

==================================================
[publisher] 시작: 2026-06-14 22:31:25
[step1] 신규 파일: 0개
[publisher] 새 파일 없음 — 종료 (빌드 스킵)

==================================================
[publisher] 시작: 2026-06-14 23:01:26
[step1] 신규 파일: 0개
[publisher] 새 파일 없음 — 종료 (빌드 스킵)

==================================================
[publisher] 시작: 2026-06-14 23:31:26
[step1] 신규 파일: 0개
[publisher] 새 파일 없음 — 종료 (빌드 스킵)

==================================================
[publisher] 시작: 2026-06-15 00:01:27
[step1] 신규 파일: 0개
[publisher] 새 파일 없음 — 종료 (빌드 스킵)

==================================================
[publisher] 시작: 2026-06-15 00:31:27
[step1] 신규 파일: 0개
[publisher] 새 파일 없음 — 종료 (빌드 스킵)

==================================================
[publisher] 시작: 2026-06-15 01:01:27
[step1] 신규 파일: 0개
[publisher] 새 파일 없음 — 종료 (빌드 스킵)

==================================================
[publisher] 시작: 2026-06-15 01:31:28
[step1] 신규 파일: 0개
[publisher] 새 파일 없음 — 종료 (빌드 스킵)

==================================================
[publisher] 시작: 2026-06-15 02:01:28
[step1] 신규 파일: 0개
[publisher] 새 파일 없음 — 종료 (빌드 스킵)

==================================================
[publisher] 시작: 2026-06-15 02:31:28
[step1] 신규 파일: 0개
[publisher] 새 파일 없음 — 종료 (빌드 스킵)

==================================================
[publisher] 시작: 2026-06-15 03:01:29
[step1] 신규 파일: 0개
[publisher] 새 파일 없음 — 종료 (빌드 스킵)

==================================================
[publisher] 시작: 2026-06-15 03:31:29
[step1] 신규 파일: 0개
[publisher] 새 파일 없음 — 종료 (빌드 스킵)

==================================================
[publisher] 시작: 2026-06-15 04:01:29
[step1] 신규 파일: 0개
[publisher] 새 파일 없음 — 종료 (빌드 스킵)

==================================================
[publisher] 시작: 2026-06-15 04:31:30
[step1] 신규 파일: 0개
[publisher] 새 파일 없음 — 종료 (빌드 스킵)

==================================================
[publisher] 시작: 2026-06-15 05:01:30
[step1] 신규 파일: 0개
[publisher] 새 파일 없음 — 종료 (빌드 스킵)

==================================================
[publisher] 시작: 2026-06-15 05:31:30
[step1] 신규 파일: 0개
[publisher] 새 파일 없음 — 종료 (빌드 스킵)

==================================================
[publisher] 시작: 2026-06-15 06:01:31
[step1] 신규 파일: 0개
[publisher] 새 파일 없음 — 종료 (빌드 스킵)

==================================================
[publisher] 시작: 2026-06-15 06:31:31
[step1] 신규 파일: 0개
[publisher] 새 파일 없음 — 종료 (빌드 스킵)

==================================================
[publisher] 시작: 2026-06-15 07:01:32
[step1] 신규 파일: 0개
[publisher] 새 파일 없음 — 종료 (빌드 스킵)

==================================================
[publisher] 시작: 2026-06-15 07:31:32
[step1] 신규 파일: 0개
[publisher] 새 파일 없음 — 종료 (빌드 스킵)

==================================================
[publisher] 시작: 2026-06-15 08:01:32
[step1] 신규 파일: 0개
[publisher] 새 파일 없음 — 종료 (빌드 스킵)

==================================================
[publisher] 시작: 2026-06-15 08:31:33
[step1] 신규 파일: 0개
[publisher] 새 파일 없음 — 종료 (빌드 스킵)

==================================================
[publisher] 시작: 2026-06-15 09:01:33
[step1] 신규 파일: 0개
[publisher] 새 파일 없음 — 종료 (빌드 스킵)

==================================================
[publisher] 시작: 2026-06-15 09:31:33
[step1] 신규 파일: 0개
[publisher] 새 파일 없음 — 종료 (빌드 스킵)

==================================================
[publisher] 시작: 2026-06-15 10:01:34
[step1] 신규 파일: 0개
[publisher] 새 파일 없음 — 종료 (빌드 스킵)

==================================================
[publisher] 시작: 2026-06-15 10:31:35
[step1] 신규 파일: 0개
[publisher] 새 파일 없음 — 종료 (빌드 스킵)

==================================================
[publisher] 시작: 2026-06-15 11:01:35
[step1] 신규 파일: 0개
[publisher] 새 파일 없음 — 종료 (빌드 스킵)

==================================================
[publisher] 시작: 2026-06-15 11:31:36
[step1] 신규 파일: 0개
[publisher] 새 파일 없음 — 종료 (빌드 스킵)

==================================================
[publisher] 시작: 2026-06-15 12:01:36
[step1] 신규 파일: 0개
[publisher] 새 파일 없음 — 종료 (빌드 스킵)

==================================================
[publisher] 시작: 2026-06-15 12:31:37
[step1] 신규 파일: 0개
[publisher] 새 파일 없음 — 종료 (빌드 스킵)

==================================================
[publisher] 시작: 2026-06-15 13:01:37
[step1] 신규 파일: 0개
[publisher] 새 파일 없음 — 종료 (빌드 스킵)

==================================================
[publisher] 시작: 2026-06-15 13:31:37
[step1] 신규 파일: 0개
[publisher] 새 파일 없음 — 종료 (빌드 스킵)

==================================================
[publisher] 시작: 2026-06-15 14:01:38
[step1] 신규 파일: 0개
[publisher] 새 파일 없음 — 종료 (빌드 스킵)

==================================================
[publisher] 시작: 2026-06-15 14:31:38
[step1] 신규 파일: 0개
[publisher] 새 파일 없음 — 종료 (빌드 스킵)

==================================================
[publisher] 시작: 2026-06-15 15:01:39
[step1] 신규 파일: 0개
[publisher] 새 파일 없음 — 종료 (빌드 스킵)

==================================================
[publisher] 시작: 2026-06-15 15:31:39
[step1] 신규 파일: 0개
[publisher] 새 파일 없음 — 종료 (빌드 스킵)

==================================================
[publisher] 시작: 2026-06-15 16:01:43
[step1] 신규 파일: 0개
[publisher] 새 파일 없음 — 종료 (빌드 스킵)

==================================================
[publisher] 시작: 2026-06-15 16:31:43
[step1] 신규 파일: 0개
[publisher] 새 파일 없음 — 종료 (빌드 스킵)

==================================================
[publisher] 시작: 2026-06-15 17:01:44
[step1] 신규 파일: 0개
[publisher] 새 파일 없음 — 종료 (빌드 스킵)

==================================================
[publisher] 시작: 2026-06-15 17:31:44
[step1] 신규 파일: 0개
[publisher] 새 파일 없음 — 종료 (빌드 스킵)

==================================================
[publisher] 시작: 2026-06-15 18:01:44
[step1] 신규 파일: 0개
[publisher] 새 파일 없음 — 종료 (빌드 스킵)

==================================================
[publisher] 시작: 2026-06-15 18:31:45
[step1] 신규 파일: 0개
[publisher] 새 파일 없음 — 종료 (빌드 스킵)

==================================================
[publisher] 시작: 2026-06-15 19:01:45
[step1] 신규 파일: 0개
[publisher] 새 파일 없음 — 종료 (빌드 스킵)

==================================================
[publisher] 시작: 2026-06-15 19:31:45
[step1] 신규 파일: 0개
[publisher] 새 파일 없음 — 종료 (빌드 스킵)

==================================================
[publisher] 시작: 2026-06-15 20:01:46
[step1] 신규 파일: 0개
[publisher] 새 파일 없음 — 종료 (빌드 스킵)

==================================================
[publisher] 시작: 2026-06-15 20:31:46
[step1] 신규 파일: 0개
[publisher] 새 파일 없음 — 종료 (빌드 스킵)

==================================================
[publisher] 시작: 2026-06-15 21:01:46
[step1] 신규 파일: 0개
[publisher] 새 파일 없음 — 종료 (빌드 스킵)

==================================================
[publisher] 시작: 2026-06-15 21:31:47
[step1] 신규 파일: 0개
[publisher] 새 파일 없음 — 종료 (빌드 스킵)

==================================================
[publisher] 시작: 2026-06-15 22:01:47
[step1] 신규 파일: 0개
[publisher] 새 파일 없음 — 종료 (빌드 스킵)

==================================================
[publisher] 시작: 2026-06-15 22:31:48
[step1] 신규 파일: 0개
[publisher] 새 파일 없음 — 종료 (빌드 스킵)

==================================================
[publisher] 시작: 2026-06-15 23:01:48
[step1] 신규 파일: 0개
[publisher] 새 파일 없음 — 종료 (빌드 스킵)

==================================================
[publisher] 시작: 2026-06-15 23:31:49
[step1] 신규 파일: 0개
[publisher] 새 파일 없음 — 종료 (빌드 스킵)

==================================================
[publisher] 시작: 2026-06-16 00:01:50
[step1] 신규 파일: 0개
[publisher] 새 파일 없음 — 종료 (빌드 스킵)

==================================================
[publisher] 시작: 2026-06-16 00:31:50
[step1] 신규 파일: 0개
[publisher] 새 파일 없음 — 종료 (빌드 스킵)

==================================================
[publisher] 시작: 2026-06-16 01:01:50
[step1] 신규 파일: 0개
[publisher] 새 파일 없음 — 종료 (빌드 스킵)

==================================================
[publisher] 시작: 2026-06-16 01:31:51
[step1] 신규 파일: 0개
[publisher] 새 파일 없음 — 종료 (빌드 스킵)

==================================================
[publisher] 시작: 2026-06-16 02:01:51
[step1] 신규 파일: 0개
[publisher] 새 파일 없음 — 종료 (빌드 스킵)

==================================================
[publisher] 시작: 2026-06-16 02:31:51
[step1] 신규 파일: 0개
[publisher] 새 파일 없음 — 종료 (빌드 스킵)

==================================================
[publisher] 시작: 2026-06-16 03:01:52
[step1] 신규 파일: 0개
[publisher] 새 파일 없음 — 종료 (빌드 스킵)

==================================================
[publisher] 시작: 2026-06-16 03:31:52
[step1] 신규 파일: 0개
[publisher] 새 파일 없음 — 종료 (빌드 스킵)

==================================================
[publisher] 시작: 2026-06-16 04:01:52
[step1] 신규 파일: 0개
[publisher] 새 파일 없음 — 종료 (빌드 스킵)

==================================================
[publisher] 시작: 2026-06-16 04:31:53
[step1] 신규 파일: 0개
[publisher] 새 파일 없음 — 종료 (빌드 스킵)

==================================================
[publisher] 시작: 2026-06-16 05:01:53
[step1] 신규 파일: 0개
[publisher] 새 파일 없음 — 종료 (빌드 스킵)

==================================================
[publisher] 시작: 2026-06-16 05:31:54
[step1] 신규 파일: 0개
[publisher] 새 파일 없음 — 종료 (빌드 스킵)

==================================================
[publisher] 시작: 2026-06-16 06:01:54
[step1] 신규 파일: 0개
[publisher] 새 파일 없음 — 종료 (빌드 스킵)

==================================================
[publisher] 시작: 2026-06-16 06:31:54
[step1] 신규 파일: 0개
[publisher] 새 파일 없음 — 종료 (빌드 스킵)

==================================================
[publisher] 시작: 2026-06-16 07:01:54
[step1] 신규 파일: 0개
[publisher] 새 파일 없음 — 종료 (빌드 스킵)

==================================================
[publisher] 시작: 2026-06-16 07:31:55
[step1] 신규 파일: 0개
[publisher] 새 파일 없음 — 종료 (빌드 스킵)

==================================================
[publisher] 시작: 2026-06-16 08:01:56
[step1] 신규 파일: 0개
[publisher] 새 파일 없음 — 종료 (빌드 스킵)

==================================================
[publisher] 시작: 2026-06-16 08:31:57
[step1] 신규 파일: 0개
[publisher] 새 파일 없음 — 종료 (빌드 스킵)

==================================================
[publisher] 시작: 2026-06-16 09:01:57
[step1] 신규 파일: 0개
[publisher] 새 파일 없음 — 종료 (빌드 스킵)

==================================================
[publisher] 시작: 2026-06-16 09:31:57
[step1] 신규 파일: 0개
[publisher] 새 파일 없음 — 종료 (빌드 스킵)

==================================================
[publisher] 시작: 2026-06-16 10:01:58
[step1] 신규 파일: 0개
[publisher] 새 파일 없음 — 종료 (빌드 스킵)

==================================================
[publisher] 시작: 2026-06-16 10:31:58
[step1] 신규 파일: 0개
[publisher] 새 파일 없음 — 종료 (빌드 스킵)

==================================================
[publisher] 시작: 2026-06-16 11:01:59
[step1] 신규 파일: 0개
[publisher] 새 파일 없음 — 종료 (빌드 스킵)

==================================================
[publisher] 시작: 2026-06-16 11:31:59
[step1] 신규 파일: 0개
[publisher] 새 파일 없음 — 종료 (빌드 스킵)

==================================================
[publisher] 시작: 2026-06-16 12:02:00
[step1] 신규 파일: 0개
[publisher] 새 파일 없음 — 종료 (빌드 스킵)

==================================================
[publisher] 시작: 2026-06-16 12:32:00
[step1] 신규 파일: 0개
[publisher] 새 파일 없음 — 종료 (빌드 스킵)

==================================================
[publisher] 시작: 2026-06-16 13:02:01
[step1] 신규 파일: 0개
[publisher] 새 파일 없음 — 종료 (빌드 스킵)

==================================================
[publisher] 시작: 2026-06-16 13:32:01
[step1] 신규 파일: 0개
[publisher] 새 파일 없음 — 종료 (빌드 스킵)

==================================================
[publisher] 시작: 2026-06-16 14:02:02
[step1] 신규 파일: 0개
[publisher] 새 파일 없음 — 종료 (빌드 스킵)

==================================================
[publisher] 시작: 2026-06-16 14:32:02
[step1] 신규 파일: 0개
[publisher] 새 파일 없음 — 종료 (빌드 스킵)

==================================================
[publisher] 시작: 2026-06-16 15:02:03
[step1] 신규 파일: 0개
[publisher] 새 파일 없음 — 종료 (빌드 스킵)

==================================================
[publisher] 시작: 2026-06-16 15:32:03
[step1] 신규 파일: 0개
[publisher] 새 파일 없음 — 종료 (빌드 스킵)

==================================================
[publisher] 시작: 2026-06-16 16:02:04
[step1] 신규 파일: 0개
[publisher] 새 파일 없음 — 종료 (빌드 스킵)

==================================================
[publisher] 시작: 2026-06-16 16:32:04
[step1] 신규 파일: 0개
[publisher] 새 파일 없음 — 종료 (빌드 스킵)

==================================================
[publisher] 시작: 2026-06-16 17:02:05
[step1] 신규 파일: 0개
[publisher] 새 파일 없음 — 종료 (빌드 스킵)

==================================================
[publisher] 시작: 2026-06-16 17:32:05
[step1] 신규 파일: 0개
[publisher] 새 파일 없음 — 종료 (빌드 스킵)

==================================================
[publisher] 시작: 2026-06-16 18:02:14
[step1] 신규 파일: 0개
[publisher] 새 파일 없음 — 종료 (빌드 스킵)

==================================================
[publisher] 시작: 2026-06-16 18:32:15
[step1] 신규 파일: 0개
[publisher] 새 파일 없음 — 종료 (빌드 스킵)

==================================================
[publisher] 시작: 2026-06-16 19:02:15
[step1] 신규 파일: 7개

--- 처리 중: 20260616-143817-150조-국민성장펀드-2차-프로젝트-바이오-지원의-핵심-의미.md
  [step3] 카테고리: invest (needs_review=False)
  [step4] 변환 완료 (slug=150조-국민성장펀드-2차-프로젝트-바이오-지원의-핵심-의미)
  [r2] 업로드 완료: blog-thumbnails/150조-국민성장펀드-2차-프로젝트-바이오-지원의-핵심-의미.jpg
  [step5] 썸네일: 150조-국민성장펀드-2차-프로젝트-바이오-지원의-핵심-의미.jpg
  [step6] 엔티티 주석 삽입
  [step7] 복사: 150조-국민성장펀드-2차-프로젝트-바이오-지원의-핵심-의미.md
  [move] 20260616-143817-150조-국민성장펀드-2차-프로젝트-바이오-지원의-핵심-의미.md → 20260616/

[publisher] 처리 완료: 1개 발행 대상
[deployer] 빌드 시작 (1개 신규 파일)
[deployer] 빌드 성공, 배포 시작
Traceback (most recent call last):
  File "/Users/twinssn/projects/money-aikorea24/scripts/persona-publisher/publisher.py", line 163, in <module>
    run()
    ~~~^^
  File "/Users/twinssn/projects/money-aikorea24/scripts/persona-publisher/publisher.py", line 153, in run
    success = deployer.build_and_deploy(len(published))
  File "/Users/twinssn/projects/money-aikorea24/scripts/persona-publisher/deployer.py", line 162, in build_and_deploy
    return _deploy(count)
  File "/Users/twinssn/projects/money-aikorea24/scripts/persona-publisher/deployer.py", line 236, in _deploy
    from dotenv import load_dotenv as _ldenv
ModuleNotFoundError: No module named 'dotenv'

==================================================
[publisher] 시작: 2026-06-16 19:33:13
[step1] 신규 파일: 6개

--- 처리 중: 20260616-143943-150조-국민성장펀드-2026년-세제-혜택과-장기-투자-전략.md
  [step3] 카테고리: invest (needs_review=False)
  [step4] 변환 완료 (slug=150조-국민성장펀드-2026년-세제-혜택과-장기-투자-전략)
  [r2] 업로드 완료: blog-thumbnails/150조-국민성장펀드-2026년-세제-혜택과-장기-투자-전략.jpg
  [step5] 썸네일: 150조-국민성장펀드-2026년-세제-혜택과-장기-투자-전략.jpg
  [step6] 엔티티 주석 삽입
  [step7] 복사: 150조-국민성장펀드-2026년-세제-혜택과-장기-투자-전략.md
  [move] 20260616-143943-150조-국민성장펀드-2026년-세제-혜택과-장기-투자-전략.md → 20260616/

[publisher] 처리 완료: 1개 발행 대상
[deployer] 빌드 시작 (1개 신규 파일)
[deployer] 빌드 성공, 배포 시작
Traceback (most recent call last):
  File "/Users/twinssn/projects/money-aikorea24/scripts/persona-publisher/publisher.py", line 163, in <module>
    run()
    ~~~^^
  File "/Users/twinssn/projects/money-aikorea24/scripts/persona-publisher/publisher.py", line 153, in run
    success = deployer.build_and_deploy(len(published))
  File "/Users/twinssn/projects/money-aikorea24/scripts/persona-publisher/deployer.py", line 162, in build_and_deploy
    return _deploy(count)
  File "/Users/twinssn/projects/money-aikorea24/scripts/persona-publisher/deployer.py", line 236, in _deploy
    from dotenv import load_dotenv as _ldenv
ModuleNotFoundError: No module named 'dotenv'

==================================================
[publisher] 시작: 2026-06-16 20:04:10
[step1] 신규 파일: 5개

--- 처리 중: 20260616-144458-2026-국민성장펀드-가입-정보-및-손실보전-구조-분석.md
  [step3] 카테고리: invest (needs_review=False)
  [step4] 변환 완료 (slug=2026-국민성장펀드-가입-정보-및-손실보전-구조-분석)
  [r2] 업로드 완료: blog-thumbnails/2026-국민성장펀드-가입-정보-및-손실보전-구조-분석.jpg
  [step5] 썸네일: 2026-국민성장펀드-가입-정보-및-손실보전-구조-분석.jpg
  [step6] 엔티티 주석 삽입
  [step7] 복사: 2026-국민성장펀드-가입-정보-및-손실보전-구조-분석.md
  [move] 20260616-144458-2026-국민성장펀드-가입-정보-및-손실보전-구조-분석.md → 20260616/

[publisher] 처리 완료: 1개 발행 대상
[deployer] 빌드 시작 (1개 신규 파일)
[deployer] 빌드 성공, 배포 시작
Traceback (most recent call last):
  File "/Users/twinssn/projects/money-aikorea24/scripts/persona-publisher/publisher.py", line 163, in <module>
    run()
    ~~~^^
  File "/Users/twinssn/projects/money-aikorea24/scripts/persona-publisher/publisher.py", line 153, in run
    success = deployer.build_and_deploy(len(published))
  File "/Users/twinssn/projects/money-aikorea24/scripts/persona-publisher/deployer.py", line 162, in build_and_deploy
    return _deploy(count)
  File "/Users/twinssn/projects/money-aikorea24/scripts/persona-publisher/deployer.py", line 236, in _deploy
    from dotenv import load_dotenv as _ldenv
ModuleNotFoundError: No module named 'dotenv'

==================================================
[publisher] 시작: 2026-06-16 20:35:06
[step1] 신규 파일: 4개

--- 처리 중: 20260616-144922-2026년-무직자를-위한-안전한-소액대출-가이드-승인율-높이는-비상금-대출-전략.md
  [step3] 카테고리: loan (needs_review=False)
  [step4] 변환 완료 (slug=2026년-무직자를-위한-안전한-소액대출-가이드-승인율-높이는-비상금-대출-전략)
  [r2] 업로드 완료: blog-thumbnails/2026년-무직자를-위한-안전한-소액대출-가이드-승인율-높이는-비상금-대출-전략.jpg
  [step5] 썸네일: 2026년-무직자를-위한-안전한-소액대출-가이드-승인율-높이는-비상금-대출-전략.jpg
  [step6] 엔티티 주석 삽입
  [step7] 복사: 2026년-무직자를-위한-안전한-소액대출-가이드-승인율-높이는-비상금-대출-전략.md
  [move] 20260616-144922-2026년-무직자를-위한-안전한-소액대출-가이드-승인율-높이는-비상금-대출-전략.md → 20260616/

[publisher] 처리 완료: 1개 발행 대상
[deployer] 빌드 시작 (1개 신규 파일)
[deployer] 빌드 성공, 배포 시작
Traceback (most recent call last):
  File "/Users/twinssn/projects/money-aikorea24/scripts/persona-publisher/publisher.py", line 163, in <module>
    run()
    ~~~^^
  File "/Users/twinssn/projects/money-aikorea24/scripts/persona-publisher/publisher.py", line 153, in run
    success = deployer.build_and_deploy(len(published))
  File "/Users/twinssn/projects/money-aikorea24/scripts/persona-publisher/deployer.py", line 162, in build_and_deploy
    return _deploy(count)
  File "/Users/twinssn/projects/money-aikorea24/scripts/persona-publisher/deployer.py", line 236, in _deploy
    from dotenv import load_dotenv as _ldenv
ModuleNotFoundError: No module named 'dotenv'

==================================================
[publisher] 시작: 2026-06-16 21:06:04
[step1] 신규 파일: 3개

--- 처리 중: 20260616-144928-2026년-레버리지-ETF-투자-가이드-금융투자교육원-사전교육-필수.md
  [step3] 카테고리: invest (needs_review=False)
  [step4] 변환 완료 (slug=2026년-레버리지-ETF-투자-가이드-금융투자교육원-사전교육-필수)
  [r2] 업로드 완료: blog-thumbnails/2026년-레버리지-ETF-투자-가이드-금융투자교육원-사전교육-필수.jpg
  [step5] 썸네일: 2026년-레버리지-ETF-투자-가이드-금융투자교육원-사전교육-필수.jpg
  [step6] 엔티티 주석 삽입
  [step7] 복사: 2026년-레버리지-ETF-투자-가이드-금융투자교육원-사전교육-필수.md
  [move] 20260616-144928-2026년-레버리지-ETF-투자-가이드-금융투자교육원-사전교육-필수.md → 20260616/

[publisher] 처리 완료: 1개 발행 대상
[deployer] 빌드 시작 (1개 신규 파일)
[deployer] 빌드 성공, 배포 시작
Traceback (most recent call last):
  File "/Users/twinssn/projects/money-aikorea24/scripts/persona-publisher/publisher.py", line 163, in <module>
    run()
    ~~~^^
  File "/Users/twinssn/projects/money-aikorea24/scripts/persona-publisher/publisher.py", line 153, in run
    success = deployer.build_and_deploy(len(published))
  File "/Users/twinssn/projects/money-aikorea24/scripts/persona-publisher/deployer.py", line 162, in build_and_deploy
    return _deploy(count)
  File "/Users/twinssn/projects/money-aikorea24/scripts/persona-publisher/deployer.py", line 236, in _deploy
    from dotenv import load_dotenv as _ldenv
ModuleNotFoundError: No module named 'dotenv'

==================================================
[publisher] 시작: 2026-06-16 21:36:57
[step1] 신규 파일: 2개

--- 처리 중: 20260616-145506-퇴직연금-DB형-vs-DC형-2026년-개인별-맞춤-선택-가이드.md
  [step3] 카테고리: invest (needs_review=False)
  [step4] 변환 완료 (slug=퇴직연금-DB형-vs-DC형-2026년-개인별-맞춤-선택-가이드)
  [r2] 업로드 완료: blog-thumbnails/퇴직연금-DB형-vs-DC형-2026년-개인별-맞춤-선택-가이드.jpg
  [step5] 썸네일: 퇴직연금-DB형-vs-DC형-2026년-개인별-맞춤-선택-가이드.jpg
  [step6] 엔티티 주석 삽입
  [step7] 복사: 퇴직연금-DB형-vs-DC형-2026년-개인별-맞춤-선택-가이드.md
  [move] 20260616-145506-퇴직연금-DB형-vs-DC형-2026년-개인별-맞춤-선택-가이드.md → 20260616/

[publisher] 처리 완료: 1개 발행 대상
[deployer] 빌드 시작 (1개 신규 파일)
[deployer] 빌드 성공, 배포 시작
Traceback (most recent call last):
  File "/Users/twinssn/projects/money-aikorea24/scripts/persona-publisher/publisher.py", line 163, in <module>
    run()
    ~~~^^
  File "/Users/twinssn/projects/money-aikorea24/scripts/persona-publisher/publisher.py", line 153, in run
    success = deployer.build_and_deploy(len(published))
  File "/Users/twinssn/projects/money-aikorea24/scripts/persona-publisher/deployer.py", line 162, in build_and_deploy
    return _deploy(count)
  File "/Users/twinssn/projects/money-aikorea24/scripts/persona-publisher/deployer.py", line 236, in _deploy
    from dotenv import load_dotenv as _ldenv
ModuleNotFoundError: No module named 'dotenv'

==================================================
[publisher] 시작: 2026-06-16 22:07:54
[step1] 신규 파일: 1개

--- 처리 중: 20260616-183814-2026년-통장-압류-최저생계비-확보를-위한-압류금지채권-범위-변경-신청-완벽-가이드.md
  [step3] 카테고리: general (needs_review=True)
  [step4] 변환 완료 (slug=2026년-통장-압류-최저생계비-확보를-위한-압류금지채권-범위-변경-신청-완벽-가이드)
  [r2] 업로드 완료: blog-thumbnails/2026년-통장-압류-최저생계비-확보를-위한-압류금지채권-범위-변경-신청-완벽-가이드.jpg
  [step5] 썸네일: 2026년-통장-압류-최저생계비-확보를-위한-압류금지채권-범위-변경-신청-완벽-가이드.jpg
  [step6] 엔티티 주석 삽입
  [step7] 복사: 2026년-통장-압류-최저생계비-확보를-위한-압류금지채권-범위-변경-신청-완벽-가이드.md
  [move] 20260616-183814-2026년-통장-압류-최저생계비-확보를-위한-압류금지채권-범위-변경-신청-완벽-가이드.md → 20260616/

[publisher] 처리 완료: 1개 발행 대상
[deployer] 빌드 시작 (1개 신규 파일)
[deployer] 빌드 성공, 배포 시작
Traceback (most recent call last):
  File "/Users/twinssn/projects/money-aikorea24/scripts/persona-publisher/publisher.py", line 163, in <module>
    run()
    ~~~^^
  File "/Users/twinssn/projects/money-aikorea24/scripts/persona-publisher/publisher.py", line 153, in run
    success = deployer.build_and_deploy(len(published))
  File "/Users/twinssn/projects/money-aikorea24/scripts/persona-publisher/deployer.py", line 162, in build_and_deploy
    return _deploy(count)
  File "/Users/twinssn/projects/money-aikorea24/scripts/persona-publisher/deployer.py", line 236, in _deploy
    from dotenv import load_dotenv as _ldenv
ModuleNotFoundError: No module named 'dotenv'

==================================================
[publisher] 시작: 2026-06-16 22:38:54
[step1] 신규 파일: 0개
[publisher] 새 파일 없음 — 종료 (빌드 스킵)

==================================================
[publisher] 시작: 2026-06-16 23:08:55
[step1] 신규 파일: 0개
[publisher] 새 파일 없음 — 종료 (빌드 스킵)

==================================================
[publisher] 시작: 2026-06-16 23:38:55
[step1] 신규 파일: 0개
[publisher] 새 파일 없음 — 종료 (빌드 스킵)

==================================================
[publisher] 시작: 2026-06-17 00:08:56
[step1] 신규 파일: 0개
[publisher] 새 파일 없음 — 종료 (빌드 스킵)

==================================================
[publisher] 시작: 2026-06-17 00:38:56
[step1] 신규 파일: 0개
[publisher] 새 파일 없음 — 종료 (빌드 스킵)

==================================================
[publisher] 시작: 2026-06-17 01:08:56
[step1] 신규 파일: 0개
[publisher] 새 파일 없음 — 종료 (빌드 스킵)

==================================================
[publisher] 시작: 2026-06-17 01:38:57
[step1] 신규 파일: 0개
[publisher] 새 파일 없음 — 종료 (빌드 스킵)

==================================================
[publisher] 시작: 2026-06-17 02:08:57
[step1] 신규 파일: 0개
[publisher] 새 파일 없음 — 종료 (빌드 스킵)

==================================================
[publisher] 시작: 2026-06-17 02:38:57
[step1] 신규 파일: 0개
[publisher] 새 파일 없음 — 종료 (빌드 스킵)

==================================================
[publisher] 시작: 2026-06-17 03:08:58
[step1] 신규 파일: 0개
[publisher] 새 파일 없음 — 종료 (빌드 스킵)

==================================================
[publisher] 시작: 2026-06-17 03:38:58
[step1] 신규 파일: 0개
[publisher] 새 파일 없음 — 종료 (빌드 스킵)

==================================================
[publisher] 시작: 2026-06-17 04:08:58
[step1] 신규 파일: 0개
[publisher] 새 파일 없음 — 종료 (빌드 스킵)

==================================================
[publisher] 시작: 2026-06-17 04:38:59
[step1] 신규 파일: 0개
[publisher] 새 파일 없음 — 종료 (빌드 스킵)

==================================================
[publisher] 시작: 2026-06-17 05:08:59
[step1] 신규 파일: 0개
[publisher] 새 파일 없음 — 종료 (빌드 스킵)

==================================================
[publisher] 시작: 2026-06-17 05:38:59
[step1] 신규 파일: 0개
[publisher] 새 파일 없음 — 종료 (빌드 스킵)

==================================================
[publisher] 시작: 2026-06-17 06:09:00
[step1] 신규 파일: 0개
[publisher] 새 파일 없음 — 종료 (빌드 스킵)

==================================================
[publisher] 시작: 2026-06-17 06:39:00
[step1] 신규 파일: 0개
[publisher] 새 파일 없음 — 종료 (빌드 스킵)

==================================================
[publisher] 시작: 2026-06-17 07:09:00
[step1] 신규 파일: 0개
[publisher] 새 파일 없음 — 종료 (빌드 스킵)

==================================================
[publisher] 시작: 2026-06-17 07:39:01
[step1] 신규 파일: 0개
[publisher] 새 파일 없음 — 종료 (빌드 스킵)

==================================================
[publisher] 시작: 2026-06-17 08:09:01
[step1] 신규 파일: 0개
[publisher] 새 파일 없음 — 종료 (빌드 스킵)

==================================================
[publisher] 시작: 2026-06-17 08:39:02
[step1] 신규 파일: 0개
[publisher] 새 파일 없음 — 종료 (빌드 스킵)

==================================================
[publisher] 시작: 2026-06-17 09:09:02
[step1] 신규 파일: 0개
[publisher] 새 파일 없음 — 종료 (빌드 스킵)

==================================================
[publisher] 시작: 2026-06-17 09:39:03
[step1] 신규 파일: 0개
[publisher] 새 파일 없음 — 종료 (빌드 스킵)

==================================================
[publisher] 시작: 2026-06-17 10:09:03
[step1] 신규 파일: 0개
[publisher] 새 파일 없음 — 종료 (빌드 스킵)

==================================================
[publisher] 시작: 2026-06-17 10:39:03
[step1] 신규 파일: 0개
[publisher] 새 파일 없음 — 종료 (빌드 스킵)

==================================================
[publisher] 시작: 2026-06-17 11:09:04
[step1] 신규 파일: 0개
[publisher] 새 파일 없음 — 종료 (빌드 스킵)

==================================================
[publisher] 시작: 2026-06-17 11:39:04
[step1] 신규 파일: 0개
[publisher] 새 파일 없음 — 종료 (빌드 스킵)

==================================================
[publisher] 시작: 2026-06-17 12:09:05
[step1] 신규 파일: 0개
[publisher] 새 파일 없음 — 종료 (빌드 스킵)

==================================================
[publisher] 시작: 2026-06-17 12:39:05
[step1] 신규 파일: 0개
[publisher] 새 파일 없음 — 종료 (빌드 스킵)

==================================================
[publisher] 시작: 2026-06-17 13:09:05
[step1] 신규 파일: 0개
[publisher] 새 파일 없음 — 종료 (빌드 스킵)

==================================================
[publisher] 시작: 2026-06-17 13:39:06
[step1] 신규 파일: 0개
[publisher] 새 파일 없음 — 종료 (빌드 스킵)

==================================================
[publisher] 시작: 2026-06-17 14:09:06
[step1] 신규 파일: 0개
[publisher] 새 파일 없음 — 종료 (빌드 스킵)

==================================================
[publisher] 시작: 2026-06-17 14:39:07
[step1] 신규 파일: 0개
[publisher] 새 파일 없음 — 종료 (빌드 스킵)

==================================================
[publisher] 시작: 2026-06-17 15:09:07
[step1] 신규 파일: 0개
[publisher] 새 파일 없음 — 종료 (빌드 스킵)

==================================================
[publisher] 시작: 2026-06-17 15:39:08
[step1] 신규 파일: 0개
[publisher] 새 파일 없음 — 종료 (빌드 스킵)

==================================================
[publisher] 시작: 2026-06-17 16:09:08
[step1] 신규 파일: 1개

--- 처리 중: 20260616-141955-ISA만기-후-연금계좌전환으로-절세전략-실행하는-방법.md
  [step3] 카테고리: invest (needs_review=False)
  [step4] 변환 완료 (slug=ISA만기-후-연금계좌전환으로-절세전략-실행하는-방법)
  [step4.1] slug 정규화: 'ISA만기-후-연금계좌전환으로-절세전략-실행하는-방법' → 'ISA만기-후-연금계좌전환으로-절세전략-실행하는-방법'
  [r2] 업로드 완료: blog-thumbnails/ISA만기-후-연금계좌전환으로-절세전략-실행하는-방법.jpg
  [step5] 썸네일: ISA만기-후-연금계좌전환으로-절세전략-실행하는-방법.jpg
  [step6] 엔티티 주석 삽입
  [step7] 복사: ISA만기-후-연금계좌전환으로-절세전략-실행하는-방법.md
  [move] 20260616-141955-ISA만기-후-연금계좌전환으로-절세전략-실행하는-방법.md → 20260617/

[publisher] 처리 완료: 1개 발행 대상
[deployer] 빌드 시작 (1개 신규 파일)
[deployer] 빌드 성공, 배포 시작
[deployer] ✅ 배포 완료: 새 글 1개 발행됨
[publisher] 완료: 1개 글 발행
==================================================


==================================================
[publisher] 시작: 2026-06-17 16:40:35
[step1] 신규 파일: 0개
[publisher] 새 파일 없음 — 종료 (빌드 스킵)

==================================================
[publisher] 시작: 2026-06-17 17:10:36
[step1] 신규 파일: 0개
[publisher] 새 파일 없음 — 종료 (빌드 스킵)

==================================================
[publisher] 시작: 2026-06-17 17:40:36
[step1] 신규 파일: 0개
[publisher] 새 파일 없음 — 종료 (빌드 스킵)

==================================================
[publisher] 시작: 2026-06-17 18:10:36
[step1] 신규 파일: 0개
[publisher] 새 파일 없음 — 종료 (빌드 스킵)

==================================================
[publisher] 시작: 2026-06-17 18:40:37
[step1] 신규 파일: 0개
[publisher] 새 파일 없음 — 종료 (빌드 스킵)

==================================================
[publisher] 시작: 2026-06-17 19:10:40
[step1] 신규 파일: 0개
[publisher] 새 파일 없음 — 종료 (빌드 스킵)

==================================================
[publisher] 시작: 2026-06-17 19:40:40
[step1] 신규 파일: 0개
[publisher] 새 파일 없음 — 종료 (빌드 스킵)

==================================================
[publisher] 시작: 2026-06-17 20:10:41
[step1] 신규 파일: 0개
[publisher] 새 파일 없음 — 종료 (빌드 스킵)

==================================================
[publisher] 시작: 2026-06-17 20:40:42
[step1] 신규 파일: 0개
[publisher] 새 파일 없음 — 종료 (빌드 스킵)

==================================================
[publisher] 시작: 2026-06-17 21:10:42
[step1] 신규 파일: 0개
[publisher] 새 파일 없음 — 종료 (빌드 스킵)

==================================================
[publisher] 시작: 2026-06-17 21:40:42
[step1] 신규 파일: 0개
[publisher] 새 파일 없음 — 종료 (빌드 스킵)

==================================================
[publisher] 시작: 2026-06-17 22:10:43
[step1] 신규 파일: 0개
[publisher] 새 파일 없음 — 종료 (빌드 스킵)

==================================================
[publisher] 시작: 2026-06-17 22:40:43
[step1] 신규 파일: 0개
[publisher] 새 파일 없음 — 종료 (빌드 스킵)

==================================================
[publisher] 시작: 2026-06-17 23:10:43
[step1] 신규 파일: 0개
[publisher] 새 파일 없음 — 종료 (빌드 스킵)

==================================================
[publisher] 시작: 2026-06-17 23:40:44
[step1] 신규 파일: 0개
[publisher] 새 파일 없음 — 종료 (빌드 스킵)

==================================================
[publisher] 시작: 2026-06-18 00:10:44
[step1] 신규 파일: 0개
[publisher] 새 파일 없음 — 종료 (빌드 스킵)

==================================================
[publisher] 시작: 2026-06-18 00:40:44
[step1] 신규 파일: 0개
[publisher] 새 파일 없음 — 종료 (빌드 스킵)

==================================================
[publisher] 시작: 2026-06-18 01:10:45
[step1] 신규 파일: 0개
[publisher] 새 파일 없음 — 종료 (빌드 스킵)

==================================================
[publisher] 시작: 2026-06-18 01:40:45
[step1] 신규 파일: 0개
[publisher] 새 파일 없음 — 종료 (빌드 스킵)

==================================================
[publisher] 시작: 2026-06-18 02:10:45
[step1] 신규 파일: 0개
[publisher] 새 파일 없음 — 종료 (빌드 스킵)

==================================================
[publisher] 시작: 2026-06-18 02:40:46
[step1] 신규 파일: 0개
[publisher] 새 파일 없음 — 종료 (빌드 스킵)

==================================================
[publisher] 시작: 2026-06-18 03:10:46
[step1] 신규 파일: 0개
[publisher] 새 파일 없음 — 종료 (빌드 스킵)

==================================================
[publisher] 시작: 2026-06-18 03:40:47
[step1] 신규 파일: 0개
[publisher] 새 파일 없음 — 종료 (빌드 스킵)

==================================================
[publisher] 시작: 2026-06-18 04:10:47
[step1] 신규 파일: 0개
[publisher] 새 파일 없음 — 종료 (빌드 스킵)

==================================================
[publisher] 시작: 2026-06-18 04:40:47
[step1] 신규 파일: 0개
[publisher] 새 파일 없음 — 종료 (빌드 스킵)

==================================================
[publisher] 시작: 2026-06-18 05:10:48
[step1] 신규 파일: 0개
[publisher] 새 파일 없음 — 종료 (빌드 스킵)

==================================================
[publisher] 시작: 2026-06-18 05:40:48
[step1] 신규 파일: 0개
[publisher] 새 파일 없음 — 종료 (빌드 스킵)

==================================================
[publisher] 시작: 2026-06-18 06:10:49
[step1] 신규 파일: 0개
[publisher] 새 파일 없음 — 종료 (빌드 스킵)

==================================================
[publisher] 시작: 2026-06-18 06:40:49
[step1] 신규 파일: 0개
[publisher] 새 파일 없음 — 종료 (빌드 스킵)

==================================================
[publisher] 시작: 2026-06-18 07:10:49
[step1] 신규 파일: 0개
[publisher] 새 파일 없음 — 종료 (빌드 스킵)

==================================================
[publisher] 시작: 2026-06-18 07:40:49
[step1] 신규 파일: 0개
[publisher] 새 파일 없음 — 종료 (빌드 스킵)

==================================================
[publisher] 시작: 2026-06-18 08:10:50
[step1] 신규 파일: 0개
[publisher] 새 파일 없음 — 종료 (빌드 스킵)

==================================================
[publisher] 시작: 2026-06-18 08:40:50
[step1] 신규 파일: 0개
[publisher] 새 파일 없음 — 종료 (빌드 스킵)

==================================================
[publisher] 시작: 2026-06-18 09:10:50
[step1] 신규 파일: 0개
[publisher] 새 파일 없음 — 종료 (빌드 스킵)

==================================================
[publisher] 시작: 2026-06-18 09:40:51
[step1] 신규 파일: 0개
[publisher] 새 파일 없음 — 종료 (빌드 스킵)

==================================================
[publisher] 시작: 2026-06-18 09:59:00
[step1] 신규 파일: 0개
[publisher] 새 파일 없음 — 종료 (빌드 스킵)

==================================================
[publisher] 시작: 2026-06-18 10:29:01
[step1] 신규 파일: 0개
[publisher] 새 파일 없음 — 종료 (빌드 스킵)

==================================================
[publisher] 시작: 2026-06-18 10:59:01
[step1] 신규 파일: 0개
[publisher] 새 파일 없음 — 종료 (빌드 스킵)

==================================================
[publisher] 시작: 2026-06-18 11:29:01
[step1] 신규 파일: 0개
[publisher] 새 파일 없음 — 종료 (빌드 스킵)

==================================================
[publisher] 시작: 2026-06-18 11:59:02
[step1] 신규 파일: 0개
[publisher] 새 파일 없음 — 종료 (빌드 스킵)

==================================================
[publisher] 시작: 2026-06-18 12:29:02
[step1] 신규 파일: 0개
[publisher] 새 파일 없음 — 종료 (빌드 스킵)

==================================================
[publisher] 시작: 2026-06-18 12:59:02
[step1] 신규 파일: 0개
[publisher] 새 파일 없음 — 종료 (빌드 스킵)

==================================================
[publisher] 시작: 2026-06-18 13:29:02
[step1] 신규 파일: 0개
[publisher] 새 파일 없음 — 종료 (빌드 스킵)

==================================================
[publisher] 시작: 2026-06-18 13:59:03
[step1] 신규 파일: 0개
[publisher] 새 파일 없음 — 종료 (빌드 스킵)

==================================================
[publisher] 시작: 2026-06-18 14:29:03
[step1] 신규 파일: 0개
[publisher] 새 파일 없음 — 종료 (빌드 스킵)

==================================================
[publisher] 시작: 2026-06-18 14:59:03
[step1] 신규 파일: 0개
[publisher] 새 파일 없음 — 종료 (빌드 스킵)

==================================================
[publisher] 시작: 2026-06-18 15:29:03
[step1] 신규 파일: 0개
[publisher] 새 파일 없음 — 종료 (빌드 스킵)

==================================================
[publisher] 시작: 2026-06-18 15:59:04
[step1] 신규 파일: 0개
[publisher] 새 파일 없음 — 종료 (빌드 스킵)

==================================================
[publisher] 시작: 2026-06-18 16:29:04
[step1] 신규 파일: 0개
[publisher] 새 파일 없음 — 종료 (빌드 스킵)

==================================================
[publisher] 시작: 2026-06-18 16:59:04
[step1] 신규 파일: 0개
[publisher] 새 파일 없음 — 종료 (빌드 스킵)

==================================================
[publisher] 시작: 2026-06-18 17:29:04
[step1] 신규 파일: 0개
[publisher] 새 파일 없음 — 종료 (빌드 스킵)

==================================================
[publisher] 시작: 2026-06-18 17:59:05
[step1] 신규 파일: 0개
[publisher] 새 파일 없음 — 종료 (빌드 스킵)

==================================================
[publisher] 시작: 2026-06-18 18:29:05
[step1] 신규 파일: 0개
[publisher] 새 파일 없음 — 종료 (빌드 스킵)

==================================================
[publisher] 시작: 2026-06-18 18:59:05
[step1] 신규 파일: 0개
[publisher] 새 파일 없음 — 종료 (빌드 스킵)

==================================================
[publisher] 시작: 2026-06-18 19:29:06
[step1] 신규 파일: 0개
[publisher] 새 파일 없음 — 종료 (빌드 스킵)

==================================================
[publisher] 시작: 2026-06-18 19:59:06
[step1] 신규 파일: 0개
[publisher] 새 파일 없음 — 종료 (빌드 스킵)

==================================================
[publisher] 시작: 2026-06-18 20:29:06
[step1] 신규 파일: 0개
[publisher] 새 파일 없음 — 종료 (빌드 스킵)

==================================================
[publisher] 시작: 2026-06-18 20:59:07
[step1] 신규 파일: 0개
[publisher] 새 파일 없음 — 종료 (빌드 스킵)

==================================================
[publisher] 시작: 2026-06-18 21:29:07
[step1] 신규 파일: 0개
[publisher] 새 파일 없음 — 종료 (빌드 스킵)

==================================================
[publisher] 시작: 2026-06-18 21:59:07
[step1] 신규 파일: 0개
[publisher] 새 파일 없음 — 종료 (빌드 스킵)

==================================================
[publisher] 시작: 2026-06-18 22:29:08
[step1] 신규 파일: 0개
[publisher] 새 파일 없음 — 종료 (빌드 스킵)

==================================================
[publisher] 시작: 2026-06-18 22:59:08
[step1] 신규 파일: 0개
[publisher] 새 파일 없음 — 종료 (빌드 스킵)

==================================================
[publisher] 시작: 2026-06-18 23:29:09
[step1] 신규 파일: 0개
[publisher] 새 파일 없음 — 종료 (빌드 스킵)

==================================================
[publisher] 시작: 2026-06-18 23:59:09
[step1] 신규 파일: 0개
[publisher] 새 파일 없음 — 종료 (빌드 스킵)

==================================================
[publisher] 시작: 2026-06-19 00:29:10
[step1] 신규 파일: 0개
[publisher] 새 파일 없음 — 종료 (빌드 스킵)

==================================================
[publisher] 시작: 2026-06-19 00:59:10
[step1] 신규 파일: 0개
[publisher] 새 파일 없음 — 종료 (빌드 스킵)

==================================================
[publisher] 시작: 2026-06-19 01:29:10
[step1] 신규 파일: 0개
[publisher] 새 파일 없음 — 종료 (빌드 스킵)

==================================================
[publisher] 시작: 2026-06-19 01:59:11
[step1] 신규 파일: 0개
[publisher] 새 파일 없음 — 종료 (빌드 스킵)

==================================================
[publisher] 시작: 2026-06-19 02:29:11
[step1] 신규 파일: 0개
[publisher] 새 파일 없음 — 종료 (빌드 스킵)

==================================================
[publisher] 시작: 2026-06-19 02:59:11
[step1] 신규 파일: 0개
[publisher] 새 파일 없음 — 종료 (빌드 스킵)

==================================================
[publisher] 시작: 2026-06-19 03:29:12
[step1] 신규 파일: 0개
[publisher] 새 파일 없음 — 종료 (빌드 스킵)

==================================================
[publisher] 시작: 2026-06-19 03:59:12
[step1] 신규 파일: 0개
[publisher] 새 파일 없음 — 종료 (빌드 스킵)

==================================================
[publisher] 시작: 2026-06-19 04:29:13
[step1] 신규 파일: 0개
[publisher] 새 파일 없음 — 종료 (빌드 스킵)

==================================================
[publisher] 시작: 2026-06-19 04:59:13
[step1] 신규 파일: 0개
[publisher] 새 파일 없음 — 종료 (빌드 스킵)

==================================================
[publisher] 시작: 2026-06-19 05:29:13
[step1] 신규 파일: 0개
[publisher] 새 파일 없음 — 종료 (빌드 스킵)

==================================================
[publisher] 시작: 2026-06-19 05:59:14
[step1] 신규 파일: 0개
[publisher] 새 파일 없음 — 종료 (빌드 스킵)

==================================================
[publisher] 시작: 2026-06-19 06:29:14
[step1] 신규 파일: 0개
[publisher] 새 파일 없음 — 종료 (빌드 스킵)

==================================================
[publisher] 시작: 2026-06-19 06:59:14
[step1] 신규 파일: 0개
[publisher] 새 파일 없음 — 종료 (빌드 스킵)

==================================================
[publisher] 시작: 2026-06-19 07:29:15
[step1] 신규 파일: 0개
[publisher] 새 파일 없음 — 종료 (빌드 스킵)

==================================================
[publisher] 시작: 2026-06-19 07:59:15
[step1] 신규 파일: 0개
[publisher] 새 파일 없음 — 종료 (빌드 스킵)

==================================================
[publisher] 시작: 2026-06-19 08:29:16
[step1] 신규 파일: 0개
[publisher] 새 파일 없음 — 종료 (빌드 스킵)

==================================================
[publisher] 시작: 2026-06-19 08:59:16
[step1] 신규 파일: 0개
[publisher] 새 파일 없음 — 종료 (빌드 스킵)

==================================================
[publisher] 시작: 2026-06-19 09:29:16
[step1] 신규 파일: 0개
[publisher] 새 파일 없음 — 종료 (빌드 스킵)

==================================================
[publisher] 시작: 2026-06-19 09:59:16
[step1] 신규 파일: 0개
[publisher] 새 파일 없음 — 종료 (빌드 스킵)

==================================================
[publisher] 시작: 2026-06-19 10:29:17
[step1] 신규 파일: 0개
[publisher] 새 파일 없음 — 종료 (빌드 스킵)

==================================================
[publisher] 시작: 2026-06-19 10:59:17
[step1] 신규 파일: 0개
[publisher] 새 파일 없음 — 종료 (빌드 스킵)

==================================================
[publisher] 시작: 2026-06-19 11:29:17
[step1] 신규 파일: 0개
[publisher] 새 파일 없음 — 종료 (빌드 스킵)

==================================================
[publisher] 시작: 2026-06-19 11:59:18
[step1] 신규 파일: 0개
[publisher] 새 파일 없음 — 종료 (빌드 스킵)

==================================================
[publisher] 시작: 2026-06-19 12:29:18
[step1] 신규 파일: 0개
[publisher] 새 파일 없음 — 종료 (빌드 스킵)

==================================================
[publisher] 시작: 2026-06-19 12:59:19
[step1] 신규 파일: 0개
[publisher] 새 파일 없음 — 종료 (빌드 스킵)

==================================================
[publisher] 시작: 2026-06-19 13:29:19
[step1] 신규 파일: 0개
[publisher] 새 파일 없음 — 종료 (빌드 스킵)

==================================================
[publisher] 시작: 2026-06-19 13:59:19
[step1] 신규 파일: 0개
[publisher] 새 파일 없음 — 종료 (빌드 스킵)

==================================================
[publisher] 시작: 2026-06-19 14:29:20
[step1] 신규 파일: 0개
[publisher] 새 파일 없음 — 종료 (빌드 스킵)

==================================================
[publisher] 시작: 2026-06-19 14:59:20
[step1] 신규 파일: 0개
[publisher] 새 파일 없음 — 종료 (빌드 스킵)

==================================================
[publisher] 시작: 2026-06-19 15:29:20
[step1] 신규 파일: 0개
[publisher] 새 파일 없음 — 종료 (빌드 스킵)

==================================================
[publisher] 시작: 2026-06-19 15:59:21
[step1] 신규 파일: 0개
[publisher] 새 파일 없음 — 종료 (빌드 스킵)

==================================================
[publisher] 시작: 2026-06-19 16:29:21
[step1] 신규 파일: 0개
[publisher] 새 파일 없음 — 종료 (빌드 스킵)

==================================================
[publisher] 시작: 2026-06-19 16:59:21
[step1] 신규 파일: 0개
[publisher] 새 파일 없음 — 종료 (빌드 스킵)

==================================================
[publisher] 시작: 2026-06-19 17:29:22
[step1] 신규 파일: 0개
[publisher] 새 파일 없음 — 종료 (빌드 스킵)

==================================================
[publisher] 시작: 2026-06-19 17:59:22
[step1] 신규 파일: 0개
[publisher] 새 파일 없음 — 종료 (빌드 스킵)

==================================================
[publisher] 시작: 2026-06-19 18:29:22
[step1] 신규 파일: 0개
[publisher] 새 파일 없음 — 종료 (빌드 스킵)

==================================================
[publisher] 시작: 2026-06-19 18:59:23
[step1] 신규 파일: 0개
[publisher] 새 파일 없음 — 종료 (빌드 스킵)

==================================================
[publisher] 시작: 2026-06-19 19:29:23
[step1] 신규 파일: 0개
[publisher] 새 파일 없음 — 종료 (빌드 스킵)

==================================================
[publisher] 시작: 2026-06-19 19:59:23
[step1] 신규 파일: 0개
[publisher] 새 파일 없음 — 종료 (빌드 스킵)

==================================================
[publisher] 시작: 2026-06-19 20:29:24
[step1] 신규 파일: 0개
[publisher] 새 파일 없음 — 종료 (빌드 스킵)

==================================================
[publisher] 시작: 2026-06-19 20:59:24
[step1] 신규 파일: 0개
[publisher] 새 파일 없음 — 종료 (빌드 스킵)

==================================================
[publisher] 시작: 2026-06-19 21:29:24
[step1] 신규 파일: 0개
[publisher] 새 파일 없음 — 종료 (빌드 스킵)

==================================================
[publisher] 시작: 2026-06-19 21:59:25
[step1] 신규 파일: 0개
[publisher] 새 파일 없음 — 종료 (빌드 스킵)

==================================================
[publisher] 시작: 2026-06-19 22:29:25
[step1] 신규 파일: 0개
[publisher] 새 파일 없음 — 종료 (빌드 스킵)

==================================================
[publisher] 시작: 2026-06-19 22:59:25
[step1] 신규 파일: 0개
[publisher] 새 파일 없음 — 종료 (빌드 스킵)

==================================================
[publisher] 시작: 2026-06-19 23:29:26
[step1] 신규 파일: 0개
[publisher] 새 파일 없음 — 종료 (빌드 스킵)

==================================================
[publisher] 시작: 2026-06-19 23:59:26
[step1] 신규 파일: 0개
[publisher] 새 파일 없음 — 종료 (빌드 스킵)

==================================================
[publisher] 시작: 2026-06-20 00:29:26
[step1] 신규 파일: 0개
[publisher] 새 파일 없음 — 종료 (빌드 스킵)

==================================================
[publisher] 시작: 2026-06-20 00:59:27
[step1] 신규 파일: 0개
[publisher] 새 파일 없음 — 종료 (빌드 스킵)

==================================================
[publisher] 시작: 2026-06-20 01:29:27
[step1] 신규 파일: 0개
[publisher] 새 파일 없음 — 종료 (빌드 스킵)

==================================================
[publisher] 시작: 2026-06-20 01:59:27
[step1] 신규 파일: 0개
[publisher] 새 파일 없음 — 종료 (빌드 스킵)

==================================================
[publisher] 시작: 2026-06-20 02:29:28
[step1] 신규 파일: 0개
[publisher] 새 파일 없음 — 종료 (빌드 스킵)

==================================================
[publisher] 시작: 2026-06-20 02:59:28
[step1] 신규 파일: 0개
[publisher] 새 파일 없음 — 종료 (빌드 스킵)

==================================================
[publisher] 시작: 2026-06-20 03:29:28
[step1] 신규 파일: 0개
[publisher] 새 파일 없음 — 종료 (빌드 스킵)

==================================================
[publisher] 시작: 2026-06-20 03:59:29
[step1] 신규 파일: 0개
[publisher] 새 파일 없음 — 종료 (빌드 스킵)

==================================================
[publisher] 시작: 2026-06-20 04:29:29
[step1] 신규 파일: 0개
[publisher] 새 파일 없음 — 종료 (빌드 스킵)

==================================================
[publisher] 시작: 2026-06-20 04:59:30
[step1] 신규 파일: 0개
[publisher] 새 파일 없음 — 종료 (빌드 스킵)

==================================================
[publisher] 시작: 2026-06-20 05:29:30
[step1] 신규 파일: 0개
[publisher] 새 파일 없음 — 종료 (빌드 스킵)

==================================================
[publisher] 시작: 2026-06-20 05:59:30
[step1] 신규 파일: 0개
[publisher] 새 파일 없음 — 종료 (빌드 스킵)

==================================================
[publisher] 시작: 2026-06-20 06:29:31
[step1] 신규 파일: 0개
[publisher] 새 파일 없음 — 종료 (빌드 스킵)

==================================================
[publisher] 시작: 2026-06-20 06:59:31
[step1] 신규 파일: 0개
[publisher] 새 파일 없음 — 종료 (빌드 스킵)

==================================================
[publisher] 시작: 2026-06-20 07:29:31
[step1] 신규 파일: 0개
[publisher] 새 파일 없음 — 종료 (빌드 스킵)

==================================================
[publisher] 시작: 2026-06-20 07:59:32
[step1] 신규 파일: 0개
[publisher] 새 파일 없음 — 종료 (빌드 스킵)

==================================================
[publisher] 시작: 2026-06-20 08:29:32
[step1] 신규 파일: 0개
[publisher] 새 파일 없음 — 종료 (빌드 스킵)

==================================================
[publisher] 시작: 2026-06-20 08:59:33
[step1] 신규 파일: 0개
[publisher] 새 파일 없음 — 종료 (빌드 스킵)

==================================================
[publisher] 시작: 2026-06-20 09:29:33
[step1] 신규 파일: 0개
[publisher] 새 파일 없음 — 종료 (빌드 스킵)

==================================================
[publisher] 시작: 2026-06-20 09:59:34
[step1] 신규 파일: 0개
[publisher] 새 파일 없음 — 종료 (빌드 스킵)

==================================================
[publisher] 시작: 2026-06-20 10:29:34
[step1] 신규 파일: 0개
[publisher] 새 파일 없음 — 종료 (빌드 스킵)

==================================================
[publisher] 시작: 2026-06-20 10:59:34
[step1] 신규 파일: 0개
[publisher] 새 파일 없음 — 종료 (빌드 스킵)

==================================================
[publisher] 시작: 2026-06-20 11:29:35
[step1] 신규 파일: 0개
[publisher] 새 파일 없음 — 종료 (빌드 스킵)

==================================================
[publisher] 시작: 2026-06-20 11:59:35
[step1] 신규 파일: 0개
[publisher] 새 파일 없음 — 종료 (빌드 스킵)

==================================================
[publisher] 시작: 2026-06-20 12:29:36
[step1] 신규 파일: 0개
[publisher] 새 파일 없음 — 종료 (빌드 스킵)

==================================================
[publisher] 시작: 2026-06-20 12:59:36
[step1] 신규 파일: 0개
[publisher] 새 파일 없음 — 종료 (빌드 스킵)

==================================================
[publisher] 시작: 2026-06-20 13:29:37
[step1] 신규 파일: 0개
[publisher] 새 파일 없음 — 종료 (빌드 스킵)

==================================================
[publisher] 시작: 2026-06-20 13:59:37
[step1] 신규 파일: 0개
[publisher] 새 파일 없음 — 종료 (빌드 스킵)

==================================================
[publisher] 시작: 2026-06-20 14:29:37
[step1] 신규 파일: 0개
[publisher] 새 파일 없음 — 종료 (빌드 스킵)

==================================================
[publisher] 시작: 2026-06-20 14:59:38
[step1] 신규 파일: 0개
[publisher] 새 파일 없음 — 종료 (빌드 스킵)

==================================================
[publisher] 시작: 2026-06-20 15:29:38
[step1] 신규 파일: 0개
[publisher] 새 파일 없음 — 종료 (빌드 스킵)

==================================================
[publisher] 시작: 2026-06-20 15:59:39
[step1] 신규 파일: 0개
[publisher] 새 파일 없음 — 종료 (빌드 스킵)

==================================================
[publisher] 시작: 2026-06-20 16:29:39
[step1] 신규 파일: 0개
[publisher] 새 파일 없음 — 종료 (빌드 스킵)

==================================================
[publisher] 시작: 2026-06-20 16:59:39
[step1] 신규 파일: 0개
[publisher] 새 파일 없음 — 종료 (빌드 스킵)

==================================================
[publisher] 시작: 2026-06-20 17:29:40
[step1] 신규 파일: 0개
[publisher] 새 파일 없음 — 종료 (빌드 스킵)

==================================================
[publisher] 시작: 2026-06-20 17:59:40
[step1] 신규 파일: 0개
[publisher] 새 파일 없음 — 종료 (빌드 스킵)

==================================================
[publisher] 시작: 2026-06-20 18:29:40
[step1] 신규 파일: 0개
[publisher] 새 파일 없음 — 종료 (빌드 스킵)

==================================================
[publisher] 시작: 2026-06-20 18:59:41
[step1] 신규 파일: 0개
[publisher] 새 파일 없음 — 종료 (빌드 스킵)

==================================================
[publisher] 시작: 2026-06-20 19:29:41
[step1] 신규 파일: 0개
[publisher] 새 파일 없음 — 종료 (빌드 스킵)

==================================================
[publisher] 시작: 2026-06-20 19:59:41
[step1] 신규 파일: 0개
[publisher] 새 파일 없음 — 종료 (빌드 스킵)

==================================================
[publisher] 시작: 2026-06-20 20:29:42
[step1] 신규 파일: 0개
[publisher] 새 파일 없음 — 종료 (빌드 스킵)

==================================================
[publisher] 시작: 2026-06-20 20:59:42
[step1] 신규 파일: 0개
[publisher] 새 파일 없음 — 종료 (빌드 스킵)

==================================================
[publisher] 시작: 2026-06-20 21:29:42
[step1] 신규 파일: 0개
[publisher] 새 파일 없음 — 종료 (빌드 스킵)

==================================================
[publisher] 시작: 2026-06-20 21:59:43
[step1] 신규 파일: 0개
[publisher] 새 파일 없음 — 종료 (빌드 스킵)

==================================================
[publisher] 시작: 2026-06-20 22:29:43
[step1] 신규 파일: 0개
[publisher] 새 파일 없음 — 종료 (빌드 스킵)

==================================================
[publisher] 시작: 2026-06-20 22:59:44
[step1] 신규 파일: 0개
[publisher] 새 파일 없음 — 종료 (빌드 스킵)

==================================================
[publisher] 시작: 2026-06-20 23:29:44
[step1] 신규 파일: 0개
[publisher] 새 파일 없음 — 종료 (빌드 스킵)

==================================================
[publisher] 시작: 2026-06-20 23:59:45
[step1] 신규 파일: 0개
[publisher] 새 파일 없음 — 종료 (빌드 스킵)

==================================================
[publisher] 시작: 2026-06-21 00:29:45
[step1] 신규 파일: 0개
[publisher] 새 파일 없음 — 종료 (빌드 스킵)

==================================================
[publisher] 시작: 2026-06-21 00:59:46
[step1] 신규 파일: 0개
[publisher] 새 파일 없음 — 종료 (빌드 스킵)

==================================================
[publisher] 시작: 2026-06-21 01:29:46
[step1] 신규 파일: 0개
[publisher] 새 파일 없음 — 종료 (빌드 스킵)

==================================================
[publisher] 시작: 2026-06-21 01:59:46
[step1] 신규 파일: 0개
[publisher] 새 파일 없음 — 종료 (빌드 스킵)

==================================================
[publisher] 시작: 2026-06-21 02:29:47
[step1] 신규 파일: 0개
[publisher] 새 파일 없음 — 종료 (빌드 스킵)

==================================================
[publisher] 시작: 2026-06-21 02:59:47
[step1] 신규 파일: 0개
[publisher] 새 파일 없음 — 종료 (빌드 스킵)

==================================================
[publisher] 시작: 2026-06-21 03:29:48
[step1] 신규 파일: 0개
[publisher] 새 파일 없음 — 종료 (빌드 스킵)

==================================================
[publisher] 시작: 2026-06-21 03:59:48
[step1] 신규 파일: 0개
[publisher] 새 파일 없음 — 종료 (빌드 스킵)

==================================================
[publisher] 시작: 2026-06-21 04:29:48
[step1] 신규 파일: 0개
[publisher] 새 파일 없음 — 종료 (빌드 스킵)

==================================================
[publisher] 시작: 2026-06-21 04:59:49
[step1] 신규 파일: 0개
[publisher] 새 파일 없음 — 종료 (빌드 스킵)

==================================================
[publisher] 시작: 2026-06-21 05:29:49
[step1] 신규 파일: 0개
[publisher] 새 파일 없음 — 종료 (빌드 스킵)

==================================================
[publisher] 시작: 2026-06-21 05:59:49
[step1] 신규 파일: 0개
[publisher] 새 파일 없음 — 종료 (빌드 스킵)

==================================================
[publisher] 시작: 2026-06-21 06:29:50
[step1] 신규 파일: 0개
[publisher] 새 파일 없음 — 종료 (빌드 스킵)

==================================================
[publisher] 시작: 2026-06-21 06:59:50
[step1] 신규 파일: 0개
[publisher] 새 파일 없음 — 종료 (빌드 스킵)

==================================================
[publisher] 시작: 2026-06-21 07:29:50
[step1] 신규 파일: 0개
[publisher] 새 파일 없음 — 종료 (빌드 스킵)

==================================================
[publisher] 시작: 2026-06-21 07:59:51
[step1] 신규 파일: 0개
[publisher] 새 파일 없음 — 종료 (빌드 스킵)

==================================================
[publisher] 시작: 2026-06-21 08:29:51
[step1] 신규 파일: 0개
[publisher] 새 파일 없음 — 종료 (빌드 스킵)

==================================================
[publisher] 시작: 2026-06-21 08:59:52
[step1] 신규 파일: 0개
[publisher] 새 파일 없음 — 종료 (빌드 스킵)

==================================================
[publisher] 시작: 2026-06-21 09:29:52
[step1] 신규 파일: 0개
[publisher] 새 파일 없음 — 종료 (빌드 스킵)

==================================================
[publisher] 시작: 2026-06-21 09:59:53
[step1] 신규 파일: 0개
[publisher] 새 파일 없음 — 종료 (빌드 스킵)

==================================================
[publisher] 시작: 2026-06-21 10:29:53
[step1] 신규 파일: 0개
[publisher] 새 파일 없음 — 종료 (빌드 스킵)

==================================================
[publisher] 시작: 2026-06-21 10:59:53
[step1] 신규 파일: 0개
[publisher] 새 파일 없음 — 종료 (빌드 스킵)

==================================================
[publisher] 시작: 2026-06-21 11:29:54
[step1] 신규 파일: 0개
[publisher] 새 파일 없음 — 종료 (빌드 스킵)

==================================================
[publisher] 시작: 2026-06-21 11:59:54
[step1] 신규 파일: 0개
[publisher] 새 파일 없음 — 종료 (빌드 스킵)

==================================================
[publisher] 시작: 2026-06-21 12:29:55
[step1] 신규 파일: 0개
[publisher] 새 파일 없음 — 종료 (빌드 스킵)

==================================================
[publisher] 시작: 2026-06-21 12:59:55
[step1] 신규 파일: 0개
[publisher] 새 파일 없음 — 종료 (빌드 스킵)

==================================================
[publisher] 시작: 2026-06-21 13:29:56
[step1] 신규 파일: 0개
[publisher] 새 파일 없음 — 종료 (빌드 스킵)

==================================================
[publisher] 시작: 2026-06-21 13:59:56
[step1] 신규 파일: 0개
[publisher] 새 파일 없음 — 종료 (빌드 스킵)

==================================================
[publisher] 시작: 2026-06-21 14:29:56
[step1] 신규 파일: 0개
[publisher] 새 파일 없음 — 종료 (빌드 스킵)

==================================================
[publisher] 시작: 2026-06-21 14:59:57
[step1] 신규 파일: 0개
[publisher] 새 파일 없음 — 종료 (빌드 스킵)

==================================================
[publisher] 시작: 2026-06-21 15:30:00
[step1] 신규 파일: 0개
[publisher] 새 파일 없음 — 종료 (빌드 스킵)

==================================================
[publisher] 시작: 2026-06-21 16:00:01
[step1] 신규 파일: 0개
[publisher] 새 파일 없음 — 종료 (빌드 스킵)

==================================================
[publisher] 시작: 2026-06-21 16:30:01
[step1] 신규 파일: 0개
[publisher] 새 파일 없음 — 종료 (빌드 스킵)

==================================================
[publisher] 시작: 2026-06-21 17:00:02
[step1] 신규 파일: 0개
[publisher] 새 파일 없음 — 종료 (빌드 스킵)

==================================================
[publisher] 시작: 2026-06-21 17:30:02
[step1] 신규 파일: 0개
[publisher] 새 파일 없음 — 종료 (빌드 스킵)

==================================================
[publisher] 시작: 2026-06-21 18:00:02
[step1] 신규 파일: 0개
[publisher] 새 파일 없음 — 종료 (빌드 스킵)

==================================================
[publisher] 시작: 2026-06-21 18:30:03
[step1] 신규 파일: 0개
[publisher] 새 파일 없음 — 종료 (빌드 스킵)

==================================================
[publisher] 시작: 2026-06-21 19:00:03
[step1] 신규 파일: 0개
[publisher] 새 파일 없음 — 종료 (빌드 스킵)

==================================================
[publisher] 시작: 2026-06-21 19:30:04
[step1] 신규 파일: 0개
[publisher] 새 파일 없음 — 종료 (빌드 스킵)

==================================================
[publisher] 시작: 2026-06-21 20:00:04
[step1] 신규 파일: 0개
[publisher] 새 파일 없음 — 종료 (빌드 스킵)

==================================================
[publisher] 시작: 2026-06-21 20:30:05
[step1] 신규 파일: 0개
[publisher] 새 파일 없음 — 종료 (빌드 스킵)

==================================================
[publisher] 시작: 2026-06-21 21:00:05
[step1] 신규 파일: 0개
[publisher] 새 파일 없음 — 종료 (빌드 스킵)

==================================================
[publisher] 시작: 2026-06-21 21:30:06
[step1] 신규 파일: 0개
[publisher] 새 파일 없음 — 종료 (빌드 스킵)

==================================================
[publisher] 시작: 2026-06-21 22:00:06
[step1] 신규 파일: 0개
[publisher] 새 파일 없음 — 종료 (빌드 스킵)

==================================================
[publisher] 시작: 2026-06-21 22:30:07
[step1] 신규 파일: 0개
[publisher] 새 파일 없음 — 종료 (빌드 스킵)

==================================================
[publisher] 시작: 2026-06-21 23:00:07
[step1] 신규 파일: 0개
[publisher] 새 파일 없음 — 종료 (빌드 스킵)

==================================================
[publisher] 시작: 2026-06-21 23:30:08
[step1] 신규 파일: 0개
[publisher] 새 파일 없음 — 종료 (빌드 스킵)

==================================================
[publisher] 시작: 2026-06-22 00:00:08
[step1] 신규 파일: 0개
[publisher] 새 파일 없음 — 종료 (빌드 스킵)

==================================================
[publisher] 시작: 2026-06-22 00:30:09
[step1] 신규 파일: 0개
[publisher] 새 파일 없음 — 종료 (빌드 스킵)

==================================================
[publisher] 시작: 2026-06-22 01:00:09
[step1] 신규 파일: 0개
[publisher] 새 파일 없음 — 종료 (빌드 스킵)

==================================================
[publisher] 시작: 2026-06-22 01:30:10
[step1] 신규 파일: 0개
[publisher] 새 파일 없음 — 종료 (빌드 스킵)

==================================================
[publisher] 시작: 2026-06-22 02:00:10
[step1] 신규 파일: 0개
[publisher] 새 파일 없음 — 종료 (빌드 스킵)

==================================================
[publisher] 시작: 2026-06-22 02:30:10
[step1] 신규 파일: 0개
[publisher] 새 파일 없음 — 종료 (빌드 스킵)

==================================================
[publisher] 시작: 2026-06-22 03:00:11
[step1] 신규 파일: 0개
[publisher] 새 파일 없음 — 종료 (빌드 스킵)

==================================================
[publisher] 시작: 2026-06-22 03:30:11
[step1] 신규 파일: 0개
[publisher] 새 파일 없음 — 종료 (빌드 스킵)

==================================================
[publisher] 시작: 2026-06-22 04:00:12
[step1] 신규 파일: 0개
[publisher] 새 파일 없음 — 종료 (빌드 스킵)

==================================================
[publisher] 시작: 2026-06-22 04:30:12
[step1] 신규 파일: 0개
[publisher] 새 파일 없음 — 종료 (빌드 스킵)

==================================================
[publisher] 시작: 2026-06-22 05:00:12
[step1] 신규 파일: 0개
[publisher] 새 파일 없음 — 종료 (빌드 스킵)

==================================================
[publisher] 시작: 2026-06-22 05:30:13
[step1] 신규 파일: 0개
[publisher] 새 파일 없음 — 종료 (빌드 스킵)

==================================================
[publisher] 시작: 2026-06-22 06:00:13
[step1] 신규 파일: 0개
[publisher] 새 파일 없음 — 종료 (빌드 스킵)

==================================================
[publisher] 시작: 2026-06-22 06:30:13
[step1] 신규 파일: 0개
[publisher] 새 파일 없음 — 종료 (빌드 스킵)

==================================================
[publisher] 시작: 2026-06-22 07:00:14
[step1] 신규 파일: 0개
[publisher] 새 파일 없음 — 종료 (빌드 스킵)

==================================================
[publisher] 시작: 2026-06-22 07:30:14
[step1] 신규 파일: 0개
[publisher] 새 파일 없음 — 종료 (빌드 스킵)

==================================================
[publisher] 시작: 2026-06-22 08:00:14
[step1] 신규 파일: 0개
[publisher] 새 파일 없음 — 종료 (빌드 스킵)

==================================================
[publisher] 시작: 2026-06-22 08:30:15
[step1] 신규 파일: 0개
[publisher] 새 파일 없음 — 종료 (빌드 스킵)

==================================================
[publisher] 시작: 2026-06-22 09:00:15
[step1] 신규 파일: 0개
[publisher] 새 파일 없음 — 종료 (빌드 스킵)

==================================================
[publisher] 시작: 2026-06-22 09:30:16
[step1] 신규 파일: 0개
[publisher] 새 파일 없음 — 종료 (빌드 스킵)

==================================================
[publisher] 시작: 2026-06-22 10:00:16
[step1] 신규 파일: 0개
[publisher] 새 파일 없음 — 종료 (빌드 스킵)

==================================================
[publisher] 시작: 2026-06-22 10:30:16
[step1] 신규 파일: 0개
[publisher] 새 파일 없음 — 종료 (빌드 스킵)

==================================================
[publisher] 시작: 2026-06-22 11:00:17
[step1] 신규 파일: 0개
[publisher] 새 파일 없음 — 종료 (빌드 스킵)

==================================================
[publisher] 시작: 2026-06-22 11:30:17
[step1] 신규 파일: 0개
[publisher] 새 파일 없음 — 종료 (빌드 스킵)

==================================================
[publisher] 시작: 2026-06-22 12:00:17
[step1] 신규 파일: 0개
[publisher] 새 파일 없음 — 종료 (빌드 스킵)
/Users/twinssn/.env.common: line 41: yTO5: command not found

==================================================
[publisher] 시작: 2026-06-22 12:03:17
[step1] 신규 파일: 0개
[publisher] 새 파일 없음 — 종료 (빌드 스킵)
/Users/twinssn/.env.common: line 41: yTO5: command not found

==================================================
[publisher] 시작: 2026-06-22 12:33:17
[step1] 신규 파일: 0개
[publisher] 새 파일 없음 — 종료 (빌드 스킵)
/Users/twinssn/.env.common: line 41: yTO5: command not found

==================================================
[publisher] 시작: 2026-06-22 13:03:17
[step1] 신규 파일: 0개
[publisher] 새 파일 없음 — 종료 (빌드 스킵)
/Users/twinssn/.env.common: line 41: yTO5: command not found

==================================================
[publisher] 시작: 2026-06-22 13:33:18
[step1] 신규 파일: 0개
[publisher] 새 파일 없음 — 종료 (빌드 스킵)
/Users/twinssn/.env.common: line 41: yTO5: command not found

==================================================
[publisher] 시작: 2026-06-22 14:03:18
[step1] 신규 파일: 0개
[publisher] 새 파일 없음 — 종료 (빌드 스킵)
/Users/twinssn/.env.common: line 41: yTO5: command not found

==================================================
[publisher] 시작: 2026-06-22 14:33:19
[step1] 신규 파일: 0개
[publisher] 새 파일 없음 — 종료 (빌드 스킵)
/Users/twinssn/.env.common: line 41: yTO5: command not found

==================================================
[publisher] 시작: 2026-06-22 15:03:19
[step1] 신규 파일: 0개
[publisher] 새 파일 없음 — 종료 (빌드 스킵)
/Users/twinssn/.env.common: line 41: yTO5: command not found

==================================================
[publisher] 시작: 2026-06-22 15:33:19
[step1] 신규 파일: 0개
[publisher] 새 파일 없음 — 종료 (빌드 스킵)
/Users/twinssn/.env.common: line 41: yTO5: command not found

==================================================
[publisher] 시작: 2026-06-22 16:03:20
[step1] 신규 파일: 0개
[publisher] 새 파일 없음 — 종료 (빌드 스킵)
/Users/twinssn/.env.common: line 41: yTO5: command not found

==================================================
[publisher] 시작: 2026-06-22 16:33:20
[step1] 신규 파일: 0개
[publisher] 새 파일 없음 — 종료 (빌드 스킵)
/Users/twinssn/.env.common: line 41: yTO5: command not found

==================================================
[publisher] 시작: 2026-06-22 17:03:21
[step1] 신규 파일: 0개
[publisher] 새 파일 없음 — 종료 (빌드 스킵)
/Users/twinssn/.env.common: line 41: yTO5: command not found

==================================================
[publisher] 시작: 2026-06-22 17:33:21
[step1] 신규 파일: 0개
[publisher] 새 파일 없음 — 종료 (빌드 스킵)
/Users/twinssn/.env.common: line 41: yTO5: command not found

==================================================
[publisher] 시작: 2026-06-22 18:03:21
[step1] 신규 파일: 0개
[publisher] 새 파일 없음 — 종료 (빌드 스킵)
/Users/twinssn/.env.common: line 41: yTO5: command not found

==================================================
[publisher] 시작: 2026-06-22 18:33:22
[step1] 신규 파일: 0개
[publisher] 새 파일 없음 — 종료 (빌드 스킵)
/Users/twinssn/.env.common: line 41: yTO5: command not found

==================================================
[publisher] 시작: 2026-06-22 19:03:22
[step1] 신규 파일: 0개
[publisher] 새 파일 없음 — 종료 (빌드 스킵)
/Users/twinssn/.env.common: line 41: yTO5: command not found

==================================================
[publisher] 시작: 2026-06-22 19:33:23
[step1] 신규 파일: 0개
[publisher] 새 파일 없음 — 종료 (빌드 스킵)
/Users/twinssn/.env.common: line 41: yTO5: command not found

==================================================
[publisher] 시작: 2026-06-22 20:03:23
[step1] 신규 파일: 0개
[publisher] 새 파일 없음 — 종료 (빌드 스킵)
/Users/twinssn/.env.common: line 41: yTO5: command not found

==================================================
[publisher] 시작: 2026-06-22 20:33:23
[step1] 신규 파일: 0개
[publisher] 새 파일 없음 — 종료 (빌드 스킵)
/Users/twinssn/.env.common: line 41: yTO5: command not found

==================================================
[publisher] 시작: 2026-06-22 21:03:24
[step1] 신규 파일: 0개
[publisher] 새 파일 없음 — 종료 (빌드 스킵)
/Users/twinssn/.env.common: line 41: yTO5: command not found

==================================================
[publisher] 시작: 2026-06-22 21:33:24
[step1] 신규 파일: 0개
[publisher] 새 파일 없음 — 종료 (빌드 스킵)
/Users/twinssn/.env.common: line 41: yTO5: command not found

==================================================
[publisher] 시작: 2026-06-22 22:03:37
[step1] 신규 파일: 0개
[publisher] 새 파일 없음 — 종료 (빌드 스킵)
/Users/twinssn/.env.common: line 41: yTO5: command not found

==================================================
[publisher] 시작: 2026-06-22 22:33:38
[step1] 신규 파일: 0개
[publisher] 새 파일 없음 — 종료 (빌드 스킵)
/Users/twinssn/.env.common: line 41: yTO5: command not found

==================================================
[publisher] 시작: 2026-06-22 23:03:39
[step1] 신규 파일: 0개
[publisher] 새 파일 없음 — 종료 (빌드 스킵)
/Users/twinssn/.env.common: line 41: yTO5: command not found

==================================================
[publisher] 시작: 2026-06-22 23:33:39
[step1] 신규 파일: 0개
[publisher] 새 파일 없음 — 종료 (빌드 스킵)
/Users/twinssn/.env.common: line 41: yTO5: command not found

==================================================
[publisher] 시작: 2026-06-23 00:03:40
[step1] 신규 파일: 0개
[publisher] 새 파일 없음 — 종료 (빌드 스킵)
/Users/twinssn/.env.common: line 41: yTO5: command not found

==================================================
[publisher] 시작: 2026-06-23 00:33:40
[step1] 신규 파일: 0개
[publisher] 새 파일 없음 — 종료 (빌드 스킵)
/Users/twinssn/.env.common: line 41: yTO5: command not found

==================================================
[publisher] 시작: 2026-06-23 01:03:40
[step1] 신규 파일: 0개
[publisher] 새 파일 없음 — 종료 (빌드 스킵)
/Users/twinssn/.env.common: line 41: yTO5: command not found

==================================================
[publisher] 시작: 2026-06-23 01:33:41
[step1] 신규 파일: 0개
[publisher] 새 파일 없음 — 종료 (빌드 스킵)
/Users/twinssn/.env.common: line 41: yTO5: command not found

==================================================
[publisher] 시작: 2026-06-23 02:03:41
[step1] 신규 파일: 0개
[publisher] 새 파일 없음 — 종료 (빌드 스킵)
/Users/twinssn/.env.common: line 41: yTO5: command not found

==================================================
[publisher] 시작: 2026-06-23 02:33:41
[step1] 신규 파일: 0개
[publisher] 새 파일 없음 — 종료 (빌드 스킵)
/Users/twinssn/.env.common: line 41: yTO5: command not found

==================================================
[publisher] 시작: 2026-06-23 03:03:42
[step1] 신규 파일: 0개
[publisher] 새 파일 없음 — 종료 (빌드 스킵)
/Users/twinssn/.env.common: line 41: yTO5: command not found

==================================================
[publisher] 시작: 2026-06-23 03:33:42
[step1] 신규 파일: 0개
[publisher] 새 파일 없음 — 종료 (빌드 스킵)
/Users/twinssn/.env.common: line 41: yTO5: command not found

==================================================
[publisher] 시작: 2026-06-23 04:03:43
[step1] 신규 파일: 0개
[publisher] 새 파일 없음 — 종료 (빌드 스킵)
/Users/twinssn/.env.common: line 41: yTO5: command not found

==================================================
[publisher] 시작: 2026-06-23 04:33:43
[step1] 신규 파일: 0개
[publisher] 새 파일 없음 — 종료 (빌드 스킵)
/Users/twinssn/.env.common: line 41: yTO5: command not found

==================================================
[publisher] 시작: 2026-06-23 05:03:43
[step1] 신규 파일: 0개
[publisher] 새 파일 없음 — 종료 (빌드 스킵)
/Users/twinssn/.env.common: line 41: yTO5: command not found

==================================================
[publisher] 시작: 2026-06-23 05:33:44
[step1] 신규 파일: 0개
[publisher] 새 파일 없음 — 종료 (빌드 스킵)
/Users/twinssn/.env.common: line 41: yTO5: command not found

==================================================
[publisher] 시작: 2026-06-23 06:03:44
[step1] 신규 파일: 0개
[publisher] 새 파일 없음 — 종료 (빌드 스킵)
/Users/twinssn/.env.common: line 41: yTO5: command not found

==================================================
[publisher] 시작: 2026-06-23 06:33:44
[step1] 신규 파일: 0개
[publisher] 새 파일 없음 — 종료 (빌드 스킵)
/Users/twinssn/.env.common: line 41: yTO5: command not found

==================================================
[publisher] 시작: 2026-06-23 07:03:45
[step1] 신규 파일: 0개
[publisher] 새 파일 없음 — 종료 (빌드 스킵)
/Users/twinssn/.env.common: line 41: yTO5: command not found

==================================================
[publisher] 시작: 2026-06-23 07:33:45
[step1] 신규 파일: 0개
[publisher] 새 파일 없음 — 종료 (빌드 스킵)
/Users/twinssn/.env.common: line 41: yTO5: command not found

==================================================
[publisher] 시작: 2026-06-23 08:03:45
[step1] 신규 파일: 0개
[publisher] 새 파일 없음 — 종료 (빌드 스킵)
/Users/twinssn/.env.common: line 41: yTO5: command not found

==================================================
[publisher] 시작: 2026-06-23 08:33:46
[step1] 신규 파일: 0개
[publisher] 새 파일 없음 — 종료 (빌드 스킵)
/Users/twinssn/.env.common: line 41: yTO5: command not found

==================================================
[publisher] 시작: 2026-06-23 09:03:46
[step1] 신규 파일: 0개
[publisher] 새 파일 없음 — 종료 (빌드 스킵)
/Users/twinssn/.env.common: line 41: yTO5: command not found

==================================================
[publisher] 시작: 2026-06-23 09:33:47
[step1] 신규 파일: 0개
[publisher] 새 파일 없음 — 종료 (빌드 스킵)
/Users/twinssn/.env.common: line 41: yTO5: command not found

==================================================
[publisher] 시작: 2026-06-23 10:03:47
[step1] 신규 파일: 0개
[publisher] 새 파일 없음 — 종료 (빌드 스킵)
/Users/twinssn/.env.common: line 41: yTO5: command not found

==================================================
[publisher] 시작: 2026-06-23 10:33:47
[step1] 신규 파일: 0개
[publisher] 새 파일 없음 — 종료 (빌드 스킵)
/Users/twinssn/.env.common: line 41: yTO5: command not found

==================================================
[publisher] 시작: 2026-06-23 11:03:48
[step1] 신규 파일: 0개
[publisher] 새 파일 없음 — 종료 (빌드 스킵)
/Users/twinssn/.env.common: line 41: yTO5: command not found

==================================================
[publisher] 시작: 2026-06-23 11:33:48
[step1] 신규 파일: 0개
[publisher] 새 파일 없음 — 종료 (빌드 스킵)
/Users/twinssn/.env.common: line 41: yTO5: command not found

==================================================
[publisher] 시작: 2026-06-23 12:03:49
[step1] 신규 파일: 0개
[publisher] 새 파일 없음 — 종료 (빌드 스킵)
/Users/twinssn/.env.common: line 41: yTO5: command not found

==================================================
[publisher] 시작: 2026-06-23 12:33:49
[step1] 신규 파일: 0개
[publisher] 새 파일 없음 — 종료 (빌드 스킵)
/Users/twinssn/.env.common: line 41: yTO5: command not found

==================================================
[publisher] 시작: 2026-06-23 13:03:50
[step1] 신규 파일: 0개
[publisher] 새 파일 없음 — 종료 (빌드 스킵)
/Users/twinssn/.env.common: line 41: yTO5: command not found

==================================================
[publisher] 시작: 2026-06-23 13:33:50
[step1] 신규 파일: 0개
[publisher] 새 파일 없음 — 종료 (빌드 스킵)
/Users/twinssn/.env.common: line 41: yTO5: command not found

==================================================
[publisher] 시작: 2026-06-23 14:03:50
[step1] 신규 파일: 0개
[publisher] 새 파일 없음 — 종료 (빌드 스킵)
/Users/twinssn/.env.common: line 41: yTO5: command not found

==================================================
[publisher] 시작: 2026-06-23 14:33:51
[step1] 신규 파일: 0개
[publisher] 새 파일 없음 — 종료 (빌드 스킵)
/Users/twinssn/.env.common: line 41: yTO5: command not found

==================================================
[publisher] 시작: 2026-06-23 15:03:51
[step1] 신규 파일: 0개
[publisher] 새 파일 없음 — 종료 (빌드 스킵)
/Users/twinssn/.env.common: line 41: yTO5: command not found

==================================================
[publisher] 시작: 2026-06-23 15:33:51
[step1] 신규 파일: 0개
[publisher] 새 파일 없음 — 종료 (빌드 스킵)
/Users/twinssn/.env.common: line 41: yTO5: command not found

==================================================
[publisher] 시작: 2026-06-23 16:03:52
[step1] 신규 파일: 0개
[publisher] 새 파일 없음 — 종료 (빌드 스킵)
/Users/twinssn/.env.common: line 41: yTO5: command not found

==================================================
[publisher] 시작: 2026-06-23 16:33:52
[step1] 신규 파일: 0개
[publisher] 새 파일 없음 — 종료 (빌드 스킵)
/Users/twinssn/.env.common: line 41: yTO5: command not found

==================================================
[publisher] 시작: 2026-06-23 17:03:52
[step1] 신규 파일: 0개
[publisher] 새 파일 없음 — 종료 (빌드 스킵)
/Users/twinssn/.env.common: line 41: yTO5: command not found

==================================================
[publisher] 시작: 2026-06-23 17:33:53
[step1] 신규 파일: 0개
[publisher] 새 파일 없음 — 종료 (빌드 스킵)
/Users/twinssn/.env.common: line 41: yTO5: command not found

==================================================
[publisher] 시작: 2026-06-23 18:03:53
[step1] 신규 파일: 0개
[publisher] 새 파일 없음 — 종료 (빌드 스킵)
/Users/twinssn/.env.common: line 41: yTO5: command not found

==================================================
[publisher] 시작: 2026-06-23 18:33:53
[step1] 신규 파일: 0개
[publisher] 새 파일 없음 — 종료 (빌드 스킵)
/Users/twinssn/.env.common: line 41: yTO5: command not found

==================================================
[publisher] 시작: 2026-06-23 19:03:54
[step1] 신규 파일: 0개
[publisher] 새 파일 없음 — 종료 (빌드 스킵)
/Users/twinssn/.env.common: line 41: yTO5: command not found

==================================================
[publisher] 시작: 2026-06-23 19:33:54
[step1] 신규 파일: 0개
[publisher] 새 파일 없음 — 종료 (빌드 스킵)
/Users/twinssn/.env.common: line 41: yTO5: command not found

==================================================
[publisher] 시작: 2026-06-23 20:03:54
[step1] 신규 파일: 0개
[publisher] 새 파일 없음 — 종료 (빌드 스킵)
/Users/twinssn/.env.common: line 41: yTO5: command not found

==================================================
[publisher] 시작: 2026-06-23 20:33:55
[step1] 신규 파일: 0개
[publisher] 새 파일 없음 — 종료 (빌드 스킵)
/Users/twinssn/.env.common: line 41: yTO5: command not found

==================================================
[publisher] 시작: 2026-06-23 21:03:55
[step1] 신규 파일: 0개
[publisher] 새 파일 없음 — 종료 (빌드 스킵)
/Users/twinssn/.env.common: line 41: yTO5: command not found

==================================================
[publisher] 시작: 2026-06-23 21:33:56
[step1] 신규 파일: 0개
[publisher] 새 파일 없음 — 종료 (빌드 스킵)
/Users/twinssn/.env.common: line 41: yTO5: command not found

==================================================
[publisher] 시작: 2026-06-23 22:03:56
[step1] 신규 파일: 0개
[publisher] 새 파일 없음 — 종료 (빌드 스킵)
/Users/twinssn/.env.common: line 41: yTO5: command not found

==================================================
[publisher] 시작: 2026-06-23 22:33:56
[step1] 신규 파일: 0개
[publisher] 새 파일 없음 — 종료 (빌드 스킵)
/Users/twinssn/.env.common: line 41: yTO5: command not found

==================================================
[publisher] 시작: 2026-06-23 23:03:57
[step1] 신규 파일: 0개
[publisher] 새 파일 없음 — 종료 (빌드 스킵)
/Users/twinssn/.env.common: line 41: yTO5: command not found

==================================================
[publisher] 시작: 2026-06-23 23:33:57
[step1] 신규 파일: 0개
[publisher] 새 파일 없음 — 종료 (빌드 스킵)
/Users/twinssn/.env.common: line 41: yTO5: command not found

==================================================
[publisher] 시작: 2026-06-24 00:03:58
[step1] 신규 파일: 0개
[publisher] 새 파일 없음 — 종료 (빌드 스킵)
/Users/twinssn/.env.common: line 41: yTO5: command not found

==================================================
[publisher] 시작: 2026-06-24 00:33:58
[step1] 신규 파일: 0개
[publisher] 새 파일 없음 — 종료 (빌드 스킵)
/Users/twinssn/.env.common: line 41: yTO5: command not found

==================================================
[publisher] 시작: 2026-06-24 01:03:59
[step1] 신규 파일: 0개
[publisher] 새 파일 없음 — 종료 (빌드 스킵)
/Users/twinssn/.env.common: line 41: yTO5: command not found

==================================================
[publisher] 시작: 2026-06-24 01:33:59
[step1] 신규 파일: 0개
[publisher] 새 파일 없음 — 종료 (빌드 스킵)
/Users/twinssn/.env.common: line 41: yTO5: command not found

==================================================
[publisher] 시작: 2026-06-24 02:03:59
[step1] 신규 파일: 0개
[publisher] 새 파일 없음 — 종료 (빌드 스킵)
/Users/twinssn/.env.common: line 41: yTO5: command not found

==================================================
[publisher] 시작: 2026-06-24 02:34:00
[step1] 신규 파일: 0개
[publisher] 새 파일 없음 — 종료 (빌드 스킵)
/Users/twinssn/.env.common: line 41: yTO5: command not found

==================================================
[publisher] 시작: 2026-06-24 03:04:00
[step1] 신규 파일: 0개
[publisher] 새 파일 없음 — 종료 (빌드 스킵)
/Users/twinssn/.env.common: line 41: yTO5: command not found

==================================================
[publisher] 시작: 2026-06-24 03:34:01
[step1] 신규 파일: 0개
[publisher] 새 파일 없음 — 종료 (빌드 스킵)
/Users/twinssn/.env.common: line 41: yTO5: command not found

==================================================
[publisher] 시작: 2026-06-24 04:04:01
[step1] 신규 파일: 0개
[publisher] 새 파일 없음 — 종료 (빌드 스킵)
/Users/twinssn/.env.common: line 41: yTO5: command not found

==================================================
[publisher] 시작: 2026-06-24 04:34:01
[step1] 신규 파일: 0개
[publisher] 새 파일 없음 — 종료 (빌드 스킵)
/Users/twinssn/.env.common: line 41: yTO5: command not found

==================================================
[publisher] 시작: 2026-06-24 05:04:02
[step1] 신규 파일: 0개
[publisher] 새 파일 없음 — 종료 (빌드 스킵)
/Users/twinssn/.env.common: line 41: yTO5: command not found

==================================================
[publisher] 시작: 2026-06-24 05:34:02
[step1] 신규 파일: 0개
[publisher] 새 파일 없음 — 종료 (빌드 스킵)
/Users/twinssn/.env.common: line 41: yTO5: command not found

==================================================
[publisher] 시작: 2026-06-24 06:04:02
[step1] 신규 파일: 0개
[publisher] 새 파일 없음 — 종료 (빌드 스킵)
/Users/twinssn/.env.common: line 41: yTO5: command not found

==================================================
[publisher] 시작: 2026-06-24 06:34:03
[step1] 신규 파일: 0개
[publisher] 새 파일 없음 — 종료 (빌드 스킵)
/Users/twinssn/.env.common: line 41: yTO5: command not found

==================================================
[publisher] 시작: 2026-06-24 07:04:03
[step1] 신규 파일: 0개
[publisher] 새 파일 없음 — 종료 (빌드 스킵)
/Users/twinssn/.env.common: line 41: yTO5: command not found

==================================================
[publisher] 시작: 2026-06-24 07:34:03
[step1] 신규 파일: 0개
[publisher] 새 파일 없음 — 종료 (빌드 스킵)
/Users/twinssn/.env.common: line 41: yTO5: command not found

==================================================
[publisher] 시작: 2026-06-24 08:04:04
[step1] 신규 파일: 0개
[publisher] 새 파일 없음 — 종료 (빌드 스킵)
/Users/twinssn/.env.common: line 41: yTO5: command not found

==================================================
[publisher] 시작: 2026-06-24 08:34:04
[step1] 신규 파일: 0개
[publisher] 새 파일 없음 — 종료 (빌드 스킵)
/Users/twinssn/.env.common: line 41: yTO5: command not found

==================================================
[publisher] 시작: 2026-06-24 09:04:05
[step1] 신규 파일: 0개
[publisher] 새 파일 없음 — 종료 (빌드 스킵)
/Users/twinssn/.env.common: line 41: yTO5: command not found

==================================================
[publisher] 시작: 2026-06-24 09:34:05
[step1] 신규 파일: 0개
[publisher] 새 파일 없음 — 종료 (빌드 스킵)
/Users/twinssn/.env.common: line 41: yTO5: command not found

==================================================
[publisher] 시작: 2026-06-24 10:04:05
[step1] 신규 파일: 0개
[publisher] 새 파일 없음 — 종료 (빌드 스킵)
